Date,Value_ger_walk,Value_ger_drive,Value_ger_trans,Value_ind_walk,Value_ind_drive,Value_rus_walk,Value_rus_drive,Value_us_walk,Value_us_drive,Value_us_trans,Value_jap_walk,Value_jap_drive,Value_jap_trans
2020-01-13,100.0,100.0,100.0,100.0,100.0,100.0,100.0,100.0,100.0,100.0,100.0,100.0,100.0
2020-01-14,103.18382352941177,100.8241176470588,100.48277777777776,98.03666666666668,97.01833333333333,103.6425,100.56,101.94078431372549,103.00754716981132,99.7279069767442,100.74574468085106,99.2723404255319,100.25851063829782
2020-01-15,106.45647058823528,102.26470588235294,99.78,100.05999999999999,96.38166666666667,102.9575,101.9925,101.75235294117647,104.36452830188676,98.9632558139535,104.02319148936168,100.09659574468085,101.18744680851064
2020-01-16,109.98411764705881,104.64588235294117,100.43777777777778,101.96666666666665,101.23333333333333,108.3575,104.21749999999999,102.25137254901962,107.98584905660377,99.50186046511628,114.93382978723403,104.99361702127655,108.54638297872347
2020-01-17,123.21117647058821,114.01029411764705,108.33999999999999,110.88833333333332,115.58999999999999,110.8375,108.71000000000001,121.80078431372546,122.74886792452828,105.78581395348841,152.47872340425533,130.3544680851064,133.49553191489363
2020-01-18,139.3164705882353,107.58029411764704,109.015,127.35166666666667,130.17833333333334,110.61500000000001,101.76750000000001,131.8729411764706,115.2715094339623,97.13023255813953,163.11489361702127,138.07893617021273,138.2112765957447
2020-01-19,87.97676470588236,98.80529411764707,102.11888888888888,114.91666666666667,120.34500000000001,97.135,97.775,96.1709803921569,93.0203773584906,82.33162790697676,108.10702127659575,104.3904255319149,105.16638297872342
2020-01-20,99.54352941176471,99.23999999999998,100.08944444444445,108.63,109.99833333333333,108.6975,104.3,98.05078431372547,104.94773584905661,95.92232558139534,106.78446808510638,100.98276595744684,102.66276595744678
2020-01-21,102.05558823529412,101.97794117647058,101.07,109.86999999999999,105.40500000000002,106.60499999999999,106.6375,99.58176470588238,102.94716981132076,101.20348837209302,107.86659574468088,101.04063829787236,102.69000000000001
2020-01-22,101.44147058823532,101.39205882352941,99.19833333333332,107.925,108.28833333333334,103.4625,105.86249999999998,100.02,102.06679245283019,99.61860465116278,102.67829787234042,100.25659574468087,101.65659574468084
2020-01-23,103.885,102.38382352941173,100.23611111111111,105.75166666666667,106.59166666666668,103.63999999999999,105.5275,102.56882352941174,107.13320754716979,100.88767441860469,112.31999999999998,103.7576595744681,106.0712765957447
2020-01-24,117.28499999999997,109.63970588235293,105.9827777777778,114.70333333333333,118.00666666666666,114.4075,111.6525,130.3170588235294,125.31169811320756,109.95395348837208,157.26680851063833,135.55468085106384,136.76617021276596
2020-01-25,134.14235294117645,105.14911764705884,109.81722222222223,132.22666666666666,129.74833333333333,110.15,104.36,142.5311764705882,123.95150943396226,102.2181395348837,164.28106382978726,139.05425531914895,140.03340425531917
2020-01-26,86.25382352941178,97.30941176470589,98.79722222222225,115.24499999999999,118.71,103.46000000000001,100.10749999999999,87.30019607843138,89.93698113207549,79.9774418604651,105.23851063829785,102.91297872340424,103.68297872340422
2020-01-27,99.53000000000002,100.59794117647057,102.62055555555555,111.85000000000001,110.80499999999999,106.77250000000001,103.80000000000001,94.55686274509803,98.10188679245285,98.13488372093022,102.04148936170212,97.89914893617019,99.56234042553194
2020-01-28,99.29735294117644,103.34117647058825,101.48555555555555,110.66166666666665,108.04833333333333,114.1225,108.14250000000001,96.06647058823528,101.42830188679245,97.54976744186045,108.40042553191485,100.36446808510641,101.61404255319148
2020-01-29,101.1505882352941,101.77941176470588,102.03611111111114,117.29166666666667,119.30333333333333,112.82,104.48750000000001,96.6405882352941,102.21792452830191,97.35116279069766,112.3051063829787,101.88553191489365,102.60978723404257
2020-01-30,107.41911764705883,104.44617647058821,101.54388888888889,114.10666666666664,118.98333333333333,108.915,106.38,102.91823529411762,108.02867924528306,100.24558139534886,112.60787234042553,101.78659574468085,103.24425531914893
2020-01-31,126.48470588235293,116.86147058823528,107.67277777777777,121.67166666666667,127.06666666666668,111.03750000000001,108.89250000000001,130.1058823529412,127.40943396226415,109.8420930232558,153.36702127659575,132.07,132.8393617021277
2020-02-01,142.2255882352941,113.47470588235294,112.66611111111112,133.21333333333334,132.78166666666667,106.51750000000001,103.1725,145.3113725490196,125.62433962264146,102.70000000000003,163.48914893617024,140.68553191489363,139.5385106382979
2020-02-02,90.62294117647059,101.465,105.53555555555553,120.00166666666667,118.55000000000001,95.45,97.2925,88.89117647058823,88.73132075471699,80.24511627906978,119.82085106382982,107.41574468085106,109.66936170212767
2020-02-03,104.99705882352939,104.37676470588235,105.27333333333334,111.96166666666666,109.66666666666667,103.215,101.665,94.20137254901964,98.6788679245283,99.2132558139535,122.0246808510638,104.52574468085106,107.37595744680851
2020-02-04,107.94117647058825,108.60705882352941,105.49999999999997,117.59666666666665,115.31833333333333,104.935,104.54500000000002,95.78999999999998,102.12924528301886,98.68790697674419,121.37085106382979,104.95638297872343,108.08936170212768
2020-02-05,109.14058823529412,106.06411764705882,102.1088888888889,111.93,110.24000000000001,102.7075,108.135,96.97372549019607,101.85207547169813,100.31953488372092,118.89914893617022,104.75978723404253,107.52851063829789
2020-02-06,109.54764705882353,103.92205882352944,100.61166666666666,118.69166666666666,116.62166666666667,99.465,107.1875,99.3250980392157,107.44433962264148,101.68069767441861,122.84340425531917,107.27617021276595,111.18978723404256
2020-02-07,127.5720588235294,117.37029411764705,111.56833333333333,129.84166666666667,133.70833333333334,100.1875,108.1475,124.77607843137257,125.3966037735849,109.34325581395349,158.12659574468086,140.6297872340425,141.07595744680853
2020-02-08,150.11411764705878,115.6570588235294,116.23833333333336,138.1833333333333,136.34500000000003,101.4525,97.0675,145.15823529411765,127.26301886792452,104.22441860465113,186.73744680851058,160.53617021276597,174.78893617021276
2020-02-09,81.36176470588236,99.77382352941174,102.23277777777778,126.99166666666666,127.015,90.0025,94.7475,91.29882352941176,95.87377358490566,84.35279069767442,134.81276595744683,124.64489361702131,126.05191489361701
2020-02-10,89.88117647058822,103.12705882352941,106.19777777777777,114.675,110.07666666666667,103.82750000000001,104.51250000000002,97.26176470588234,103.2520754716981,100.27976744186049,150.99574468085106,135.52276595744684,135.7197872340426
2020-02-11,103.84176470588235,106.18852941176472,108.20666666666668,114.75333333333333,112.69999999999999,110.0275,107.75250000000001,100.66803921568629,107.07849056603779,101.19023255813953,128.21425531914892,114.95489361702126,117.51893617021277
2020-02-12,107.29852941176472,107.48882352941176,107.46222222222222,114.36999999999999,119.02499999999999,109.075,107.91499999999999,101.00156862745098,107.57377358490565,101.34023255813953,129.73978723404258,112.31936170212768,115.63936170212769
2020-02-13,109.58058823529412,109.48382352941178,108.81388888888887,117.21666666666665,120.53166666666665,117.345,113.93,110.89588235294119,117.23283018867924,105.80116279069769,134.2827659574468,113.66531914893616,117.00021276595741
2020-02-14,137.77647058823533,123.92911764705883,115.91333333333334,134.44333333333336,145.82000000000002,126.11500000000001,123.8925,153.5313725490196,146.23698113207547,118.12953488372095,163.97787234042556,141.29531914893616,140.17000000000002
2020-02-15,160.1138235294118,120.71411764705879,120.35888888888887,136.04666666666668,140.90666666666667,124.18,110.8275,162.91117647058826,137.93773584905662,108.42953488372093,156.74063829787232,141.16063829787237,139.14617021276598
2020-02-16,92.5814705882353,103.2185294117647,124.64611111111114,125.87666666666667,129.82166666666663,110.8575,105.67499999999998,112.27803921568626,106.62150943396227,90.69697674418605,126.44212765957447,116.93574468085107,118.7336170212766
2020-02-17,109.12088235294117,105.84058823529412,207.60333333333335,114.86,111.32333333333332,115.72749999999999,108.44749999999999,109.31450980392157,113.981320754717,104.97139534883719,128.0521276595745,113.75595744680848,116.23042553191493
2020-02-18,114.3464705882353,106.93117647058823,177.75833333333335,111.13666666666667,110.88166666666666,121.025,112.4125,102.60980392156864,110.11358490566035,104.1511627906977,132.84468085106386,115.33255319148932,116.53276595744678
2020-02-19,107.9317647058823,109.15000000000002,156.1277777777778,113.44666666666667,112.695,121.1125,113.69749999999999,105.91058823529411,111.88037735849053,103.91372093023256,133.7925531914894,116.54404255319149,117.30404255319152
2020-02-20,115.45088235294116,105.87029411764708,155.9755555555556,109.05000000000001,114.62500000000001,124.39999999999999,118.47,110.24549019607844,116.82735849056604,104.53348837209303,138.85276595744682,120.65021276595748,121.28851063829788
2020-02-21,123.59029411764705,117.39647058823532,157.67166666666668,120.485,121.40666666666668,131.1425,130.4325,144.0470588235294,139.7833962264151,117.64255813953484,163.18425531914895,150.92829787234038,146.30936170212763
2020-02-22,141.91823529411772,110.82999999999998,165.40944444444443,131.065,128.42,112.77250000000001,110.8825,169.496862745098,138.94792452830185,111.93860465116278,194.73595744680853,180.81680851063828,167.60063829787242
2020-02-23,85.18617647058825,93.40852941176473,147.00777777777773,120.31333333333332,119.73500000000001,96.07999999999998,86.1325,102.00784313725494,103.06358490566039,88.5667441860465,177.0823404255319,158.13851063829784,149.73765957446813
2020-02-24,113.39147058823528,99.88823529411764,146.61,108.38,110.79166666666667,93.96000000000001,100.705,100.46098039215686,106.57679245283016,101.5272093023256,146.73893617021278,122.31106382978723,122.67787234042551
2020-02-25,104.06882352941179,102.56588235294117,142.08277777777778,111.06666666666666,119.57833333333333,111.625,110.61250000000001,104.59137254901957,110.2656603773585,103.52395348837213,132.59553191489357,112.69574468085106,112.3040425531915
2020-02-26,99.73558823529409,102.09058823529413,137.8238888888889,113.15499999999999,118.75333333333333,116.22999999999999,112.41999999999999,105.26823529411763,112.56509433962262,101.84883720930233,128.1421276595745,111.56765957446812,109.09936170212767
2020-02-27,101.49823529411766,108.3629411764706,140.69166666666666,108.90666666666665,116.195,119.35249999999999,115.5575,113.00117647058826,118.922641509434,104.8167441860465,120.4910638297873,105.84787234042555,103.08680851063829
2020-02-28,118.99029411764707,113.10911764705885,151.835,120.67833333333333,128.27833333333334,116.9825,119.5525,146.34862745098042,142.53226415094338,116.51906976744185,124.65425531914893,115.07638297872337,110.08148936170211
2020-02-29,136.13,109.69441176470589,157.58444444444442,129.00333333333333,133.34833333333333,116.7475,111.825,165.8598039215686,141.90924528301883,112.41558139534881,135.58255319148935,120.14234042553191,114.52595744680848
2020-03-01,93.12558823529413,100.79235294117647,142.52166666666668,118.84500000000001,120.30499999999999,111.59249999999999,107.15,102.36941176470589,104.78584905660377,88.34953488372092,127.39255319148934,108.5308510638298,107.85212765957445
2020-03-02,102.01735294117645,100.8076470588235,139.07777777777778,106.48,105.41166666666668,112.97999999999999,105.875,102.36764705882351,108.37320754716986,100.8232558139535,137.67468085106387,110.24765957446812,109.33234042553191
2020-03-03,105.29588235294116,103.26676470588235,138.05611111111114,105.54833333333333,105.27499999999999,116.41999999999999,111.13499999999999,108.97235294117644,112.85471698113209,102.67511627906978,129.16255319148934,108.8159574468085,107.92829787234045
2020-03-04,103.2120588235294,101.94794117647058,137.03333333333333,105.21666666666665,107.86833333333333,123.52999999999999,114.6525,109.07509803921566,113.41924528301885,101.81023255813952,132.6044680851064,111.6295744680851,109.8344680851064
2020-03-05,102.81117647058825,104.7479411764706,138.33333333333334,103.79833333333333,108.29833333333333,126.3,122.26750000000001,118.03215686274513,121.20679245283023,105.67348837209305,140.31893617021277,115.6023404255319,113.41978723404254
2020-03-06,116.83029411764703,113.33323529411763,146.49555555555557,114.15666666666668,120.27333333333333,127.57,131.415,145.381568627451,142.8156603773585,117.01069767441865,143.01808510638296,129.73255319148936,121.52872340425529
2020-03-07,141.1955882352941,108.82352941176472,154.90777777777777,123.48500000000001,122.83,130.3275,115.0025,165.93,142.06339622641508,112.16744186046516,134.47787234042553,127.35765957446807,118.81382978723404
2020-03-08,91.17676470588235,99.31294117647057,137.37388888888887,106.30333333333333,106.11500000000001,114.05749999999999,92.77000000000001,106.96411764705883,105.88283018867926,88.1260465116279,148.49234042553192,120.73680851063828,118.07063829787232
2020-03-09,97.92617647058823,98.39911764705883,134.06555555555556,91.31666666666666,91.46,116.325,110.0925,108.58745098039213,111.4016981132075,102.50651162790695,134.74191489361704,115.81659574468084,114.07340425531916
2020-03-10,95.80794117647062,99.9370588235294,129.7588888888889,92.34500000000001,91.00333333333333,120.59,110.98,109.38196078431373,113.30698113207546,100.99139534883722,154.38978723404253,123.77170212765958,122.1268085106383
2020-03-11,97.83382352941176,97.06088235294118,120.84944444444442,96.20833333333333,101.69833333333334,112.345,111.39250000000001,109.12862745098039,113.56132075471699,97.12116279069768,166.86021276595744,127.77063829787235,125.54148936170212
2020-03-12,91.3455882352941,89.21647058823527,107.81055555555557,96.53833333333334,99.57666666666667,119.31,113.58000000000001,106.11705882352943,112.29716981132079,91.98395348837211,157.44553191489362,124.96234042553192,121.97212765957445
2020-03-13,88.86000000000003,85.81941176470588,95.72611111111111,99.04333333333334,102.04,124.17750000000001,115.9675,116.49764705882352,122.39452830188681,91.62232558139536,144.39468085106384,136.26000000000002,125.56914893617021
2020-03-14,96.52176470588238,75.9085294117647,92.90166666666666,100.82000000000001,105.23,119.9,106.6525,115.20607843137257,108.54698113207544,80.73511627906976,153.7785106382979,146.01744680851064,131.59382978723406
2020-03-15,73.85294117647061,68.66000000000001,80.14222222222223,88.62,90.22333333333334,96.68,96.35499999999999,75.15333333333332,81.66943396226414,65.6432558139535,145.48531914893618,127.02382978723402,121.98212765957445
2020-03-16,73.23058823529414,68.47588235294118,71.72611111111111,82.18166666666666,81.43666666666667,97.15500000000002,98.7575,79.77411764705882,86.75169811320755,69.92186046511625,160.53914893617022,128.31106382978726,125.29914893617024
2020-03-17,63.83323529411763,63.23970588235294,63.612777777777765,75.11166666666666,74.82333333333334,97.6525,100.23,74.71235294117645,80.81169811320753,63.218372093023255,166.15106382978723,131.54297872340422,127.88276595744681
2020-03-18,59.56588235294117,58.7335294117647,55.707777777777764,71.69833333333334,71.97333333333334,87.275,94.4975,70.14803921568625,76.89735849056605,58.47279069767442,169.19425531914897,135.63085106382977,131.16000000000003
2020-03-19,53.282352941176484,53.86029411764706,49.705555555555556,61.685,61.951666666666675,91.11999999999999,96.6425,65.59274509803923,73.3401886792453,54.94255813953487,167.94234042553194,164.77170212765958,145.57744680851067
2020-03-20,45.47735294117646,49.68352941176472,44.31444444444445,53.56333333333333,56.870000000000005,90.19749999999999,97.795,71.90450980392157,79.741320754717,55.933953488372076,183.67425531914898,177.99659574468086,153.72851063829788
2020-03-21,35.95617647058823,36.19735294117647,37.18666666666665,36.468333333333334,38.18,82.98,83.08500000000001,62.751764705882366,68.63811320754716,48.583488372093015,166.52765957446806,160.8802127659575,141.473829787234
2020-03-22,41.972941176470584,37.88029411764706,40.718333333333334,26.373333333333335,27.348333333333333,78.005,81.67750000000001,47.90980392156862,51.80547169811321,40.36325581395348,164.8382978723404,136.34510638297874,130.3346808510638
2020-03-23,43.22941176470588,43.87588235294119,43.11055555555555,31.41,32.986666666666665,83.39999999999999,88.7525,55.88980392156863,59.868867924528324,45.87697674418605,164.91468085106388,133.68319148936175,129.73234042553193
2020-03-24,44.78176470588235,44.29823529411765,42.41666666666667,22.224999999999998,19.758333333333336,78.56,87.665,57.018431372549024,59.45132075471699,45.251395348837214,174.30978723404257,138.94851063829788,133.7617021276596
2020-03-25,45.14147058823529,45.243823529411756,42.666666666666664,22.535,17.63,83.2175,87.2975,57.23470588235295,59.53603773584906,44.90953488372092,172.83319148936175,138.33936170212766,132.21255319148938
2020-03-26,46.39029411764706,46.90029411764705,42.38111111111112,23.02,16.18166666666667,81.0675,87.35750000000002,60.81333333333332,61.478113207547175,44.50232558139535,151.34191489361706,129.89617021276598,124.43127659574469
2020-03-27,52.75794117647059,48.093823529411765,43.27222222222222,25.486666666666665,16.381666666666664,83.11250000000001,96.215,65.7021568627451,67.06150943396226,47.22302325581395,143.41553191489362,136.7578723404255,123.86191489361701
2020-03-28,57.59411764705882,43.5020588235294,43.71277777777778,24.87,16.315,56.2875,61.9625,55.63411764705884,57.667169811320754,42.32162790697674,139.55851063829792,133.9972340425532,120.2263829787234
2020-03-29,34.273529411764706,40.011764705882364,40.59277777777778,23.013333333333332,16.426666666666666,47.135000000000005,51.857499999999995,46.88176470588235,46.90698113207549,37.719302325581396,149.8363829787234,123.88170212765957,118.24191489361704
2020-03-30,44.34647058823529,48.934117647058834,44.6911111111111,21.076666666666664,15.674999999999999,39.8975,47.03000000000001,57.60411764705882,57.30962264150945,43.68348837209304,146.88276595744674,114.22851063829789,110.24829787234044
2020-03-31,49.01529411764706,51.39794117647059,47.69833333333333,19.725,14.54,34.067499999999995,41.2725,57.407843137254915,58.40735849056601,42.89069767441861,132.83106382978727,106.16042553191491,107.21723404255317
2020-04-01,51.69911764705882,51.69764705882352,45.71777777777778,18.473333333333333,14.985,26.43,34.089999999999996,59.38372549019609,59.29471698113208,42.5713953488372,138.99595744680855,105.8657446808511,106.28893617021276
2020-04-02,52.00558823529411,52.12411764705883,45.87833333333334,18.813333333333333,14.94,27.74,33.66,57.52078431372547,58.73150943396228,41.29744186046513,141.26425531914896,106.05382978723404,105.19340425531914
2020-04-03,48.435,49.515882352941176,43.69611111111111,19.233333333333334,14.393333333333333,31.189999999999998,35.315,61.7670588235294,64.1281132075472,41.95348837209303,137.89702127659578,115.71744680851064,107.68063829787235
2020-04-04,57.47588235294118,44.76058823529411,45.47888888888889,18.326666666666664,14.305,30.6,32.6625,57.62254901960783,57.209056603773575,39.02162790697675,122.7768085106383,109.01106382978722,99.98893617021278
2020-04-05,73.17,51.594411764705875,55.65833333333333,19.636666666666667,13.593333333333334,27.2525,33.957499999999996,49.392352941176476,46.77150943396227,36.3579069767442,124.45446808510636,96.9612765957447,95.55680851063828
2020-04-06,65.87352941176471,56.91823529411765,55.06055555555555,17.796666666666667,14.113333333333332,31.512500000000003,38.99,61.51176470588235,58.83849056603772,42.938604651162784,124.31404255319146,92.80340425531914,90.96659574468084
2020-04-07,66.63735294117646,58.45735294117645,55.98666666666667,18.09,14.270000000000001,38.5875,43.0825,63.82411764705883,60.673584905660384,43.24930232558138,120.48829787234044,89.73170212765959,87.78106382978721
2020-04-08,67.97735294117649,59.89705882352941,55.45111111111112,20.926666666666666,15.136666666666665,37.015,42.544999999999995,62.942745098039204,61.40245283018868,42.96023255813954,110.52468085106385,85.54446808510639,82.85021276595745
2020-04-09,65.66117647058823,56.9570588235294,54.05333333333333,19.11,14.35,35.985,43.355000000000004,60.17784313725489,62.27188679245285,42.26697674418605,103.89085106382979,83.08489361702128,79.34106382978725
2020-04-10,71.20588235294116,48.24264705882353,55.684444444444445,18.241666666666667,14.196666666666667,40.6575,44.834999999999994,67.98156862745097,69.48188679245283,42.97744186046511,103.24553191489359,90.98276595744682,82.20212765957447
2020-04-11,65.79117647058824,48.19382352941176,50.46777777777779,23.02,14.25,35.64,38.1825,62.29549019607845,61.78716981132075,39.90093023255814,80.38510638297873,74.12468085106384,67.98574468085108
2020-04-12,64.32705882352943,42.66970588235295,52.62888888888889,20.65666666666667,14.451666666666668,33.605000000000004,38.9675,40.22450980392156,39.72641509433962,30.949302325581392,74.02042553191491,71.53446808510637,68.7423404255319
2020-04-13,52.4105882352941,50.27294117647059,54.644999999999996,19.353333333333335,14.568333333333333,39.3175,45.4525,54.17117647058825,58.81528301886792,40.373255813953485,90.63361702127659,76.50680851063827,70.88170212765958
2020-04-14,55.87588235294119,59.042058823529416,56.254999999999995,21.429999999999996,15.398333333333332,37.89,47.965,59.97784313725491,64.1254716981132,41.41953488372093,96.65744680851066,79.7687234042553,73.06255319148937
2020-04-15,64.2805882352941,60.997352941176466,59.516666666666666,21.968333333333334,15.284999999999998,35.8675,44.650000000000006,63.24235294117647,68.18943396226413,41.156511627906966,94.28957446808509,79.40957446808511,72.02042553191491
2020-04-16,68.70294117647059,62.860294117647044,61.12944444444445,20.505,14.961666666666666,35.3325,45.245000000000005,63.530000000000015,69.32849056603771,41.53534883720929,85.61361702127657,74.65531914893613,67.7495744680851
2020-04-17,68.50647058823529,61.99529411764706,59.059999999999995,20.715,15.158333333333331,37.5525,46.29,69.79372549019608,77.16509433962264,43.8006976744186,71.26127659574469,70.63531914893616,63.14638297872339
2020-04-18,67.83970588235294,54.556764705882344,58.66555555555556,19.889999999999997,15.023333333333333,33.14,38.16499999999999,65.73823529411762,71.42226415094339,42.00511627906978,80.74170212765958,71.90510638297872,63.68127659574468
2020-04-19,74.15205882352939,59.89617647058826,64.42777777777778,20.599999999999998,15.011666666666665,29.585,35.32,56.798823529411784,58.291698113207545,38.31255813953487,72.14765957446807,68.30659574468083,61.93319148936168
2020-04-20,68.05235294117647,65.0085294117647,63.42055555555555,21.42833333333333,16.078333333333333,37.975,46.1275,69.49666666666667,71.40113207547168,45.472325581395346,81.89212765957447,70.00340425531914,63.55510638297874
2020-04-21,67.76970588235294,66.26088235294117,60.77777777777778,20.174999999999997,15.543333333333331,41.2475,48.47,66.94254901960782,71.21867924528304,44.80255813953489,78.46765957446806,69.89361702127661,62.74914893617022
2020-04-22,69.53941176470592,67.62911764705882,62.41555555555557,19.738333333333333,14.594999999999999,41.2925,48.58,67.49921568627451,72.73132075471699,43.645581395348835,74.58021276595744,69.05000000000001,60.53319148936171
2020-04-23,72.8435294117647,68.40205882352942,62.16555555555554,20.77166666666667,15.283333333333331,39.732499999999995,47.1625,67.92999999999999,74.38433962264153,43.97883720930232,73.86297872340424,69.34531914893618,61.13212765957447
2020-04-24,68.67441176470588,65.63117647058823,58.123333333333335,19.935,15.723333333333331,41.6275,47.96,75.39137254901961,83.22622641509432,46.816976744186036,81.41510638297875,75.24319148936169,65.44553191489362
2020-04-25,71.27764705882353,59.79705882352941,59.32055555555556,20.063333333333336,14.485,38.3575,42.4775,74.54392156862747,79.62924528301886,45.189534883720924,74.52446808510636,67.68744680851064,59.189574468085105
2020-04-26,78.93823529411765,64.5835294117647,68.59166666666667,19.765,14.42,36.615,42.502500000000005,57.886274509803926,62.72584905660377,40.54186046511628,76.39574468085104,68.51936170212765,61.022127659574494
2020-04-27,71.10705882352943,68.52882352941177,65.31611111111111,19.655,14.968333333333334,40.4075,49.30500000000001,70.34137254901962,74.84490566037735,46.7806976744186,78.02234042553192,69.9995744680851,61.99170212765958
2020-04-28,61.43764705882353,67.70882352941177,62.72611111111111,22.936666666666667,15.009999999999998,44.09,52.199999999999996,72.48411764705881,77.85056603773585,46.73930232558139,80.37191489361702,69.36489361702128,61.10829787234044
2020-04-29,61.339999999999996,69.77235294117646,62.01277777777779,22.208333333333332,15.834999999999999,45.817499999999995,55.7325,74.36627450980392,79.49056603773583,47.325348837209305,82.94042553191491,71.93212765957446,63.14978723404256
2020-04-30,61.803823529411765,69.0779411764706,59.74499999999999,21.026666666666667,16.49,49.519999999999996,60.447500000000005,76.01529411764704,82.9632075471698,47.95837209302328,84.4372340425532,74.31765957446807,65.6987234042553
2020-05-01,59.19205882352941,59.705294117647064,58.95333333333334,22.191666666666663,16.871666666666666,42.22,48.485,91.06392156862748,97.35943396226415,52.70953488372095,86.67744680851067,78.72702127659575,67.99468085106383
2020-05-02,59.63058823529411,63.38970588235294,59.64,22.299999999999997,17.596666666666668,42.1175,44.3275,88.40490196078436,92.08811320754717,52.48697674418606,75.0259574468085,71.49468085106386,62.10361702127659
2020-05-03,73.61764705882354,69.41941176470587,73.05333333333333,26.685000000000002,19.558333333333334,39.1025,42.147499999999994,69.75960784313725,74.40811320754716,46.66232558139536,75.83127659574467,72.77978723404254,63.18021276595744
2020-05-04,68.93470588235294,74.46852941176472,72.76055555555556,27.523333333333337,22.22,43.9175,46.84499999999999,80.07686274509804,84.57905660377357,51.65837209302325,83.1395744680851,78.50617021276595,67.44936170212763
2020-05-05,73.8791176470588,75.93117647058821,73.85500000000002,27.793333333333337,22.333333333333332,47.092499999999994,52.135000000000005,83.14117647058822,87.81471698113212,51.444883720930235,68.14255319148937,66.75574468085108,58.75361702127659
2020-05-06,77.47000000000001,77.6408823529412,73.61333333333334,26.319999999999997,23.39333333333333,49.834999999999994,54.4525,83.4750980392157,89.13849056603769,50.94697674418603,79.75808510638296,70.67361702127657,64.09148936170212
2020-05-07,80.76529411764704,80.23264705882353,75.77166666666666,27.25833333333333,23.779999999999998,49.635,55.75,87.50117647058825,93.39301886792454,52.45651162790699,85.48914893617021,75.47148936170215,67.77468085106386
2020-05-08,85.37147058823528,83.32088235294115,76.20888888888891,29.848333333333333,25.385,49.24999999999999,56.3625,95.77117647058822,104.43622641509432,53.57186046511626,82.77510638297872,76.45978723404255,68.01957446808512
2020-05-09,85.70676470588236,76.4602941176471,71.07111111111111,28.37166666666667,24.418333333333337,39.2775,42.697500000000005,93.56450980392158,100.87226415094337,52.36930232558139,69.06978723404254,69.24574468085106,62.20468085106383
2020-05-10,67.4879411764706,74.98705882352942,74.54000000000002,27.935,24.561666666666664,43.9225,46.175000000000004,67.08176470588234,75.98603773584905,43.63255813953487,78.16723404255318,71.90106382978725,66.77872340425533
2020-05-13,74.65411764705881,83.58176470588235,77.565,30.444999999999997,26.185000000000002,56.7125,64.1075,97.58000000000004,99.73283018867924,52.299767441860475,79.34382978723403,73.18851063829787,70.7487234042553
2020-05-14,79.09029411764705,86.03676470588236,79.075,31.35666666666667,26.569999999999997,56.53,63.6375,103.50019607843142,104.88283018867928,54.15558139534884,80.24340425531913,73.67148936170214,72.76744680851063
2020-05-15,84.5679411764706,90.56205882352941,78.91611111111109,31.348333333333333,28.369999999999994,58.555,66.2975,120.93392156862741,120.64622641509432,58.012325581395345,71.54574468085107,75.71234042553192,74.94617021276595
2020-05-16,92.17970588235296,85.19411764705883,80.82166666666666,31.088333333333335,28.34333333333333,51.7125,57.76,116.5149019607843,115.83716981132075,56.19744186046513,85.32340425531918,83.4640425531915,82.11425531914895
2020-05-17,88.83794117647058,88.22823529411767,89.72555555555554,31.960000000000004,28.290000000000003,51.802499999999995,57.167500000000004,89.84607843137255,92.77547169811324,49.75953488372092,75.09893617021274,72.89893617021278,75.11042553191487
2020-05-18,91.49088235294118,93.9164705882353,91.6222222222222,32.74333333333333,29.64,57.394999999999996,64.66,106.18039215686271,105.7107547169811,56.0688372093023,70.63340425531914,71.041914893617,73.09191489361703
2020-05-19,94.59205882352938,96.06852941176469,92.18166666666666,32.85,30.675,60.245000000000005,67.80749999999999,111.23764705882353,110.4624528301887,56.22581395348837,77.31191489361703,74.21425531914893,76.58340425531914
2020-05-20,97.69558823529412,103.93,90.19722222222222,36.88,30.69666666666667,59.902499999999996,67.765,115.0798039215686,113.68113207547172,56.781860465116274,78.5540425531915,75.27212765957445,77.40361702127662
2020-05-21,116.76617647058823,96.85352941176471,100.06,34.894999999999996,31.629999999999995,54.375,65.4575,119.0298039215686,120.84547169811322,58.14511627906978,82.47340425531915,78.83063829787235,81.75553191489361
2020-05-22,103.35617647058824,99.4414705882353,89.69,34.34666666666667,33.13,58.3375,70.11,136.98000000000002,140.34584905660378,65.9560465116279,97.65106382978725,96.46042553191488,96.51127659574468
2020-05-23,89.25029411764706,89.28117647058825,84.26666666666667,33.94833333333333,31.903333333333332,62.5175,65.0425,129.15843137254905,128.69018867924524,63.34395348837208,100.3406382978723,101.87702127659576,100.45127659574469
2020-05-24,77.8379411764706,95.89558823529413,92.54333333333334,34.03666666666667,29.61,61.777499999999996,65.315,106.14568627450979,107.2111320754717,56.02279069767442,85.12829787234041,81.96234042553192,85.66446808510638
2020-05-25,93.81088235294116,99.91176470588232,99.32611111111109,36.525,33.73,66.5925,73.22,98.4256862745098,105.03452830188681,57.72418604651161,82.51914893617024,80.12425531914894,84.3468085106383
2020-05-26,100.8405882352941,101.04823529411762,98.34222222222223,40.0,35.38333333333333,76.0,77.8125,120.75294117647059,118.53377358490565,62.575581395348834,83.15489361702126,80.95510638297873,84.79340425531916
2020-05-27,102.46000000000001,103.79441176470587,101.21222222222221,37.07666666666666,34.615,77.3775,80.62,124.17411764705885,121.57773584905658,62.08511627906977,85.68957446808511,84.29744680851064,87.18787234042553
2020-05-28,106.88823529411764,109.48441176470588,101.8,37.75333333333334,35.24,76.63,80.4425,125.44470588235293,124.82094339622644,62.81418604651162,89.23510638297871,86.77148936170214,90.67723404255321
2020-05-29,115.68676470588238,124.92235294117646,104.53277777777778,40.458333333333336,37.17666666666667,69.6275,86.3025,144.91784313725492,142.2462264150943,67.06372093023258,109.53361702127657,109.77872340425533,109.9259574468085
2020-05-30,131.25294117647059,111.31529411764708,104.01833333333332,37.485,38.47166666666667,74.56,77.10499999999999,142.81274509803927,136.88415094339626,65.4546511627907,100.66170212765957,104.34851063829785,104.83297872340427
2020-05-31,116.55264705882354,104.71117647058827,102.77166666666668,39.184999999999995,38.035,66.2675,74.63,109.14764705882354,110.78056603773582,56.840465116279056,84.85382978723403,83.17212765957449,90.26914893617023
2020-06-01,129.10205882352943,128.1758823529412,124.34055555555557,41.84,39.171666666666674,77.56,83.23,127.54176470588236,121.84679245283017,63.15186046511627,85.9412765957447,83.93425531914892,89.70404255319147
2020-06-02,122.11382352941176,118.93529411764706,119.0538888888889,40.39,39.775000000000006,77.1925,84.8625,129.2986274509804,123.11207547169813,63.12441860465116,88.48297872340427,86.05531914893619,91.49851063829786
2020-06-03,111.5573529411765,112.92529411764703,114.6277777777778,40.041666666666664,38.27166666666667,82.85749999999999,87.2075,128.85156862745097,125.53245283018866,65.03418604651164,86.71319148936168,86.92042553191489,92.0931914893617
2020-06-04,101.83058823529412,111.04617647058824,108.52333333333333,40.98333333333333,39.53333333333334,75.73,86.505,135.4123529411765,133.61830188679247,67.71186046511627,91.36765957446808,92.30297872340425,97.60702127659575
2020-06-05,106.40735294117646,115.15676470588234,109.56166666666667,45.04833333333334,42.96166666666667,83.1425,94.47500000000001,154.83784313725488,151.7767924528302,73.10627906976744,117.86319148936171,118.70829787234047,121.66297872340425
2020-06-06,121.30470588235296,110.42323529411766,110.43944444444445,46.56666666666667,44.98833333333334,81.835,83.1425,153.50764705882352,147.15566037735846,72.6813953488372,119.84021276595745,126.77553191489365,127.06382978723406
2020-06-07,96.37647058823529,108.59058823529412,111.28833333333334,43.95166666666666,44.525000000000006,83.87,85.7925,113.82058823529412,120.50150943396227,62.641860465116274,92.47489361702127,96.26893617021275,101.58404255319151
2020-06-08,112.11058823529413,112.01705882352942,115.71222222222224,45.946666666666665,46.35666666666666,97.36749999999999,97.7825,130.9786274509804,129.90169811320752,69.50720930232558,89.89276595744681,91.72000000000003,96.87276595744682
2020-06-09,110.92558823529413,113.9735294117647,115.64777777777779,46.88833333333334,46.85833333333333,97.41,102.5025,131.8901960784313,132.18075471698114,68.77604651162791,90.1640425531915,91.5225531914894,97.12255319148935
2020-06-10,112.93,119.20499999999997,112.17333333333333,45.403333333333336,47.445,101.0775,106.51750000000001,136.46823529411762,135.99056603773582,69.88279069767442,81.60851063829787,88.29170212765956,94.84404255319147
2020-06-11,119.09794117647058,120.17647058823528,119.11666666666666,47.28,46.405,100.7225,119.19749999999999,141.5870588235294,142.70433962264153,71.21697674418603,86.4331914893617,93.85978723404257,99.8248936170213
2020-06-12,149.8123529411765,130.4785294117647,126.50833333333331,49.333333333333336,48.51499999999999,91.33749999999999,95.27749999999999,169.72176470588238,166.85169811320756,79.13348837209301,107.49893617021276,117.39680851063831,121.64276595744681
2020-06-13,129.86235294117645,113.18176470588237,115.77666666666667,46.946666666666665,51.12666666666667,86.5325,86.2675,169.20764705882354,162.23962264150944,75.92162790697675,104.40021276595742,115.95765957446805,119.52744680851063
2020-06-14,92.22411764705883,117.24411764705886,119.6161111111111,46.70666666666667,45.99666666666666,93.57750000000001,99.64,122.57137254901961,131.71905660377362,66.09395348837207,87.33787234042553,95.5659574468085,101.13382978723402
2020-06-15,111.00676470588235,115.71764705882353,123.98944444444442,50.71999999999999,46.64333333333334,110.655,112.02250000000001,138.98568627450976,139.0756603773585,71.74372093023257,90.89021276595747,96.07468085106383,101.6485106382979
2020-06-16,113.76441176470591,116.42970588235292,124.08944444444445,47.77333333333334,45.77166666666667,113.72,118.965,142.42823529411766,141.8922641509434,71.86511627906977,94.6710638297872,98.48000000000003,104.17659574468084
2020-06-17,113.4714705882353,117.99352941176471,121.9233333333333,48.21666666666667,47.63333333333333,117.6825,116.8125,144.09823529411764,144.42849056603777,71.61767441860462,88.93276595744682,95.8263829787234,101.72851063829786
2020-06-18,115.17647058823528,121.4564705882353,121.43111111111112,46.86166666666667,45.10166666666667,110.8725,120.485,149.37960784313722,151.70981132075474,73.60534883720929,88.21659574468084,99.43276595744682,106.4336170212766
2020-06-19,124.60647058823531,129.69911764705884,123.32444444444442,48.12166666666667,45.403333333333336,111.8475,121.8625,177.60705882352943,175.3201886792453,80.32999999999998,132.1812765957447,138.58021276595747,141.6244680851064
2020-06-20,139.08499999999998,121.23352941176472,125.14277777777777,40.035,40.666666666666664,100.3625,102.1925,172.77470588235292,168.10584905660383,78.23023255813953,139.35957446808513,149.2704255319149,148.70595744680847
2020-06-21,114.48647058823529,121.79411764705883,128.18,42.76166666666666,41.598333333333336,100.705,103.2125,116.65196078431369,127.84358490566039,64.34790697674417,95.1795744680851,105.75702127659576,110.5891489361702
2020-06-22,120.74823529411769,119.61147058823529,134.7111111111111,51.879999999999995,47.41166666666667,125.85249999999999,120.4425,143.50450980392154,144.39679245283023,75.07372093023255,95.20446808510637,101.57340425531915,107.57765957446806
2020-06-23,128.05147058823533,124.53264705882354,139.44888888888892,50.22,48.13499999999999,124.14999999999999,129.16,152.3019607843137,149.47471698113208,75.35627906976744,96.74404255319146,102.16468085106386,110.19021276595744
2020-06-24,126.34499999999998,125.60029411764705,137.09166666666667,50.583333333333336,47.355,118.6925,119.0675,156.77862745098042,153.0366037735849,76.1553488372093,94.06638297872342,99.8310638297872,108.73297872340427
2020-06-25,126.46147058823529,128.62117647058827,138.91999999999996,47.95666666666667,45.9,128.70499999999998,129.33499999999998,166.05411764705883,161.61283018867928,78.11930232558137,96.26,103.59446808510637,112.58106382978723
2020-06-26,137.04235294117646,141.04794117647057,141.37166666666667,49.458333333333336,47.94,128.55,139.6975,188.46411764705883,183.12962264150946,83.83116279069766,134.7472340425532,139.77723404255318,148.10638297872342
2020-06-27,140.6285294117647,125.67558823529413,132.46166666666667,46.833333333333336,49.26666666666667,114.7225,115.79249999999999,185.8045098039216,177.31981132075467,80.05930232558141,133.36021276595747,139.9936170212766,146.75957446808508
2020-06-28,105.47411764705882,124.69176470588233,131.64888888888885,47.70666666666667,48.31833333333333,108.8425,114.2375,135.1762745098039,143.82830188679242,70.43534883720932,99.12723404255318,105.6063829787234,113.89765957446808
2020-06-29,121.71176470588237,126.1802941176471,138.36944444444444,47.63333333333333,47.92666666666667,127.4425,126.815,150.85215686274512,150.25773584905662,75.34697674418607,88.5031914893617,95.71127659574466,105.92978723404255
2020-06-30,127.92352941176472,129.39264705882354,140.85777777777776,46.595,46.37166666666667,130.7825,132.4625,155.1613725490196,153.11924528301884,75.66348837209303,92.79212765957448,97.07744680851064,106.30191489361701
2020-07-01,127.00647058823527,131.41823529411766,142.04222222222222,50.43666666666666,46.60833333333333,125.0,125.8225,162.03470588235294,160.94547169811315,77.41930232558141,98.6304255319149,102.04382978723405,111.39978723404255
2020-07-02,128.46058823529413,132.27911764705885,141.64777777777778,43.75666666666666,44.61333333333334,131.27249999999998,134.59,172.63549019607842,176.75113207547173,81.6279069767442,100.37765957446807,104.15829787234041,114.8023404255319
2020-07-03,147.53941176470593,144.89882352941174,149.21444444444444,51.93166666666667,46.31,129.805,147.385,185.14705882352945,178.90716981132078,82.08023255813954,118.86638297872341,127.16765957446806,137.35425531914893
2020-07-04,157.13735294117646,136.08205882352942,144.83,42.583333333333336,44.504999999999995,118.8725,119.6075,159.07686274509805,143.87188679245284,70.45651162790696,128.43255319148935,134.511914893617,142.07106382978725
2020-07-05,116.23117647058825,132.79852941176472,144.9688888888889,44.64833333333333,43.97333333333333,134.2075,142.3425,131.88254901960784,145.3724528301887,70.41116279069769,91.21361702127662,103.99063829787235,114.52893617021276
2020-07-06,129.77705882352942,132.61794117647057,145.765,47.975,47.30666666666667,154.20499999999998,150.07000000000002,156.30039215686273,156.34924528301886,77.95744186046512,86.77042553191488,101.26978723404254,110.6825531914894
2020-07-07,137.6873529411765,132.78323529411762,146.39944444444444,49.34166666666667,46.38666666666666,143.5775,144.76749999999998,158.14333333333332,155.0260377358491,76.80279069767442,92.45659574468083,102.49,112.01829787234044
2020-07-08,130.34617647058823,132.65176470588239,142.8205555555556,50.298333333333325,47.294999999999995,136.125,139.45999999999998,159.00960784313725,157.2218867924528,76.71837209302325,95.19553191489359,101.15319148936172,110.46936170212764
2020-07-09,132.31323529411767,136.28558823529414,146.59722222222223,51.586666666666666,47.04333333333333,153.2325,144.47,166.6560784313725,164.73660377358496,78.49976744186047,96.27170212765958,104.22808510638296,114.3936170212766
2020-07-10,143.7420588235294,147.67235294117648,149.9383333333333,55.078333333333326,51.156666666666666,164.105,217.09,188.36294117647063,184.7369811320755,82.50976744186048,122.80851063829792,129.76276595744685,139.34212765957446
2020-07-11,166.88676470588234,140.18205882352936,152.28722222222223,50.06166666666666,48.906666666666666,130.02499999999998,127.07000000000001,187.61862745098034,179.64962264150944,81.9239534883721,130.893829787234,136.67787234042555,143.10744680851064
2020-07-12,130.8858823529411,141.48529411764707,152.12666666666667,46.945,47.16166666666666,127.8225,128.58,139.73137254901957,147.8475471698113,69.7939534883721,97.22680851063832,108.88978723404257,116.35021276595747
2020-07-13,143.91529411764702,137.22147058823532,155.3416666666666,50.46333333333334,50.095,152.6575,143.915,157.5162745098039,154.0024528301887,76.58186046511629,91.56106382978723,102.68297872340426,111.35106382978721
2020-07-14,139.01705882352937,137.30294117647063,154.55999999999997,44.41833333333333,44.76,150.7525,155.3675,159.6117647058823,156.04830188679247,75.86534883720928,102.0348936170213,111.45382978723403,118.96723404255322
2020-07-15,139.51,141.01705882352942,152.9811111111111,39.656666666666666,40.24999999999999,154.4425,147.4375,162.88745098039217,159.8535849056604,75.5620930232558,107.22659574468086,113.82361702127658,121.63595744680848
2020-07-16,137.90147058823524,143.08235294117648,155.97444444444446,40.77,41.63333333333333,145.3425,145.01,168.55529411764707,166.4084905660377,76.92767441860465,110.14148936170211,117.46553191489366,126.2248936170213
2020-07-17,157.20735294117648,158.43852941176465,160.90277777777774,43.52333333333333,44.425000000000004,146.35999999999999,149.1875,190.05647058823536,186.98924528301887,83.74279069767441,137.75489361702128,141.7204255319149,151.18489361702126
2020-07-18,175.6176470588236,152.21294117647062,163.60444444444445,39.62,41.075,144.97,133.33249999999998,192.82490196078427,184.73754716981134,82.7160465116279,136.2802127659574,145.7925531914894,150.44617021276594
2020-07-19,130.85029411764708,147.4952941176471,157.11777777777777,43.385,41.79833333333333,137.23,136.4925,140.13019607843137,150.47264150943397,70.09558139534883,101.58191489361703,114.98000000000003,121.87446808510637
2020-07-20,146.62882352941176,142.40441176470586,160.1827777777778,45.71333333333334,45.83833333333333,153.72250000000003,144.9675,156.7039215686275,155.45320754716982,76.20860465116277,101.97340425531912,112.41808510638299,120.38106382978721
2020-07-21,155.63205882352946,144.0632352941177,160.61,45.73499999999999,47.32,153.2625,143.245,160.1903921568627,157.0739622641509,75.88558139534884,106.9140425531915,118.22021276595741,126.07021276595744
2020-07-22,152.64882352941171,143.73029411764705,161.09944444444446,48.163333333333334,49.538333333333334,147.185,141.715,161.0354901960784,159.48584905660377,75.99604651162792,139.81851063829785,168.38723404255316,169.2559574468085
2020-07-23,151.91441176470587,150.34382352941174,160.54444444444442,49.875,49.665,150.4525,142.935,166.89803921568625,166.3990566037736,76.6151162790698,155.5585106382979,177.71063829787232,177.1136170212766
2020-07-24,157.8544117647059,160.97764705882355,163.235,54.098333333333336,55.44166666666666,158.2175,155.8725,192.492156862745,189.15,82.53209302325581,142.88404255319148,165.71851063829786,166.87212765957443
2020-07-25,169.54029411764705,148.68264705882353,160.97444444444443,53.896666666666675,52.75333333333333,142.5725,132.0375,194.30843137254894,185.05886792452833,81.0158139534884,126.25191489361703,144.81148936170212,148.60404255319148
2020-07-26,121.84029411764705,143.11382352941175,153.95111111111112,49.696666666666665,50.85999999999999,152.98250000000002,135.6275,141.7903921568627,151.59641509433965,70.08232558139535,97.45702127659574,111.13063829787232,118.77468085106385
2020-07-27,148.90176470588236,143.10029411764705,166.4366666666666,53.58166666666667,55.26833333333334,153.07999999999998,141.58,158.15254901960785,157.58207547169806,75.38558139534885,96.22936170212765,108.08404255319148,116.3444680851064
2020-07-28,151.42970588235292,142.93441176470589,162.8166666666667,53.37833333333333,53.98999999999999,145.0,143.02249999999998,161.03627450980392,158.09283018867924,75.41441860465116,101.31404255319147,109.59446808510637,117.75319148936171
2020-07-29,157.88764705882352,148.29911764705886,161.36888888888888,55.46333333333333,55.39666666666667,154.89249999999998,142.96249999999998,163.17392156862743,161.3235849056604,75.24953488372093,103.00212765957447,110.36446808510637,117.65510638297876
2020-07-30,155.9979411764706,152.71499999999997,163.82944444444445,53.98500000000001,54.211666666666666,153.3075,143.1725,167.1429411764706,167.09773584905665,76.32604651162792,103.28340425531913,110.66765957446809,118.87765957446813
2020-07-31,156.6226470588235,163.66794117647055,168.8311111111111,54.85500000000001,58.0,143.97500000000002,146.905,190.72549019607845,187.05792452830192,81.25302325581397,128.62872340425528,141.8653191489362,147.14893617021275
2020-08-01,164.08794117647062,152.25147058823532,167.21444444444447,51.681666666666665,57.73499999999999,141.845,129.6475,195.08019607843138,186.07641509433958,80.3306976744186,131.70425531914896,150.48872340425532,153.3068085106383
2020-08-02,129.19882352941178,149.42176470588237,167.67777777777775,52.08833333333333,56.581666666666656,144.635,136.675,141.91549019607842,149.5311320754717,68.99674418604651,114.02063829787232,122.7812765957447,130.5059574468085
2020-08-03,157.3770588235294,146.72500000000005,172.44222222222223,55.72666666666668,60.63999999999999,165.955,149.1225,164.62235294117647,160.672641509434,76.03953488372095,113.20468085106383,120.88042553191485,129.10617021276596
2020-08-04,161.4623529411765,147.1655882352941,174.96388888888885,55.21333333333334,57.931666666666665,163.1725,151.935,162.75254901960787,156.95698113207547,73.9660465116279,115.08531914893614,124.5587234042553,131.83106382978724
2020-08-05,162.810294117647,149.47117647058826,176.86888888888885,57.389999999999986,61.83833333333334,167.525,148.8475,170.26137254901957,165.4364150943396,77.05651162790697,117.66872340425533,126.98021276595745,134.78148936170217
2020-08-06,155.2847058823529,150.73117647058825,175.60333333333332,54.995000000000005,60.22166666666667,168.84,150.315,174.71823529411768,170.91773584905658,77.26209302325583,121.89510638297871,132.4472340425532,141.44893617021276
2020-08-07,156.37735294117647,163.25941176470585,173.9105555555555,61.821666666666665,67.08,172.17249999999999,157.1,201.87470588235303,193.58264150943398,83.0493023255814,136.35148936170216,160.05425531914895,162.43234042553192
2020-08-08,160.3464705882353,153.57294117647055,170.11722222222224,64.81333333333332,67.45666666666666,158.8175,140.57750000000001,203.87568627450977,188.6101886792453,81.34069767441859,145.56914893617022,185.4540425531915,179.76787234042553
2020-08-09,123.49088235294117,147.0114705882353,164.1072222222222,57.38166666666667,63.92500000000001,152.4225,140.18249999999998,150.79313725490192,155.2441509433962,70.53813953488373,138.75191489361703,177.86297872340424,173.29957446808515
2020-08-10,145.30411764705886,142.08823529411768,171.76388888888886,62.60333333333333,65.71666666666667,169.075,150.56,168.50588235294117,160.7824528301887,77.41279069767442,138.18510638297872,162.8885106382979,164.59957446808508
2020-08-11,148.62500000000003,142.88205882352943,174.9511111111111,60.99166666666667,63.10833333333333,169.77249999999998,150.4425,171.90274509803922,161.9766037735849,76.70976744186049,137.34170212765957,164.7663829787234,165.59212765957452
2020-08-12,144.89941176470586,143.20147058823528,169.06888888888886,62.20333333333334,62.98666666666666,162.5525,146.475,173.90352941176468,164.19169811320756,77.33627906976746,138.72872340425533,177.3829787234043,174.1234042553191
2020-08-13,144.87294117647056,142.68176470588233,166.1161111111111,59.879999999999995,65.76,165.55249999999998,146.85750000000002,182.17254901960786,171.04132075471696,78.94441860465116,143.69531914893616,187.29531914893616,182.51085106382982
2020-08-14,150.73882352941177,153.3273529411765,165.1633333333333,59.62833333333333,68.17166666666667,174.89,158.425,212.24509803921575,194.88830188679245,85.59395348837211,138.97468085106382,189.82063829787236,183.09851063829794
2020-08-15,165.3544117647059,147.8629411764706,165.29666666666665,56.568333333333335,61.738333333333344,165.695,143.6275,216.70176470588237,189.02641509433965,82.276511627907,125.41680851063833,170.80978723404255,167.73148936170216
2020-08-16,127.34029411764708,147.32117647058823,164.86666666666667,61.71833333333334,66.35666666666667,154.1225,143.5125,156.94607843137257,153.0641509433962,71.1439534883721,118.60574468085103,136.7514893617021,144.55914893617023
2020-08-17,143.49676470588238,137.49029411764707,167.88166666666666,65.335,70.34333333333333,180.24,157.57,181.95725490196077,158.517358490566,79.68883720930232,120.51957446808511,132.85297872340425,140.69425531914894
2020-08-18,150.16029411764708,140.73441176470584,166.34777777777776,63.69,66.90333333333332,183.89249999999998,159.6825,182.03607843137252,157.74867924528303,78.18906976744185,119.45978723404255,131.14659574468087,139.4636170212766
2020-08-19,151.7358823529412,141.16147058823532,166.23777777777778,62.97999999999999,66.96666666666665,180.255,159.115,182.89254901960788,159.49452830188673,77.64465116279074,117.6282978723404,129.2674468085106,137.0168085106383
2020-08-20,147.8041176470588,143.5455882352941,168.20999999999998,65.63833333333334,70.13666666666667,181.01,158.165,188.27000000000007,166.39207547169812,79.66209302325582,116.60914893617023,129.25425531914894,137.80191489361704
2020-08-21,148.26941176470586,151.83029411764704,165.72722222222222,61.315,66.51,181.59,166.3,218.9127450980392,189.31754716981135,86.02372093023257,131.98531914893616,154.72936170212768,159.1412765957447
2020-08-22,165.10647058823528,143.2876470588235,165.26666666666668,57.71,64.28,169.59750000000003,145.5,217.84529411764706,181.12132075471698,82.29116279069767,131.2791489361702,155.10851063829782,158.81851063829788
2020-08-23,123.79058823529412,139.87500000000003,152.9394444444445,68.5,73.50833333333333,156.36,139.82999999999998,156.86725490196076,145.70735849056607,71.28488372093022,111.13170212765958,123.60042553191494,131.77446808510643
2020-08-24,139.21029411764704,134.6855882352941,162.06888888888886,69.55666666666667,73.24333333333333,178.875,158.5,176.59137254901952,148.25547169811327,78.0720930232558,111.13787234042552,122.53702127659574,130.44893617021276
2020-08-25,142.59941176470585,135.3141176470588,162.3677777777778,70.99166666666667,70.71166666666667,190.73499999999999,167.195,176.36000000000004,148.5845283018868,76.70976744186045,112.63765957446809,122.90723404255318,130.42170212765961
2020-08-26,133.68088235294115,136.77617647058824,160.0727777777778,68.55833333333332,71.20333333333333,187.2875,165.78250000000003,179.22823529411767,151.62339622641508,76.6502325581395,109.6331914893617,120.96340425531912,128.9231914893617
2020-08-27,144.3111764705882,140.2355882352941,164.48333333333332,70.60166666666666,73.79833333333333,188.83249999999998,166.935,178.4272549019608,154.52226415094336,75.9606976744186,109.69106382978724,122.48617021276593,130.51382978723404
2020-08-28,154.21705882352944,155.55529411764707,166.35444444444445,69.43333333333334,79.13666666666667,197.71750000000003,178.3075,209.07392156862747,179.11320754716985,83.3106976744186,134.56957446808508,156.87340425531914,161.87829787234043
2020-08-29,170.07382352941178,144.63470588235296,162.40944444444443,69.83,81.88166666666666,192.9875,160.9875,204.82137254901957,170.1858490566038,77.34976744186046,134.40787234042557,161.8144680851064,164.13659574468087
2020-08-30,116.97176470588235,141.6026470588235,160.8877777777778,71.18333333333332,79.94666666666666,198.47500000000002,160.14499999999998,148.53666666666663,139.3530188679245,68.05418604651163,106.08382978723405,118.92851063829792,127.28510638297871
2020-08-31,141.27852941176474,136.48911764705883,171.95500000000004,74.30499999999999,78.71499999999999,256.995,189.44500000000002,162.1970588235294,142.9979245283019,74.35232558139533,105.35170212765956,111.78042553191491,121.70446808510636
2020-09-01,146.9708823529412,137.91823529411766,172.01833333333332,72.34166666666667,75.035,235.0125,170.48250000000002,168.3111764705882,146.52754716981136,75.12023255813956,107.0421276595745,113.1536170212766,123.58468085106382
2020-09-02,146.9688235294118,139.7467647058823,168.0261111111111,70.26,76.52499999999999,210.385,157.64,166.72843137254904,148.2066037735849,75.16232558139532,106.68531914893614,113.31212765957451,124.26255319148936
2020-09-03,143.03735294117644,141.93441176470589,170.37833333333327,74.13833333333334,79.62166666666667,196.5875,153.5975,176.91490196078433,161.2409433962264,79.25813953488371,111.04106382978726,118.15659574468083,129.8225531914894
2020-09-04,163.52029411764707,157.89500000000004,179.4055555555556,74.52666666666666,84.33,194.19,162.9925,216.90627450980395,196.71188679245282,90.66720930232555,132.18914893617023,145.5531914893617,154.1774468085106
2020-09-05,180.28441176470588,149.51794117647057,178.4127777777778,81.83166666666666,91.56166666666667,177.225,141.29749999999999,223.00254901960793,184.61207547169812,84.61674418604652,121.1136170212766,135.95851063829787,142.8534042553191
2020-09-06,130.73676470588236,145.66176470588238,169.7783333333333,73.63166666666667,85.71999999999998,173.365,144.545,171.6049019607844,151.87849056603775,72.11906976744184,95.22148936170213,107.35617021276597,117.35148936170215
2020-09-07,145.22176470588235,138.0264705882353,176.92055555555555,74.90833333333333,81.70333333333333,185.68,147.32,146.30098039215684,147.60528301886785,74.36837209302325,113.59021276595745,121.77319148936168,131.95829787234047
2020-09-08,147.01647058823525,137.80176470588233,174.73333333333332,74.00999999999999,80.09833333333333,167.695,145.7725,156.58392156862737,144.90075471698114,75.32069767441861,117.7127659574468,123.35468085106385,134.2974468085106
2020-09-09,146.51411764705878,140.02735294117645,172.0022222222222,73.825,79.18833333333332,168.80499999999998,142.08999999999997,156.0337254901961,145.8096226415094,72.82790697674417,116.66340425531915,123.76510638297876,134.93510638297872
2020-09-10,129.12294117647056,121.64735294117648,140.17277777777778,74.11666666666667,79.10333333333334,163.3575,145.01,162.8241176470588,151.69301886792448,73.73720930232558,116.77212765957448,125.95510638297873,137.10170212765962
2020-09-11,163.65088235294124,159.5447058823529,181.89722222222224,76.15333333333335,83.27166666666666,183.45999999999998,157.14249999999998,197.53490196078437,177.8720754716981,81.71767441860467,136.6574468085106,153.35425531914893,163.69574468085105
2020-09-12,191.4267647058823,153.78970588235296,188.73444444444442,81.94333333333333,95.87,181.8025,141.2475,210.6225490196079,178.15396226415095,80.48883720930233,147.0406382978723,159.72702127659576,169.08127659574467
2020-09-13,144.12500000000003,153.31647058823535,177.28222222222223,76.06666666666666,88.71499999999999,159.85,135.225,139.85117647058826,135.31716981132078,65.11720930232559,119.83617021276596,129.73340425531916,139.8663829787234
2020-09-14,147.2438235294118,140.86058823529413,183.95666666666668,73.69333333333334,79.67,171.67000000000002,139.9375,154.33705882352945,141.92509433962263,72.89906976744187,122.83170212765955,128.57744680851062,138.62127659574466
2020-09-15,150.63411764705884,144.24911764705882,182.0688888888889,76.93666666666667,77.97499999999998,168.49,144.975,156.25137254901958,143.51188679245288,72.06837209302324,123.15936170212767,129.0323404255319,140.00574468085105
2020-09-16,151.54823529411766,144.21000000000004,199.27444444444444,85.815,80.78833333333334,167.5825,144.385,159.61,145.4464150943396,77.05837209302325,122.05340425531914,129.33319148936172,140.37361702127657
2020-09-17,158.62411764705888,148.1079411764706,226.96888888888884,105.44666666666666,87.83166666666666,164.7025,152.3425,166.54294117647063,152.30830188679252,83.74767441860466,126.76106382978725,135.77425531914892,147.5882978723404
2020-09-18,174.65705882352938,164.0079411764706,222.64833333333334,101.09499999999998,93.64333333333336,176.47,158.995,201.85450980392162,179.3750943396226,90.18767441860463,174.726170212766,196.17702127659575,200.03978723404256
2020-09-19,199.34176470588233,153.2355882352941,224.09777777777782,94.76166666666667,96.495,172.8375,144.7975,214.7070588235294,179.05584905660376,89.61906976744186,223.1568085106384,252.84936170212765,245.1176595744681
2020-09-20,150.06647058823526,154.30264705882354,214.33888888888887,91.66666666666667,90.57666666666667,166.635,140.28,140.80921568627448,135.74150943396228,74.02767441860466,225.71851063829783,270.22297872340425,252.02446808510638
2020-09-21,149.5876470588235,134.97294117647056,208.02222222222224,92.17,84.60333333333334,167.0225,137.52,149.0703921568627,135.77433962264152,79.43465116279071,184.20021276595747,212.5236170212766,204.84765957446817
2020-09-22,150.2561764705882,134.575,202.35722222222225,89.38666666666666,84.23333333333333,166.06,139.5825,151.06117647058818,136.82943396226415,78.04767441860463,126.64808510638298,133.88361702127662,141.59659574468083
2020-09-23,143.98176470588234,133.1294117647059,194.61166666666674,85.27333333333335,82.54166666666667,169.23,141.8975,153.2221568627451,139.24547169811325,77.82953488372095,121.24446808510638,122.61085106382978,132.3117021276596
2020-09-24,137.91882352941178,128.9070588235294,184.16666666666663,86.03666666666668,81.05499999999999,170.6175,140.65999999999997,159.43705882352944,145.77433962264155,78.31488372093023,117.28617021276591,125.53085106382983,135.74234042553192
2020-09-25,150.1247058823529,144.58323529411766,196.83944444444444,86.075,86.04833333333333,183.40499999999997,152.21750000000003,197.6882352941176,173.60056603773577,88.7486046511628,152.73000000000002,157.06808510638297,164.5127659574468
2020-09-26,151.11088235294113,128.94852941176467,190.16500000000002,98.25,96.65833333333335,180.195,141.9375,212.3378431372549,173.34735849056608,87.11116279069769,160.5459574468085,165.74765957446803,170.50085106382983
2020-09-27,117.09999999999997,123.97999999999999,182.6038888888889,91.01333333333334,91.25333333333333,164.3875,136.9375,136.79372549019604,132.0479245283019,70.7646511627907,129.3314893617021,131.79,138.61978723404255
2020-09-28,159.1894117647059,133.7032352941176,208.63722222222225,88.17,83.59166666666668,150.305,127.945,142.1637254901961,131.53169811320754,75.35418604651163,127.37553191489357,125.36723404255319,134.03382978723405
2020-09-29,150.94941176470587,133.19970588235293,178.73666666666665,88.40000000000002,82.845,154.6375,138.71249999999998,142.23098039215688,130.79528301886793,72.84023255813953,124.27468085106382,121.62553191489359,131.14723404255318
2020-09-30,144.37470588235294,129.97323529411761,190.73388888888886,88.73833333333334,86.25999999999999,150.17249999999999,137.25,145.34529411764706,133.6332075471698,73.50604651162789,121.97893617021279,117.34510638297874,127.20148936170206
2020-10-01,143.52382352941174,132.21588235294112,194.93277777777777,88.105,89.59666666666668,150.69,134.415,154.48901960784315,142.9311320754717,76.29604651162792,127.25638297872342,124.1017021276596,134.6804255319149
2020-10-02,162.35470588235296,144.4691176470588,197.34222222222223,94.09666666666668,92.41833333333334,168.59000000000003,143.98,188.16686274509803,166.86830188679247,83.25651162790697,169.26872340425533,167.2768085106383,174.10361702127656
2020-10-03,155.99176470588236,125.36088235294116,190.43555555555557,101.96166666666666,101.46666666666665,173.51,134.555,201.7011764705881,168.98245283018872,82.35813953488373,170.10787234042556,172.30978723404252,176.5617021276596
2020-10-04,133.44499999999996,130.8985294117647,194.97333333333333,89.99166666666667,91.88499999999999,146.6225,125.66749999999999,132.08901960784314,128.19981132075472,67.54627906976745,123.75957446808512,127.92872340425535,134.78617021276597
2020-10-05,142.83117647058822,127.80029411764708,199.50888888888892,89.30166666666666,85.59333333333332,154.135,127.35249999999999,140.5205882352941,129.8367924528302,72.78023255813953,122.41489361702132,121.0555319148936,128.8304255319149
2020-10-06,146.22676470588235,129.04647058823528,196.8127777777778,89.13333333333333,82.70666666666666,147.945,125.76500000000001,143.5437254901961,131.91415094339624,73.38790697674418,121.11617021276594,120.4427659574468,127.75170212765957
2020-10-07,148.20323529411763,130.95500000000004,193.5772222222222,88.07333333333334,83.46833333333335,146.8125,123.60750000000002,146.19176470588235,133.79547169811318,73.47093023255815,110.49021276595742,115.66638297872342,123.76425531914894
2020-10-08,146.49058823529415,130.75499999999994,186.87833333333336,88.85666666666667,85.68333333333334,151.765,124.64500000000001,153.8180392156863,143.14320754716977,77.21162790697676,112.72404255319151,117.80680851063828,126.01765957446808
2020-10-09,157.460294117647,140.71352941176474,195.52666666666673,93.925,95.96833333333335,151.905,134.29,193.87784313725484,170.15924528301892,84.28395348837206,142.61021276595747,149.31851063829785,154.64787234042552
2020-10-10,170.9226470588235,131.56205882352944,189.19611111111112,101.08666666666666,102.12333333333333,160.935,126.2125,205.56333333333336,168.8715094339623,81.74953488372093,168.046170212766,170.1653191489362,172.93297872340423
2020-10-11,124.08970588235294,120.78235294117646,181.10555555555555,92.99666666666667,94.53166666666665,143.17249999999999,117.525,135.69607843137254,129.05830188679244,68.01232558139534,127.95446808510637,132.65170212765955,137.70425531914896
2020-10-12,142.0920588235294,122.57352941176471,192.38333333333333,89.62666666666667,84.32000000000001,140.0,117.49249999999999,137.88901960784315,129.9418867924528,72.02674418604651,126.22531914893618,126.09,132.37744680851063
2020-10-13,146.3344117647059,123.18911764705884,186.5422222222222,91.82499999999999,83.84333333333332,138.425,120.67750000000001,137.99725490196073,127.4720754716981,71.16697674418604,128.78063829787234,127.52893617021272,133.4004255319149
2020-10-14,138.00617647058823,123.87235294117647,188.96833333333336,86.255,82.91666666666667,146.4475,123.6525,144.9266666666666,133.32735849056607,73.02093023255814,128.50361702127663,127.42319148936174,133.0568085106383
2020-10-15,140.70588235294116,126.63176470588239,173.21444444444444,84.46333333333332,80.81,144.17000000000002,123.1575,152.67333333333337,141.512641509434,74.25999999999999,136.7012765957447,132.29404255319147,139.78872340425536
2020-10-16,143.09558823529417,130.7523529411765,178.4811111111111,88.06,89.08333333333333,142.2575,128.3725,184.35627450980388,164.26811320754723,80.33511627906978,159.9789361702128,165.36361702127655,169.60723404255316
2020-10-17,148.16588235294125,119.24911764705882,168.1155555555556,101.27999999999999,102.24666666666667,146.90250000000003,121.655,198.42313725490195,164.16981132075472,79.77558139534885,185.0882978723404,184.63319148936174,184.02340425531915
2020-10-18,112.84382352941175,111.75941176470585,163.62055555555554,98.39999999999999,94.87333333333333,118.5725,110.855,125.701568627451,123.21754716981128,65.2867441860465,126.62063829787238,132.76617021276596,136.1029787234043
2020-10-19,136.4935294117647,115.66117647058822,171.33388888888885,92.90833333333335,87.675,119.93249999999999,110.46000000000001,131.6205882352941,124.0781132075471,70.2041860465116,123.73808510638297,125.35702127659575,128.9944680851064
2020-10-20,133.83676470588236,116.35411764705883,168.47277777777782,92.99000000000001,86.23666666666666,125.41250000000001,115.00000000000001,133.5294117647059,124.73509433962265,69.45372093023258,127.72510638297874,127.62106382978725,131.66212765957445
2020-10-21,131.14117647058828,115.04676470588232,172.05777777777774,96.38333333333334,88.53333333333335,123.42999999999999,114.715,138.86019607843136,128.45075471698112,70.57627906976748,122.09340425531914,123.41702127659572,129.5840425531915
2020-10-22,134.15764705882353,115.73705882352942,168.07111111111112,96.205,90.51666666666667,123.685,114.74000000000001,146.42176470588234,134.5041509433962,72.54418604651163,125.03914893617016,128.84808510638302,135.28659574468088
2020-10-23,129.24058823529413,120.97823529411762,165.32500000000002,93.95666666666666,94.74833333333333,140.18,124.645,178.61921568627457,158.69905660377358,78.97116279069768,181.70425531914896,180.75723404255316,182.5251063829787
2020-10-24,136.24088235294113,107.36264705882353,155.64111111111114,93.88499999999999,91.84166666666665,142.555,115.4275,186.55607843137244,154.86773584905654,76.11627906976746,193.69212765957448,192.22361702127665,190.38680851063833
2020-10-25,109.37,106.31676470588233,157.49055555555552,91.37666666666667,90.51666666666665,127.51750000000001,107.82499999999999,115.05666666666669,112.0641509433962,60.53209302325582,132.62680851063826,138.3193617021276,139.5965957446809
2020-10-26,116.70529411764706,106.4964705882353,162.1816666666667,99.56666666666666,93.09833333333334,131.3825,111.845,122.403137254902,116.82245283018865,65.8074418604651,126.31106382978723,125.6951063829787,129.00276595744685
2020-10-27,118.10235294117646,104.26029411764705,158.0327777777778,101.41166666666665,95.21499999999999,133.34750000000003,114.29999999999998,128.17607843137253,119.52849056603775,66.1367441860465,127.47702127659575,126.78255319148936,130.17425531914893
2020-10-28,114.12735294117647,102.8629411764706,148.41444444444443,105.73500000000001,99.62,133.535,116.82499999999999,130.7025490196079,120.27584905660373,65.08418604651162,125.13063829787232,123.54510638297872,127.54893617021276
2020-10-29,112.5255882352941,105.56029411764706,150.43222222222224,98.39999999999999,97.635,137.6,116.1325,138.68411764705886,127.33811320754721,67.62325581395349,129.74340425531918,127.79595744680853,132.12276595744677
2020-10-30,119.33323529411766,110.96970588235295,147.13333333333333,107.06333333333333,104.82666666666667,140.2725,122.0525,178.23647058823528,153.15528301886792,74.79186046511629,180.07000000000002,179.36361702127664,177.66936170212767
2020-10-31,128.4679411764706,96.11764705882352,146.37166666666664,120.19333333333331,115.87500000000001,139.48250000000002,113.14750000000001,203.00764705882355,145.3067924528302,71.36930232558139,196.75446808510637,191.753829787234,186.94085106382974
2020-11-01,88.29911764705882,87.09000000000002,140.15055555555557,114.67166666666667,106.995,115.23500000000001,102.00000000000001,111.85901960784311,103.14377358490569,58.59232558139536,137.33021276595744,140.60063829787234,142.16148936170214
2020-11-02,98.555,90.83058823529413,141.04444444444442,105.09500000000001,98.50833333333333,123.5,107.67250000000001,126.49764705882353,113.89283018867924,66.42558139534883,162.14638297872344,161.64021276595741,159.84914893617017
2020-11-03,95.75147058823529,89.23794117647058,134.20611111111114,106.99833333333333,97.33333333333333,135.185,115.81750000000001,139.45803921568626,116.53339622641506,64.77395348837211,129.04531914893616,127.31553191489361,127.39106382978731
2020-11-04,92.60470588235295,87.68764705882353,129.95388888888888,105.43666666666665,94.90166666666669,129.0525,106.2675,122.89607843137254,108.45415094339626,61.784418604651165,127.25744680851061,123.31063829787239,121.70531914893618
2020-11-05,93.60705882352941,88.20588235294119,128.00166666666667,105.95333333333333,97.22500000000001,125.55499999999999,107.88,131.53117647058826,116.79924528301889,64.98093023255812,131.87106382978723,126.9691489361702,125.79489361702127
2020-11-06,96.40941176470587,90.69117647058825,128.01166666666666,113.83166666666666,106.955,130.2,115.1525,161.7941176470588,139.05490566037736,71.66232558139536,170.31276595744686,163.19191489361702,159.73212765957447
2020-11-07,105.60088235294117,83.93588235294114,121.62111111111113,125.76666666666665,119.8,130.14,105.505,169.87568627450983,133.12169811320754,67.78209302325581,193.2648936170213,180.66723404255316,173.04382978723402
2020-11-08,86.4335294117647,79.03705882352942,123.82222222222224,115.42166666666667,107.28833333333334,113.28,98.35749999999999,111.80372549019607,100.33339622641506,57.74906976744186,131.01531914893616,132.71829787234046,127.69468085106386
2020-11-09,90.41323529411764,85.63147058823526,130.46888888888887,107.19333333333333,97.61666666666667,115.89,103.42999999999999,119.23960784313728,106.32943396226413,64.2227906976744,127.32106382978726,124.6263829787234,120.06085106382982
2020-11-10,90.17029411764706,86.08088235294117,127.9544444444444,102.565,96.80499999999999,119.52000000000001,107.5325,122.27352941176474,108.88415094339616,63.150465116279065,130.91978723404256,125.75595744680851,121.25361702127661
2020-11-11,89.32558823529415,86.11147058823529,126.94944444444445,107.71666666666665,101.52666666666669,116.92500000000001,106.245,125.08450980392158,111.65207547169814,63.196279069767435,133.17659574468087,127.12021276595743,121.91063829787234
2020-11-12,89.68088235294117,86.0835294117647,125.59333333333332,104.40499999999999,99.705,115.8075,106.39500000000001,115.8313725490196,105.23716981132075,59.399534883720946,138.50170212765954,132.5410638297872,127.73021276595742
2020-11-13,96.06852941176471,91.56382352941175,129.2238888888889,97.21999999999998,88.52,123.19749999999999,113.645,152.0949019607843,132.00226415094346,68.18790697674417,190.83510638297875,180.38957446808513,169.4744680851064
2020-11-14,102.13235294117646,85.05617647058823,124.22055555555556,75.15833333333333,72.60166666666667,122.83999999999999,107.77749999999999,153.71078431372544,125.6388679245283,64.87441860465115,204.2340425531915,189.13468085106388,176.96978723404254
2020-11-15,85.00529411764707,79.40911764705884,123.2611111111111,98.62333333333332,94.25999999999999,109.9,100.81,99.90803921568626,93.23056603773585,53.355813953488386,137.0904255319149,136.27595744680855,128.02723404255318
2020-11-16,86.51794117647059,84.4705882352941,128.5188888888889,100.87666666666667,99.895,109.295,101.13999999999999,114.44725490196078,104.02547169811321,60.72930232558138,132.91127659574468,127.88021276595751,120.56382978723403
2020-11-17,88.6358823529412,85.6879411764706,128.88777777777779,108.89833333333333,100.44,105.90750000000001,101.89250000000001,116.96254901960783,105.36792452830187,60.11906976744186,134.02234042553195,129.32851063829784,122.10723404255317
2020-11-18,90.76294117647058,85.9441176470588,126.20499999999998,114.09166666666668,106.92166666666667,101.3025,100.25999999999999,119.91156862745098,107.58754716981134,60.16325581395349,133.37638297872343,126.83319148936168,120.2155319148936
2020-11-19,84.97823529411764,85.77470588235296,122.67111111111113,114.26333333333334,108.28333333333335,103.9925,101.67750000000001,125.77470588235295,112.24962264150945,62.10069767441859,132.12531914893617,129.34340425531914,123.52936170212764
2020-11-20,88.66852941176471,87.45588235294119,120.1588888888889,120.71499999999999,114.87,111.305,110.50500000000001,150.69235294117644,132.67320754716985,67.56046511627906,189.16382978723402,183.60404255319148,168.4519148936171
2020-11-21,86.64470588235292,78.57029411764704,112.72722222222224,126.88166666666666,128.08333333333331,109.52000000000001,100.335,143.95352941176472,124.52792452830188,63.77627906976743,219.49021276595744,210.78680851063834,189.44361702127665
2020-11-22,69.24529411764706,72.41735294117647,115.52499999999999,120.75833333333333,114.89499999999998,96.44749999999999,92.615,99.28686274509805,93.4422641509434,53.684883720930216,175.15680851063829,172.51765957446807,154.91574468085108
2020-11-23,82.15411764705881,81.07970588235295,126.11666666666669,114.27833333333332,103.12666666666667,108.28500000000001,98.5375,121.29882352941176,110.01603773584908,61.319302325581404,123.52127659574467,124.41489361702128,115.50319148936171
2020-11-24,85.44205882352938,84.00558823529411,125.99444444444445,109.15666666666665,101.25333333333333,110.445,105.0175,127.74137254901957,117.25150943396227,62.601162790697686,125.03234042553188,118.75978723404253,111.516170212766
2020-11-25,84.8870588235294,84.5394117647059,123.32555555555557,111.1083333333333,103.635,112.9975,104.1575,136.3598039215686,123.75226415094342,61.990232558139525,125.77936170212764,119.53638297872338,111.61340425531913
2020-11-26,84.58029411764704,84.94882352941175,121.97722222222221,114.09333333333332,107.97166666666665,108.445,106.2,62.67627450980392,63.87132075471699,41.163720930232564,129.48425531914893,122.98468085106386,115.38702127659573
2020-11-27,95.68264705882353,94.02088235294116,122.06388888888887,113.36833333333334,112.49666666666668,116.965,114.515,130.0501960784314,110.24603773584906,58.8553488372093,162.55787234042555,151.971914893617,140.64042553191493
2020-11-28,88.9305882352941,79.44588235294117,112.71611111111113,125.58666666666666,122.81166666666665,122.52250000000001,103.3625,129.66509803921568,111.85037735849058,58.94813953488372,160.94170212765957,150.1744680851064,138.4776595744681
2020-11-29,66.3364705882353,70.21117647058823,113.10888888888888,119.445,113.49666666666667,104.39500000000001,95.7475,93.85470588235295,92.38566037735848,53.849302325581384,115.02276595744678,114.92361702127661,106.05851063829788
2020-11-30,86.71735294117647,86.68058823529411,127.42999999999999,117.10333333333334,108.315,102.245,98.4425,115.85058823529413,100.89905660377362,57.37139534883718,111.7291489361702,106.77851063829787,99.90595744680851
2020-12-01,85.45911764705882,85.40411764705881,128.52666666666667,113.96333333333332,106.83499999999998,102.69500000000001,98.54499999999999,122.54352941176471,103.62207547169812,57.03999999999997,114.298085106383,108.49914893617017,101.42595744680848
2020-12-02,85.08823529411767,85.58000000000003,124.28277777777778,121.13833333333334,106.64833333333333,99.175,98.32,124.60313725490197,104.45471698113205,56.66883720930232,114.45106382978724,109.36978723404253,101.49617021276597
2020-12-03,85.36029411764703,85.04088235294118,124.89555555555555,113.96499999999999,108.005,100.1,97.1875,128.23725490196077,107.64490566037736,57.17813953488373,119.55212765957444,113.04234042553189,106.14148936170211
2020-12-04,90.48029411764702,88.56117647058826,122.97388888888888,118.61999999999999,112.17166666666667,105.04,103.51249999999999,151.43509803921575,124.5754716981132,60.50023255813955,154.84553191489357,144.321914893617,133.16936170212767
2020-12-05,90.55794117647059,78.79823529411765,114.34222222222222,132.59,129.27,103.765,98.5125,145.55313725490197,117.11641509433964,56.744651162790696,165.9,147.61127659574467,138.5557446808511
2020-12-06,65.76352941176472,70.19823529411765,113.91000000000001,130.5716666666667,125.41000000000001,90.5575,94.51499999999999,99.1127450980392,88.99754716981134,49.08046511627908,119.24382978723405,114.71212765957443,105.98425531914891
2020-12-07,84.29970588235294,83.11823529411764,128.29277777777776,114.13499999999999,109.52500000000002,94.305,94.61749999999999,120.496862745098,101.47660377358491,56.61767441860466,114.19489361702125,109.6972340425532,100.88978723404257
2020-12-08,86.8279411764706,83.89294117647057,121.43722222222222,114.94833333333334,105.33666666666666,94.1025,97.845,124.6286274509804,103.99622641509436,56.36279069767442,114.72297872340428,110.74787234042553,101.13021276595747
2020-12-09,82.45735294117644,83.49941176470588,120.05388888888888,126.5,126.61,96.52,98.18,128.84196078431373,106.64773584905662,55.86255813953489,116.79936170212765,111.66170212765957,101.70702127659577
2020-12-10,84.46058823529411,84.18500000000002,116.83333333333331,128.82666666666668,121.54166666666667,100.0,99.39500000000001,132.8823529411765,110.79716981132079,56.946511627906986,122.44425531914895,115.13617021276598,105.6091489361702
2020-12-11,87.2470588235294,86.66882352941175,114.92833333333334,130.85,126.74166666666666,105.93,108.61,153.5211764705883,127.67452830188682,61.08790697674418,160.5644680851064,145.70808510638287,133.86382978723404
2020-12-12,84.3935294117647,76.10382352941176,105.6711111111111,140.82166666666666,133.61833333333334,104.71499999999999,99.9725,150.42215686274506,121.43735849056606,58.19837209302325,160.2068085106383,143.39787234042555,132.26893617021273
2020-12-13,63.47264705882352,66.27235294117646,102.1561111111111,132.27333333333334,122.89833333333333,96.1425,93.97749999999999,101.4764705882353,90.55245283018867,49.55209302325581,113.47297872340424,113.86468085106382,103.46
2020-12-14,89.28411764705884,86.2379411764706,119.47888888888889,128.81666666666663,115.26666666666667,103.0175,98.1,121.83274509803924,103.69924528301884,56.12348837209302,109.2163829787234,108.55893617021276,99.81893617021277
2020-12-15,88.94941176470589,87.55147058823529,115.40055555555556,121.795,109.52499999999999,108.2825,104.7225,128.08803921568628,109.05075471698115,56.33186046511628,110.5968085106383,108.93127659574465,100.3323404255319
2020-12-16,74.53323529411766,73.52147058823527,99.73388888888888,122.51666666666667,110.3,105.49,101.61500000000001,128.43411764705883,107.71415094339625,55.26651162790698,112.06148936170213,110.57319148936168,100.98574468085104
2020-12-17,76.17,74.59764705882355,100.95944444444444,122.85666666666667,112.295,106.66749999999999,102.32,126.03333333333333,106.16886792452831,54.72558139534885,116.748085106383,113.63255319148938,104.46553191489366
2020-12-18,77.70617647058822,76.08264705882354,98.28722222222223,134.255,126.0,110.46249999999999,108.775,157.45901960784315,133.7120754716981,61.370000000000005,140.13446808510633,132.4695744680851,121.64000000000006
2020-12-19,70.87941176470588,65.20205882352943,90.16222222222223,145.76333333333332,141.10166666666666,110.055,105.2875,151.49941176470588,127.7281132075472,58.81627906976743,136.57063829787236,127.01914893617018,117.18978723404254
2020-12-20,59.387647058823525,60.03,92.00611111111114,134.74166666666665,126.46999999999998,104.2,94.105,106.51098039215687,97.33735849056602,51.39348837209304,108.26638297872337,106.81382978723404,97.21617021276597
2020-12-21,73.18,72.56382352941176,96.05611111111112,125.69,111.66166666666668,102.3775,100.10750000000002,142.30607843137255,121.15698113207553,60.49883720930232,109.9787234042553,105.90106382978725,96.53744680851064
2020-12-22,73.31970588235295,73.57529411764706,95.51666666666668,128.88833333333332,114.87,102.96000000000001,104.5275,144.69843137254895,126.05773584905663,60.55255813953488,117.00553191489361,109.47042553191488,99.76957446808507
2020-12-23,64.91470588235295,69.0914705882353,84.14388888888887,126.765,121.18833333333333,112.7125,126.6925,144.89823529411763,130.0258490566038,59.69046511627908,123.95957446808511,115.75617021276601,106.33170212765958
2020-12-24,36.65441176470589,40.8435294117647,61.89611111111112,133.85000000000002,131.0716666666667,112.3775,113.69,110.08372549019607,95.31056603773587,47.24209302325581,138.3168085106383,124.74191489361702,114.89191489361698
2020-12-25,39.92764705882353,45.148823529411764,68.61888888888889,139.91,131.25333333333333,118.5225,124.73249999999999,51.83588235294116,54.72094339622642,34.288372093023256,147.26000000000002,137.96765957446812,123.91382978723402
2020-12-26,48.33647058823529,52.95264705882352,76.94833333333332,132.93999999999997,129.91333333333333,117.2125,107.26749999999998,108.96666666666667,103.45301886792453,53.58953488372093,138.00234042553194,127.7689361702128,116.4046808510638
2020-12-27,53.865588235294105,61.89117647058824,88.83222222222223,133.83,130.24333333333334,105.04249999999999,103.5675,96.44666666666666,96.11603773584906,53.4372093023256,133.3836170212766,123.17829787234042,112.76063829787235
2020-12-28,67.755,70.69794117647062,100.88111111111112,126.10666666666667,115.86999999999999,121.325,126.2475,122.8586274509804,115.75830188679247,61.54279069767441,132.98191489361707,123.16319148936165,111.25468085106384
2020-12-29,69.75176470588235,73.35382352941176,99.12777777777778,125.73000000000002,115.21833333333332,124.79,134.805,124.46235294117646,114.41867924528304,60.11255813953491,112.46382978723409,110.20191489361703,99.82489361702129
2020-12-30,70.13470588235293,71.2929411764706,93.35777777777777,126.87666666666667,119.12166666666667,113.92500000000001,119.74249999999999,134.22999999999996,121.6305660377358,59.85255813953489,91.29595744680849,87.52872340425535,81.07914893617018
2020-12-31,56.02617647058823,49.53029411764706,74.29777777777775,129.365,120.31,78.94,68.38,147.63156862745097,121.291320754717,55.93046511627907,89.31723404255321,84.44978723404255,79.39808510638295
2021-01-01,48.42382352941176,48.83941176470588,76.55333333333334,131.47666666666666,123.54166666666667,60.147499999999994,52.4,101.90686274509804,90.66867924528304,47.55488372093023,86.70382978723406,101.08744680851065,91.66340425531915
2021-01-02,67.05,69.40676470588234,99.37333333333335,137.03666666666666,134.405,84.085,77.7375,126.27294117647061,114.73094339622642,57.981395348837204,100.03106382978726,112.20680851063833,101.11829787234043
2021-01-03,68.6364705882353,72.14970588235295,113.275,139.59833333333333,127.98166666666664,92.61999999999999,85.775,93.59470588235294,93.328679245283,52.4639534883721,108.89659574468085,109.59957446808514,102.15659574468086
2021-01-04,71.79441176470587,70.78882352941177,119.80000000000001,134.16666666666666,114.76833333333332,99.2425,93.1925,117.65411764705884,106.64018867924528,59.02837209302323,104.26531914893617,99.40765957446806,93.84468085106384
2021-01-05,80.5435294117647,78.79411764705883,125.9738888888889,127.34166666666668,113.07166666666666,101.0775,93.315,119.96352941176468,110.65886792452831,68.22046511627904,101.63425531914895,95.66446808510639,89.40042553191489
2021-01-06,71.83882352941175,70.5935294117647,113.17388888888887,129.0683333333333,117.21500000000002,91.83500000000001,86.93,117.10000000000002,104.71603773584907,56.032093023255825,92.20382978723404,88.44340425531915,82.99851063829789
2021-01-07,72.48529411764709,69.82205882352942,112.46611111111112,128.65666666666667,115.97166666666668,91.57,82.13499999999999,117.86000000000003,107.28509433962263,56.25697674418606,90.86787234042554,85.54021276595745,81.75468085106381
2021-01-08,73.89205882352941,71.6979411764706,107.25277777777778,139.63666666666668,130.0066666666667,97.64,93.7525,136.95529411764707,122.4145283018868,58.306279069767434,104.02127659574467,95.76574468085109,89.84404255319147
2021-01-09,72.53705882352942,67.6064705882353,101.0372222222222,152.8733333333333,143.95833333333334,89.245,88.205,137.13980392156864,119.97754716981132,56.193953488372095,109.77851063829787,101.23063829787235,92.88191489361705
2021-01-10,73.98382352941178,70.8329411764706,110.88444444444444,146.40833333333333,130.84166666666667,86.46000000000001,87.7275,97.84764705882355,92.77415094339621,49.93441860465116,101.26234042553193,92.71702127659577,85.5448936170213
2021-01-11,73.77176470588235,70.95088235294119,116.3438888888889,130.0633333333333,114.15833333333332,88.39249999999998,88.97500000000001,112.14235294117647,101.80320754716982,56.66930232558138,94.84170212765954,89.22510638297877,82.33191489361704
2021-01-12,73.08264705882353,71.73882352941177,114.20888888888891,124.22500000000001,110.86166666666666,91.05000000000001,93.5975,115.2907843137255,104.18056603773584,56.73744186046512,97.88531914893616,91.80000000000003,82.97
2021-01-13,73.3094117647059,71.8264705882353,109.43611111111113,112.47500000000001,105.33166666666666,90.8425,94.545,118.35862745098039,106.03056603773587,57.394418604651186,96.28297872340426,91.91787234042553,81.80553191489359
2021-01-14,74.93029411764707,71.10029411764707,110.71444444444444,112.59833333333334,101.945,95.365,96.8725,119.48235294117643,108.8528301886792,57.68418604651165,103.10170212765956,95.82808510638299,86.61127659574468
2021-01-15,75.32352941176471,72.27558823529411,106.60722222222222,128.51500000000001,117.08166666666666,97.42,94.19749999999999,141.00156862745095,125.37150943396226,61.854418604651165,116.95787234042554,107.94191489361701,97.59063829787233
2021-01-16,72.83117647058823,65.49323529411765,100.98166666666667,143.47333333333333,137.93166666666667,94.845,89.9975,145.3141176470588,122.8537735849057,59.06976744186048,109.11595744680851,102.47212765957444,92.38978723404254
2021-01-17,69.10205882352943,64.58205882352941,106.63333333333334,138.84,134.26,84.74000000000001,85.57499999999999,108.29039215686277,98.56811320754716,52.59651162790699,90.16000000000001,90.91595744680853,81.08617021276595
2021-01-18,74.8814705882353,70.62176470588236,115.435,133.06333333333333,116.69166666666668,92.805,89.5075,116.80901960784313,109.21207547169807,59.23976744186049,86.86148936170216,89.06851063829785,78.81361702127658
2021-01-19,72.18676470588235,70.58323529411764,111.43444444444444,136.18666666666667,115.83,94.3775,92.0475,115.07235294117652,103.82867924528304,58.80302325581395,90.08872340425532,89.59787234042552,79.05319148936171
2021-01-20,74.72441176470589,71.26676470588235,109.19055555555558,134.33166666666668,117.19,96.07499999999999,91.70750000000001,114.09941176470586,102.02132075471698,56.21069767441861,92.76787234042557,91.0336170212766,80.00744680851062
2021-01-21,76.99852941176471,71.64117647058825,109.66833333333334,135.79333333333332,117.08500000000002,97.44,97.91250000000001,116.71117647058824,107.22283018867925,57.36744186046511,91.15617021276599,91.19595744680853,80.93106382978723
2021-01-22,77.01411764705884,73.01617647058823,104.67388888888887,146.94500000000002,135.81833333333333,109.365,101.20750000000001,141.08450980392152,125.61886792452829,61.534186046511614,100.5436170212766,101.71170212765954,91.42893617021276
2021-01-23,74.26735294117648,66.64882352941177,100.49833333333332,160.53333333333333,154.42999999999998,105.295,92.86749999999999,144.50745098039212,123.19264150943393,59.03302325581396,103.6923404255319,99.51808510638297,90.60574468085109
2021-01-24,67.09941176470589,65.94941176470587,105.7461111111111,156.33333333333331,141.085,106.3575,95.76,97.34784313725491,92.30698113207548,50.86279069767442,95.08063829787235,92.13829787234044,81.35829787234042
2021-01-25,74.34117647058822,71.71441176470589,116.13166666666666,139.13166666666666,131.97,113.85,103.54249999999999,107.58313725490196,98.7188679245283,57.445348837209316,93.95468085106383,92.0863829787234,81.09234042553192
2021-01-26,75.73705882352942,72.0144117647059,115.23388888888888,143.13333333333335,132.74499999999998,115.335,105.77000000000001,109.38392156862741,100.2533962264151,57.56558139534884,96.24148936170212,92.11978723404258,81.59595744680851
2021-01-27,73.30029411764706,71.84058823529415,109.50388888888887,141.70499999999998,121.56833333333334,113.1325,104.0875,112.15254901960783,103.2692452830189,57.37441860465117,96.12553191489357,92.7536170212766,81.83212765957447
2021-01-28,73.87235294117646,73.27058823529411,112.68111111111112,135.24,121.90333333333332,107.46,103.11,117.29392156862748,108.07679245283016,57.8479069767442,92.95148936170212,92.89914893617022,81.7068085106383
2021-01-29,78.53617647058823,78.81529411764704,111.62944444444445,149.69166666666666,134.75833333333333,119.795,109.2275,143.5698039215686,127.89358490566038,61.487674418604655,108.16957446808512,109.7008510638298,95.21085106382981
2021-01-30,74.57852941176472,68.52617647058825,106.42444444444443,169.615,157.72166666666666,118.3575,101.995,146.27156862745096,124.94735849056603,59.70348837209301,115.29914893617024,112.55680851063832,98.31829787234041
2021-01-31,79.10264705882351,71.75029411764707,115.07999999999998,162.91333333333333,146.78833333333333,111.63749999999999,99.8825,97.32000000000001,91.57735849056606,51.28116279069768,98.54531914893616,93.02446808510635,83.36510638297875
2021-02-01,79.96882352941176,74.54588235294118,127.32722222222225,148.23,123.55833333333332,114.9525,101.99,105.75509803921565,95.11207547169809,56.12558139534883,96.25297872340424,91.37191489361703,82.21808510638299
2021-02-02,78.49029411764707,74.44970588235293,121.39444444444445,144.30499999999998,123.29166666666667,118.74,107.47250000000001,108.82568627450983,98.11169811320757,58.07906976744185,97.52148936170215,92.4574468085106,82.52978723404254
2021-02-03,75.89823529411763,75.07941176470591,116.83277777777782,142.62333333333333,124.22166666666665,114.88250000000001,106.1575,116.84098039215682,106.86207547169812,59.38465116279069,98.99212765957446,94.88446808510639,84.06063829787234
2021-02-04,83.61411764705885,76.32382352941177,119.21833333333332,139.67,119.15166666666669,113.32,106.56,118.31764705882354,109.1294339622642,59.10441860465118,104.86978723404258,98.12936170212768,86.7372340425532
2021-02-05,82.31500000000004,77.60117647058821,113.84666666666665,152.0633333333333,140.38333333333333,105.405,107.4825,144.72313725490196,128.82056603773577,63.7567441860465,126.13744680851065,120.36085106382977,103.748085106383
2021-02-06,74.44029411764707,67.45735294117648,105.58166666666666,177.17499999999998,157.49166666666665,99.8825,100.89500000000001,146.85647058823537,124.54566037735849,60.43418604651163,124.34297872340426,122.10787234042554,104.82808510638294
2021-02-07,71.4320588235294,65.86470588235294,120.41833333333332,163.32333333333335,146.18166666666667,98.57500000000002,93.075,95.45352941176469,86.28660377358491,48.84116279069767,104.17829787234042,100.93829787234046,88.88382978723403
2021-02-08,82.93411764705883,73.6785294117647,129.0138888888889,146.52333333333334,122.49333333333333,97.855,95.15,107.90882352941175,100.68547169811322,58.43511627906978,103.41851063829783,100.38680851063832,87.77744680851066
2021-02-09,81.8585294117647,73.46823529411763,127.82777777777778,144.54166666666666,119.64166666666667,102.7575,99.79,109.76607843137256,102.42226415094338,58.19604651162789,109.62510638297873,104.03872340425531,91.46191489361702
2021-02-10,78.27882352941177,71.575,127.54944444444446,142.90666666666667,121.64333333333333,114.685,107.7525,112.97490196078427,106.25207547169813,58.439767441860454,124.17255319148937,118.91127659574467,102.86893617021275
2021-02-11,80.85117647058823,72.49617647058822,122.15000000000002,144.70000000000002,124.38000000000001,119.36,109.95,115.34803921568627,107.95433962264148,58.93372093023256,119.77659574468085,111.33872340425528,97.23170212765959
2021-02-12,80.8194117647059,76.36558823529413,118.70666666666665,161.34166666666667,148.39499999999998,118.565,124.30749999999999,148.37392156862745,131.4556603773585,65.01046511627908,134.69063829787234,128.17872340425532,109.54106382978722
2021-02-13,79.71705882352941,70.8185294117647,113.67499999999998,182.9416666666667,169.58166666666668,110.46499999999999,100.825,159.36529411764712,125.6167924528302,61.221395348837206,132.5195744680851,127.31276595744684,109.22510638297872
2021-02-14,81.27617647058824,74.3785294117647,119.99111111111112,176.67166666666665,163.48666666666668,102.99249999999999,99.1725,119.30764705882352,99.09301886792456,54.363023255813964,104.63702127659576,105.76659574468083,92.75468085106385
2021-02-15,77.22911764705881,75.07323529411767,130.42222222222222,153.58166666666668,132.52666666666667,104.985,103.625,99.26843137254902,89.50433962264148,55.016511627906986,111.2959574468085,107.95361702127657,94.09361702127659
2021-02-16,83.28941176470585,77.5535294117647,129.1511111111111,156.315,134.28833333333333,105.2475,103.9475,103.54901960784315,92.75094339622645,57.1125581395349,106.17255319148936,106.55936170212765,92.61574468085105
2021-02-17,82.34029411764708,77.60235294117648,126.83166666666665,146.21833333333333,122.87666666666667,104.4625,100.90249999999999,110.92156862745097,102.52377358490567,58.776511627906984,107.27574468085109,108.26574468085106,93.99744680851066
2021-02-18,84.0155882352941,79.30176470588233,125.37166666666664,140.98499999999999,121.88833333333334,104.925,100.7575,108.67019607843137,99.967358490566,57.01372093023257,114.12021276595748,111.10723404255315,96.76127659574472
2021-02-19,89.95000000000002,83.22999999999998,124.55499999999999,154.33333333333334,135.6783333333333,109.985,104.6175,139.79803921568632,124.57056603773584,63.199302325581385,137.84808510638302,138.33978723404252,116.12808510638301
2021-02-20,102.52352941176471,81.20352941176469,122.76333333333335,174.85000000000002,157.24333333333334,122.3775,110.66999999999999,155.13764705882357,129.6945283018868,62.07813953488375,152.8374468085107,150.3836170212766,125.90765957446808
2021-02-21,109.49529411764709,85.67529411764704,135.185,160.99499999999998,145.92833333333337,108.425,94.8325,106.28529411764704,100.95132075471702,54.31697674418605,133.65085106382978,128.2357446808511,109.391914893617
2021-02-22,93.11647058823529,83.7,137.3288888888889,140.23833333333334,119.53666666666668,99.155,87.39250000000001,114.76235294117649,107.6924528301887,61.5239534883721,134.5004255319149,133.1836170212766,111.63808510638296
2021-02-23,97.87323529411765,84.88264705882354,135.1761111111111,142.73666666666665,123.53666666666668,87.92,85.975,123.04666666666667,113.27075471698112,62.28627906976745,132.85361702127662,119.5348936170213,105.55404255319147
2021-02-24,101.4823529411765,87.26264705882352,136.27222222222224,144.465,126.06166666666665,97.5275,100.77749999999999,127.95745098039215,117.1922641509434,63.974883720930244,143.04595744680853,121.99255319148935,108.22936170212768
2021-02-25,100.44235294117645,87.4605882352941,133.85611111111112,138.65666666666667,119.34833333333334,115.10499999999999,109.72999999999999,131.53058823529412,121.55924528301891,64.38116279069764,125.46872340425527,117.57787234042553,103.3604255319149
2021-02-26,92.08294117647057,88.63382352941176,129.35500000000002,149.38,131.96666666666667,122.7575,114.63,160.45490196078427,142.3696226415094,68.91348837209303,140.03851063829785,139.35702127659573,117.76553191489361
2021-02-27,94.92029411764706,82.35294117647057,124.63722222222223,165.54666666666668,151.615,123.13999999999999,106.62,171.7633333333333,140.33245283018866,66.84325581395348,150.51680851063833,144.84659574468088,122.07446808510639
