Date,Value_PHILLIPS 66,Value_BP P.L.C.,Value_VALERO ENERGY CORPORATION,Value_CHEVRON CORPORATION,Value_OCCIDENTAL PETROLEUM CORPORATION,Value_MARATHON OIL CORPORATION,Value_PIONEER NATURAL RESOURCES COMPANY,Value_CONOCOPHILLIPS,Value_EXXON MOBIL CORPORATION,Value_MARATHON PETROLEUM CORPORATION
2017-03-21,78.6,34.24,67.15,108.04,63.36,15.05,182.3,45.18,81.83,49.26
2017-03-22,78.83,33.99,67.57,108.39,63.51,15.02,182.33,44.65,81.76,49.57
2017-03-23,78.48,34.06,67.1,107.87,63.04,14.68,181.55,44.48,81.86,49.3
2017-03-24,77.27,33.78,65.78,107.99,62.83,14.61,180.91,44.1,81.23,48.87
2017-03-27,77.25,33.75,66.23,106.28,62.87,14.75,180.4,44.29,81.25,48.83
2017-03-28,77.92,33.92,66.29,107.17,63.4,15.23,185.37,45.38,81.84,49.03
2017-03-29,78.32,34.43,67.14,108.07,63.78,15.85,188.32,45.95,82.02,50.55
2017-03-30,78.59,34.52,66.23,107.78,64.27,15.85,182.48,50.0,83.7,50.14
2017-03-31,79.22,34.52,66.29,107.37,63.36,15.8,186.23,49.87,82.01,50.54
2017-04-03,78.29,34.4,66.23,107.8,63.74,15.82,185.48,49.45,82.07,49.94
2017-04-04,78.43,34.79,65.81,108.66,64.01,16.14,187.81,49.73,82.37,50.3
2017-04-05,77.57,34.59,65.09,108.64,63.43,15.98,188.3,49.11,82.53,49.44
2017-04-06,76.88,34.73,65.07,109.29,63.28,16.31,190.44,49.81,83.01,49.84
2017-04-07,77.15,34.85,65.57,108.86,62.99,16.26,189.83,49.54,82.76,50.02
2017-04-10,78.05,35.09,65.35,109.43,64.14,16.56,190.34,50.15,83.13,50.14
2017-04-11,77.88,35.37,65.63,108.97,64.98,16.6,189.95,50.15,82.84,50.43
2017-04-12,77.38,35.45,65.13,108.97,65.06,16.41,186.9,49.44,82.97,49.94
2017-04-13,76.67,34.99,64.68,106.1,64.09,15.91,182.06,48.62,81.69,49.24
2017-04-17,77.01,35.03,65.19,106.17,64.03,16.02,183.01,48.95,81.58,49.9
2017-04-18,75.93,34.67,64.15,105.68,62.7,15.74,180.63,48.69,81.05,48.94
2017-04-19,75.33,34.14,63.49,104.23,61.96,15.06,175.06,48.0,80.49,48.19
2017-04-20,75.75,34.15,64.1,104.88,61.93,15.09,174.44,47.95,81.01,48.54
2017-04-21,76.35,34.0,65.23,104.89,61.86,15.16,174.63,47.74,80.69,48.56
2017-04-24,77.51,34.45,66.82,105.93,62.07,15.15,175.72,47.91,81.11,50.19
2017-04-25,78.08,34.66,65.83,106.73,62.5,15.61,178.35,48.79,81.73,50.03
2017-04-26,78.11,34.66,64.9,106.08,62.43,15.31,176.91,48.34,81.4,49.6
2017-04-27,78.05,34.4,65.32,105.47,61.52,14.88,172.36,47.86,81.26,51.02
2017-04-28,79.56,34.32,64.61,106.7,61.54,14.87,172.99,47.91,81.65,50.94
2017-05-01,79.56,34.32,64.36,105.92,60.82,14.82,172.43,47.48,82.06,50.86
2017-05-02,79.26,34.75,64.49,105.36,60.04,14.64,170.44,46.7,82.05,51.42
2017-05-03,79.59,34.69,64.9,106.72,60.17,14.85,170.81,47.08,82.7,51.24
2017-05-04,78.24,34.32,64.37,104.81,58.02,14.17,165.63,45.92,81.64,49.56
2017-05-05,79.35,35.3,65.34,105.79,60.4,14.29,169.61,46.77,82.02,50.66
2017-05-08,79.64,35.43,66.11,106.68,60.6,14.59,172.46,47.13,82.89,51.34
2017-05-09,79.6,35.35,66.63,105.08,59.88,14.4,169.48,46.27,82.31,51.46
2017-05-10,79.75,35.01,66.68,106.5,61.33,14.7,171.27,47.61,81.91,52.34
2017-05-11,79.52,35.21,66.35,106.21,61.07,14.48,171.26,47.42,82.61,52.51
2017-05-12,79.79,35.39,66.42,105.96,60.87,14.33,171.64,46.97,82.55,52.67
2017-05-15,80.12,35.71,65.55,106.85,61.31,14.54,173.85,47.44,82.8,52.99
2017-05-16,78.54,36.24,64.54,107.25,60.53,14.43,174.79,47.13,82.55,52.48
2017-05-17,77.67,36.17,63.8,104.7,60.27,14.35,173.24,46.41,81.99,52.05
2017-05-18,77.55,36.51,63.54,105.17,60.29,14.12,172.75,46.42,81.75,51.94
2017-05-19,78.25,36.94,63.87,106.52,60.64,14.53,176.62,47.48,81.93,52.78
2017-05-22,78.55,36.96,63.84,106.12,60.59,14.44,173.56,46.93,82.29,52.98
2017-05-23,78.14,36.93,64.12,106.27,61.56,14.56,173.74,46.76,82.58,53.08
2017-05-24,78.28,36.9,63.81,106.22,61.16,14.53,173.66,46.67,82.29,53.13
2017-05-25,77.42,36.4,63.19,105.11,60.71,13.5,168.62,45.05,81.75,52.45
2017-05-26,77.44,36.41,62.45,104.72,61.0,13.52,170.24,45.35,81.55,52.82
2017-05-30,77.0,36.27,62.09,104.06,60.12,13.12,165.08,44.79,81.1,52.42
2017-05-31,76.11,36.15,61.47,103.48,58.93,13.02,166.86,44.69,80.5,52.04
2017-06-01,76.62,36.24,62.12,104.27,60.51,13.1,166.97,44.86,80.7,53.13
2017-06-02,76.37,35.91,62.1,103.11,60.7,12.72,164.88,44.26,79.5,52.7
2017-06-05,76.86,36.08,62.4,103.19,60.06,12.78,165.51,44.02,80.12,52.8
2017-06-06,77.04,36.24,62.29,104.17,61.65,12.88,168.71,44.48,81.21,53.09
2017-06-07,76.96,35.42,62.3,103.77,60.13,12.21,164.96,43.56,80.91,52.97
2017-06-08,77.4,35.41,63.18,104.0,58.61,12.09,163.43,43.07,80.62,53.43
2017-06-09,79.57,35.83,65.26,106.4,61.01,12.54,169.45,44.82,82.13,54.71
2017-06-12,80.21,35.81,65.92,108.04,60.85,12.62,167.81,45.72,82.93,54.47
2017-06-13,80.63,36.03,66.53,108.13,61.0,13.01,168.75,46.43,82.96,55.03
2017-06-14,78.78,35.37,64.75,106.6,60.12,12.64,164.86,45.42,82.07,53.35
2017-06-15,79.08,35.24,64.69,106.33,59.4,12.37,158.02,45.39,82.26,52.99
2017-06-16,80.94,36.0,65.8,108.35,61.83,12.52,158.79,46.53,83.49,53.77
2017-06-19,81.24,36.04,66.61,107.46,62.03,12.49,158.79,46.36,82.76,54.29
2017-06-20,79.55,34.98,65.65,106.48,60.77,12.06,157.88,45.82,82.31,52.85
2017-06-21,78.89,34.65,64.68,104.49,59.88,11.61,155.03,44.95,81.44,51.73
2017-06-22,78.91,34.6,64.82,104.45,60.21,11.59,154.75,44.81,81.08,51.17
2017-06-23,80.27,34.84,65.98,105.0,60.12,11.53,155.93,44.83,81.61,51.5
2017-06-26,80.24,34.88,66.04,104.14,60.01,11.53,155.21,44.23,81.24,51.33
2017-06-27,80.54,35.15,66.81,104.07,59.63,11.35,154.27,43.97,81.11,51.85
2017-06-28,81.79,35.27,67.47,104.28,59.57,11.45,155.66,43.96,81.53,52.62
2017-06-29,81.87,34.86,67.09,104.12,59.8,11.71,158.47,44.08,80.7,51.81
2017-06-30,82.69,34.65,67.46,104.33,59.87,11.85,159.58,43.96,80.73,52.33
2017-07-03,83.34,35.02,68.02,106.3,61.26,12.14,162.77,45.66,82.1,53.1
2017-07-05,82.33,34.42,67.07,104.62,59.75,11.74,159.41,44.16,80.85,52.9
2017-07-06,81.89,34.44,66.46,103.82,58.87,11.59,156.99,43.31,80.12,52.85
2017-07-07,82.6,34.36,68.18,103.49,58.68,11.47,156.03,43.0,80.22,54.07
2017-07-10,82.46,34.33,68.09,103.04,58.77,11.52,158.47,43.24,80.16,54.08
2017-07-11,82.36,34.36,67.93,103.12,58.94,11.59,160.38,43.35,80.6,54.2
2017-07-12,82.24,34.87,68.03,103.89,59.16,11.43,160.11,43.24,80.96,53.76
2017-07-13,81.72,34.72,67.78,104.13,59.5,11.45,160.65,43.25,80.97,53.84
2017-07-14,82.2,34.95,68.04,104.44,59.82,11.65,160.94,43.45,81.28,53.81
2017-07-17,81.81,34.92,67.43,104.21,60.04,11.59,162.83,43.19,80.86,54.31
2017-07-18,81.96,34.83,67.51,103.72,60.24,11.68,161.5,43.07,80.6,54.83
2017-07-19,82.92,35.03,68.03,104.46,60.89,12.25,163.94,43.66,80.85,55.55
2017-07-20,82.36,35.1,67.52,104.63,60.52,12.1,163.28,43.23,80.86,55.4
2017-07-21,82.85,34.68,67.78,103.25,60.03,11.85,160.21,42.65,80.12,55.34
2017-07-24,82.65,34.46,67.68,103.2,59.41,11.88,160.1,42.61,79.87,55.56
2017-07-25,84.45,34.9,68.44,104.39,61.01,12.34,162.6,43.65,80.27,56.02
2017-07-26,83.7,34.84,67.99,105.12,61.59,12.18,162.6,43.7,80.37,55.66
2017-07-27,84.51,34.99,67.59,106.11,62.14,12.23,163.9,44.66,80.83,56.15
2017-07-28,83.65,35.16,66.69,108.12,62.73,12.36,161.41,45.26,79.6,54.98
2017-07-31,83.75,35.14,68.97,109.19,61.93,12.23,163.1,45.37,80.04,55.99
2017-08-01,85.63,36.27,68.82,110.78,61.53,11.91,163.27,44.75,80.17,56.53
2017-08-02,86.67,36.4,68.5,110.46,61.37,12.04,145.68,45.61,80.6,56.2
2017-08-03,85.65,36.14,68.5,109.43,61.55,12.51,135.12,44.91,80.49,55.89
2017-08-04,85.6,36.33,68.53,110.11,62.09,12.9,135.34,45.56,80.21,55.79
2017-08-07,85.07,36.75,68.0,109.78,61.83,12.35,129.64,45.17,80.16,54.9
2017-08-08,85.02,36.54,67.79,110.35,61.35,12.37,135.38,45.63,79.96,54.44
2017-08-09,84.49,36.16,66.93,110.89,61.66,12.2,137.55,45.65,80.21,52.99
2017-08-10,83.64,35.47,66.2,110.11,61.34,12.05,135.26,44.97,78.97,52.21
2017-08-11,83.44,34.94,66.15,109.23,61.13,12.12,134.02,44.79,78.21,52.16
2017-08-14,83.88,34.68,66.79,108.71,61.24,11.63,132.84,44.54,78.23,52.31
2017-08-15,83.68,34.57,67.15,108.57,60.62,11.53,133.7,44.5,78.04,51.89
2017-08-16,83.03,34.29,65.99,106.84,59.7,11.19,131.63,43.69,77.47,51.06
2017-08-17,80.89,34.1,64.55,105.92,58.92,10.82,131.27,43.0,76.26,49.7
2017-08-18,81.56,34.16,64.75,106.48,59.15,10.87,131.95,43.11,76.64,50.11
2017-08-21,81.9,34.0,64.7,105.78,58.84,10.77,127.94,42.5,76.38,49.45
2017-08-22,82.23,34.15,65.58,106.36,59.16,10.89,128.06,43.19,76.74,49.67
2017-08-23,82.36,34.24,65.71,106.61,59.6,11.02,129.71,43.69,76.61,50.17
2017-08-24,83.87,34.18,67.44,107.44,59.13,10.99,128.41,43.3,76.33,51.13
2017-08-25,83.42,34.54,67.67,108.23,59.22,11.05,129.2,43.58,76.72,51.72
2017-08-28,83.65,34.47,68.42,107.76,59.13,10.92,128.46,43.05,76.47,52.52
2017-08-29,83.5,34.37,67.92,107.86,59.08,10.88,127.96,42.85,76.45,51.43
2017-08-30,83.6,34.37,68.41,107.73,59.17,10.9,128.8,43.41,76.1,52.33
2017-08-31,83.81,34.73,68.1,107.62,59.7,11.12,129.65,43.66,76.33,52.45
2017-09-01,84.43,34.77,69.2,108.76,59.75,11.27,130.64,44.24,76.57,54.28
2017-09-05,83.24,34.95,67.91,109.44,60.72,11.29,131.13,44.39,77.18,51.79
2017-09-06,83.36,35.32,68.11,111.79,61.62,11.73,133.08,45.06,78.78,52.37
2017-09-07,84.04,35.5,68.86,111.8,61.86,11.78,131.78,45.11,79.03,52.63
2017-09-08,84.7,35.32,69.54,110.78,60.24,11.31,128.5,44.47,78.82,53.42
2017-09-11,85.19,35.56,69.81,112.52,60.41,11.49,129.69,44.93,79.25,53.75
2017-09-12,85.73,35.75,70.21,112.49,60.78,11.59,129.92,44.93,79.5,53.77
2017-09-13,86.35,35.99,71.0,114.18,61.55,11.91,135.51,45.56,79.77,53.21
2017-09-14,86.24,36.33,69.94,114.45,61.58,11.93,136.93,45.83,80.09,52.34
2017-09-15,87.67,36.58,71.13,114.63,61.35,12.0,136.93,46.51,80.07,52.96
2017-09-18,88.31,36.65,72.2,115.19,61.8,12.02,137.0,47.09,80.09,53.58
2017-09-19,89.09,36.95,72.71,116.34,61.86,12.0,137.09,47.55,80.22,54.2
2017-09-20,89.07,37.23,73.18,116.37,62.49,12.42,141.27,48.33,80.55,54.43
2017-09-21,89.14,37.7,73.36,116.47,62.75,12.73,142.01,48.69,79.89,54.37
2017-09-22,89.89,37.82,74.29,117.29,62.94,12.79,144.01,49.08,79.92,54.73
2017-09-25,91.01,38.24,75.12,117.99,64.58,13.19,146.66,49.98,80.98,55.53
2017-09-26,91.35,37.87,74.96,117.52,64.44,13.4,147.58,49.67,80.89,55.38
2017-09-27,91.8,38.02,75.47,117.45,65.19,13.73,149.58,50.22,81.43,55.24
2017-09-28,91.79,38.42,76.74,117.62,64.97,13.53,147.55,50.0,82.19,55.47
2017-09-29,91.61,38.43,76.93,117.5,64.21,13.56,147.54,50.05,81.98,56.08
2017-10-02,92.38,38.39,77.05,117.43,64.11,13.59,151.29,50.31,81.63,55.89
2017-10-03,93.63,38.7,77.57,117.82,63.98,13.76,153.01,49.24,81.76,56.14
2017-10-04,93.43,38.65,77.69,117.58,64.39,13.9,151.76,49.31,81.79,56.31
2017-10-05,93.33,38.61,77.27,118.58,64.35,13.88,151.16,49.7,82.02,56.25
2017-10-06,92.82,38.26,77.23,117.03,63.91,13.55,150.47,48.86,81.71,56.02
2017-10-09,93.32,38.46,77.13,117.71,64.0,13.58,150.96,48.91,82.03,56.14
2017-10-10,93.47,38.81,77.37,118.8,64.5,13.62,150.67,49.19,82.26,56.25
2017-10-11,93.68,38.85,77.92,119.33,64.39,13.68,149.01,49.6,82.6,56.22
2017-10-12,94.34,39.01,77.91,119.14,64.22,13.62,146.24,49.81,82.43,56.55
2017-10-13,94.43,39.1,78.08,119.16,64.73,13.75,143.92,49.4,82.41,56.37
2017-10-16,90.87,39.19,77.42,120.13,64.77,13.85,143.69,49.72,82.81,55.72
2017-10-17,90.63,38.69,77.62,120.22,64.64,13.96,145.35,49.72,82.96,56.51
2017-10-18,90.24,38.72,77.62,118.15,64.63,13.77,145.09,49.71,82.76,56.75
2017-10-19,90.39,38.75,77.63,118.2,64.84,13.74,142.98,49.71,82.74,57.1
2017-10-20,90.8,38.75,77.54,118.64,65.47,13.93,144.75,50.25,83.11,57.49
2017-10-23,91.24,38.79,77.4,118.93,65.05,13.63,143.93,50.26,83.24,56.34
2017-10-24,91.83,39.0,77.69,119.23,65.82,13.71,143.22,50.99,83.47,56.99
2017-10-25,91.71,38.79,77.68,118.44,65.35,13.48,142.16,49.96,83.17,56.44
2017-10-26,91.18,38.65,76.29,118.44,64.62,13.56,142.31,51.46,83.47,57.27
2017-10-27,91.99,39.1,77.75,113.54,65.05,13.81,145.38,51.21,83.71,58.47
2017-10-30,91.02,39.62,78.4,114.39,64.96,14.16,146.26,51.39,83.54,59.06
2017-10-31,91.08,40.67,78.89,115.89,64.57,14.22,149.67,51.15,83.35,59.74
2017-11-01,92.3,40.76,80.71,115.9,65.46,14.87,153.97,52.1,83.87,60.89
2017-11-02,93.46,40.67,81.59,115.33,67.9,15.44,147.8,52.48,83.53,62.17
2017-11-03,93.58,40.56,80.88,114.99,68.26,15.58,150.29,52.96,83.18,62.2
2017-11-06,94.43,41.41,81.45,117.04,68.82,16.33,158.8,53.67,83.75,62.35
2017-11-07,94.57,41.48,81.83,117.24,68.75,16.16,161.67,53.48,83.58,63.11
2017-11-08,94.55,41.4,81.67,116.67,68.17,15.75,159.57,53.52,83.47,63.22
2017-11-09,94.42,40.72,81.28,117.24,68.7,15.78,161.14,53.53,83.97,61.66
2017-11-10,93.66,40.3,81.37,117.18,68.17,15.62,158.93,52.99,82.94,61.72
2017-11-13,93.32,39.88,80.67,117.23,67.93,15.55,156.92,52.57,82.89,62.2
2017-11-14,92.83,39.61,81.37,116.92,67.32,14.84,152.81,51.23,82.24,62.87
2017-11-15,92.57,39.09,81.48,116.45,66.67,14.79,151.51,50.49,81.21,61.5
2017-11-16,92.46,38.77,82.12,114.57,67.17,14.52,151.04,50.22,80.56,62.01
2017-11-17,92.65,39.09,82.88,114.71,68.4,15.05,152.22,50.13,80.24,62.27
2017-11-20,92.62,39.0,82.09,114.72,67.81,14.47,151.51,50.08,80.55,61.94
2017-11-21,93.62,39.13,83.8,115.17,67.88,14.52,152.23,50.01,80.87,62.29
2017-11-22,93.29,39.78,82.35,115.91,68.23,14.88,154.08,50.22,81.1,62.01
2017-11-24,93.64,40.05,82.25,116.51,68.42,15.13,154.1,50.47,81.42,62.03
2017-11-27,92.81,39.51,82.12,115.59,68.08,14.48,150.58,49.16,81.11,61.88
2017-11-28,94.05,39.9,83.24,116.45,68.96,14.56,151.09,50.13,81.67,62.22
2017-11-29,94.91,39.71,83.34,117.18,69.9,14.75,151.16,50.73,82.27,61.4
2017-11-30,97.56,40.07,85.62,118.99,70.5,14.84,156.04,50.88,83.29,62.63
2017-12-01,97.57,39.95,84.17,119.51,70.24,15.08,157.16,51.74,83.46,62.84
2017-12-04,97.53,39.91,83.63,120.84,70.06,14.9,156.35,51.29,83.57,63.3
2017-12-05,98.27,39.73,85.78,120.39,70.0,14.88,153.86,51.23,82.89,64.54
2017-12-06,97.59,39.58,84.97,119.61,69.27,14.45,150.66,50.38,82.28,63.46
2017-12-07,97.86,39.31,85.59,119.63,69.41,14.74,154.25,50.54,82.55,64.0
2017-12-08,99.55,39.64,87.6,119.92,68.87,15.15,155.9,51.57,82.66,64.75
2017-12-11,99.72,39.93,87.2,120.42,69.5,15.15,158.67,51.69,83.03,64.46
2017-12-12,99.07,40.66,86.94,119.68,70.03,15.18,158.99,51.96,82.76,64.49
2017-12-13,99.99,40.65,87.45,119.93,69.97,15.2,157.06,51.68,83.12,64.15
2017-12-14,99.55,40.63,87.48,119.53,70.55,15.12,156.58,52.31,82.9,64.66
2017-12-15,99.92,40.28,88.19,119.73,70.62,15.01,155.83,52.17,83.03,65.75
2017-12-18,99.98,40.84,88.93,119.7,70.97,15.43,159.31,52.34,82.94,66.01
2017-12-19,99.14,40.64,88.07,119.84,70.9,16.02,160.2,52.68,82.44,64.75
2017-12-20,100.72,40.95,90.16,120.89,71.88,16.32,167.2,54.25,82.87,65.66
2017-12-21,100.08,41.68,90.72,124.82,72.58,17.05,168.82,55.95,83.85,66.33
2017-12-22,100.89,41.29,91.13,124.98,72.99,16.9,171.12,55.5,83.97,66.36
2017-12-26,101.64,41.69,91.86,125.98,73.54,17.26,173.99,56.23,83.98,66.84
2017-12-27,102.06,41.72,92.14,125.55,73.32,17.01,172.44,55.59,83.9,66.42
2017-12-28,101.96,41.87,92.3,125.58,73.7,17.07,172.58,55.18,84.02,66.4
2017-12-29,101.15,42.03,91.91,125.19,73.66,16.93,172.85,54.89,83.64,65.98
2018-01-02,101.75,42.38,92.8,127.58,73.98,17.38,172.92,55.32,85.03,67.18
2018-01-03,102.43,42.87,93.29,128.51,75.0,17.67,176.34,56.34,86.7,68.61
2018-01-04,102.15,43.04,93.59,128.11,74.96,18.12,177.27,56.99,86.82,68.68
2018-01-05,102.16,43.1,94.03,127.9,74.55,17.89,176.51,56.88,86.75,69.34
2018-01-08,102.06,43.08,94.22,128.53,75.19,17.97,178.53,57.46,87.14,69.39
2018-01-09,101.72,42.87,94.1,127.84,74.89,18.05,177.95,57.93,86.77,69.0
2018-01-10,102.08,42.9,94.15,128.66,74.25,17.9,178.7,57.65,86.08,69.51
2018-01-11,102.37,43.27,94.55,132.57,75.82,18.6,184.17,59.18,86.93,70.25
2018-01-12,104.97,43.91,96.75,133.6,76.53,18.82,186.15,60.05,87.52,71.42
2018-01-16,103.5,42.46,96.15,132.01,75.27,18.24,182.51,58.84,86.97,70.78
2018-01-17,106.16,42.88,97.56,132.36,75.86,18.84,184.32,59.86,88.0,71.98
2018-01-18,105.29,42.9,96.46,131.59,75.39,18.69,184.38,59.76,87.43,71.49
2018-01-19,105.63,42.4,97.26,131.3,75.55,18.58,183.17,59.75,87.15,71.89
2018-01-22,106.66,43.39,98.95,132.56,77.63,19.28,186.3,60.67,88.25,73.16
2018-01-23,106.9,43.24,98.69,131.02,77.42,19.22,186.01,60.47,88.3,73.12
2018-01-24,104.63,43.94,97.66,131.39,77.56,19.28,188.33,60.49,88.53,71.59
2018-01-25,104.17,43.74,97.18,130.65,76.74,18.68,188.5,59.48,88.37,71.08
2018-01-26,106.59,43.81,98.69,131.19,77.18,18.84,188.36,60.39,89.0,71.74
2018-01-29,104.25,43.35,96.39,128.48,76.24,18.62,187.0,59.66,88.01,70.15
2018-01-30,102.28,42.81,94.34,125.23,74.76,18.06,182.66,58.46,86.78,69.13
2018-01-31,102.4,42.79,95.97,125.35,74.97,18.19,182.91,58.81,87.3,69.27
2018-02-01,100.86,43.36,94.69,125.57,76.1,18.43,186.65,59.35,89.07,68.69
2018-02-02,97.01,41.16,93.19,118.58,73.58,17.52,178.74,57.72,84.53,67.41
2018-02-05,95.21,39.78,89.77,112.62,70.91,16.78,171.82,55.94,79.72,64.58
2018-02-06,96.88,40.57,90.46,117.18,71.22,17.23,173.95,55.94,78.35,65.69
2018-02-07,95.61,40.0,89.84,115.29,69.87,16.33,176.2,55.63,76.94,65.09
2018-02-08,92.44,39.55,86.77,112.3,68.47,15.68,169.16,53.24,76.07,62.79
2018-02-09,92.6,39.11,88.22,113.5,68.18,15.51,165.05,52.02,75.78,63.84
2018-02-12,93.59,39.87,88.84,113.98,69.87,16.27,171.03,53.41,76.42,64.77
2018-02-13,93.76,39.69,89.48,113.29,69.72,16.07,172.17,53.32,76.3,66.08
2018-02-14,93.33,40.37,92.63,113.63,69.85,16.95,179.5,55.51,76.46,68.16
2018-02-15,92.77,39.84,93.0,112.53,69.43,16.32,179.59,54.54,76.21,67.8
2018-02-16,91.99,39.62,93.27,112.14,68.16,15.65,178.79,54.65,76.54,67.93
2018-02-20,90.99,39.52,91.58,110.98,67.99,15.85,178.25,54.84,75.75,66.25
2018-02-21,89.58,38.84,90.83,109.06,67.21,15.3,174.73,53.75,74.89,66.27
2018-02-22,90.13,39.25,92.05,109.89,67.92,15.18,177.41,54.91,75.86,66.46
2018-02-23,91.83,40.1,92.46,112.59,68.32,15.54,180.0,57.05,77.53,66.81
2018-02-26,92.52,40.29,93.31,114.6,67.27,15.34,179.69,56.59,78.84,66.29
2018-02-27,92.12,39.5,92.77,113.61,66.75,15.0,174.67,55.83,77.5,65.6
2018-02-28,90.37,38.86,90.42,111.92,65.6,14.52,170.23,54.31,75.74,64.06
2018-03-01,90.87,38.94,90.82,112.04,65.63,14.53,169.16,53.88,75.2,64.79
2018-03-02,91.37,38.7,92.2,111.64,65.64,14.86,168.89,54.06,75.55,65.19
2018-03-05,93.06,39.16,91.56,113.15,65.92,15.15,171.69,53.99,76.27,66.16
2018-03-06,93.93,39.55,91.72,113.65,65.66,15.03,169.96,54.06,76.18,67.39
2018-03-07,94.22,39.31,92.04,113.84,65.19,14.8,170.17,54.07,74.26,67.68
2018-03-08,95.19,39.46,93.31,113.35,62.96,14.83,167.68,53.57,74.12,69.03
2018-03-09,95.91,39.66,94.32,117.22,63.67,15.22,171.53,55.06,74.56,70.22
2018-03-12,94.99,39.85,92.69,116.79,63.89,15.09,171.19,54.74,75.24,69.27
2018-03-13,94.55,39.55,93.49,116.46,64.2,14.82,169.56,53.96,74.53,69.24
2018-03-14,94.21,38.87,92.66,115.13,64.04,14.87,169.04,53.96,73.6,69.36
2018-03-15,94.46,39.03,92.33,115.58,63.91,14.91,166.57,54.03,74.42,68.63
2018-03-16,95.79,39.48,93.79,115.4,64.45,15.12,169.34,54.93,75.12,69.68
2018-03-19,94.4,38.75,92.94,113.89,63.65,14.85,166.24,53.57,74.15,69.21
2018-03-20,95.1,39.04,94.47,114.5,63.91,15.26,169.86,54.7,73.99,71.46
2018-03-21,96.15,40.13,95.45,117.04,66.04,16.32,175.37,57.04,75.04,73.21
2018-03-22,94.7,39.03,93.04,113.7,65.18,15.84,172.34,56.5,73.5,72.97
2018-03-23,93.39,39.12,91.22,112.98,65.49,15.76,172.47,57.74,72.89,71.28
2018-03-26,96.0,40.42,94.25,115.35,67.2,16.27,175.57,59.08,74.0,73.68
2018-03-27,95.71,39.97,92.27,114.66,65.82,15.82,171.75,59.14,73.7,72.88
2018-03-28,94.33,39.6,90.28,112.1,63.15,15.32,167.52,58.73,72.81,71.82
2018-03-29,95.92,40.54,92.77,114.04,64.96,16.13,171.78,59.29,74.61,73.11
2018-04-02,94.95,39.91,91.56,112.24,64.67,15.57,166.91,58.09,73.22,71.8
2018-04-03,96.18,40.71,92.7,114.83,66.63,16.0,169.46,60.03,75.02,72.6
2018-04-04,95.99,41.03,93.35,114.48,66.62,15.89,169.28,59.56,74.87,72.57
2018-04-05,97.77,41.92,95.86,117.29,67.77,16.8,172.43,60.46,76.02,73.41
2018-04-06,96.97,41.76,95.18,114.76,67.53,16.24,168.13,59.26,74.87,72.45
2018-04-09,97.74,41.66,96.01,115.98,68.93,16.35,169.35,60.62,74.87,71.67
2018-04-10,100.25,42.78,98.89,118.85,70.51,17.06,178.32,62.34,77.07,73.7
2018-04-11,102.55,43.06,100.31,119.25,71.68,17.52,181.78,63.23,77.43,74.02
2018-04-12,102.63,43.06,100.53,119.23,71.78,17.63,182.61,63.24,77.22,74.25
2018-04-13,103.74,42.96,101.83,119.92,73.63,18.16,188.32,64.9,77.84,74.59
2018-04-16,106.82,42.72,105.49,120.7,74.91,18.19,191.13,65.73,78.54,77.52
2018-04-17,107.86,42.65,106.69,121.46,75.22,18.15,191.13,66.51,78.33,78.55
2018-04-18,108.89,43.53,107.54,123.82,75.92,18.23,194.45,66.42,79.22,78.78
2018-04-19,110.64,43.67,108.2,123.71,75.99,17.99,195.47,66.31,79.42,79.4
2018-04-20,110.99,43.5,108.55,122.31,76.47,18.02,194.95,65.79,79.0,79.76
2018-04-23,111.45,43.91,109.26,123.58,77.24,17.98,197.35,65.48,79.57,79.85
2018-04-24,109.23,44.24,108.29,122.54,77.34,17.71,196.06,65.31,78.35,79.78
2018-04-25,109.79,44.17,108.68,122.72,77.36,17.97,198.9,65.06,79.5,80.23
2018-04-26,112.52,44.85,111.54,124.22,77.6,18.46,200.73,66.97,80.86,82.93
2018-04-27,111.34,44.22,109.78,126.62,77.04,18.11,199.29,64.95,77.79,81.43
2018-04-30,111.31,44.59,110.93,125.11,77.26,18.25,201.55,65.5,77.75,74.91
2018-05-01,111.85,44.8,110.72,124.86,76.58,18.2,198.86,65.71,76.95,72.9
2018-05-02,114.52,44.7,112.25,125.49,76.83,18.3,196.33,65.45,76.8,75.84
2018-05-03,115.59,44.73,113.37,126.01,77.29,19.44,192.14,65.99,76.54,77.46
2018-05-04,115.61,45.34,113.39,125.53,77.71,19.72,194.19,66.86,76.9,76.94
2018-05-07,115.41,45.69,113.67,124.94,77.28,19.77,195.8,66.77,77.74,76.5
2018-05-08,116.25,45.33,113.19,126.57,78.2,20.44,197.65,67.74,78.09,75.31
2018-05-09,117.5,46.78,114.82,128.72,82.4,21.26,201.52,68.7,79.93,77.11
2018-05-10,117.96,45.88,114.49,128.82,83.86,21.14,203.19,69.34,81.72,77.54
2018-05-11,117.76,45.83,114.63,129.84,84.97,21.0,202.17,69.44,81.28,77.33
2018-05-14,118.29,46.4,115.87,130.39,84.89,21.42,201.62,69.59,81.83,78.34
2018-05-15,118.32,46.79,115.9,129.74,84.27,21.27,203.05,70.09,81.79,77.29
2018-05-16,118.16,46.71,114.99,129.56,84.26,21.18,206.08,69.85,82.02,76.73
2018-05-17,121.87,47.19,119.71,129.46,86.16,21.65,212.31,70.66,81.88,80.71
2018-05-18,120.33,47.38,120.56,127.86,86.16,21.41,209.64,70.66,81.3,79.53
2018-05-21,121.44,47.79,122.06,129.37,85.79,21.9,209.84,70.66,82.28,78.85
2018-05-22,118.75,47.09,120.15,128.23,84.95,21.54,202.68,70.13,81.64,78.49
2018-05-23,118.95,46.45,121.05,128.7,85.33,21.63,199.5,69.12,82.15,78.87
2018-05-24,118.82,45.75,121.88,126.61,83.86,21.47,193.23,68.45,80.27,79.11
2018-05-25,115.6,44.35,118.73,122.19,82.4,20.71,190.64,65.47,78.71,77.0
2018-05-29,116.81,44.54,119.47,121.39,81.83,20.68,190.88,65.71,78.42,77.61
2018-05-30,119.18,45.71,122.21,125.16,84.07,21.53,196.62,68.05,81.5,79.55
2018-05-31,116.49,45.82,121.2,124.3,84.2,21.43,193.1,67.39,81.24,79.03
2018-06-01,119.0,45.92,123.78,123.85,85.1,21.52,191.91,68.29,81.83,81.92
2018-06-04,119.2,45.96,124.44,122.26,85.36,21.08,190.65,67.9,80.97,81.93
2018-06-05,118.83,46.29,123.33,122.73,85.51,20.58,191.16,67.56,80.68,80.33
2018-06-06,116.65,46.28,121.2,123.38,86.46,20.7,190.98,67.88,82.06,78.76
2018-06-07,117.44,47.2,121.49,126.96,86.48,21.1,195.42,69.48,82.88,79.15
2018-06-08,116.84,47.04,119.72,126.44,85.47,20.99,193.24,69.43,83.6,78.99
2018-06-11,117.02,47.12,120.57,127.56,86.15,21.47,191.54,70.49,83.1,77.77
2018-06-12,115.55,46.12,118.02,127.08,84.93,21.36,192.95,69.43,82.42,75.46
2018-06-13,115.75,46.01,117.88,127.07,84.33,21.47,192.86,69.62,81.51,74.88
2018-06-14,115.55,46.44,116.82,126.51,84.35,21.12,191.45,68.13,81.89,75.19
2018-06-15,114.3,45.13,115.18,124.04,83.33,19.99,184.2,65.36,80.66,73.56
2018-06-18,114.94,45.35,116.54,125.97,83.79,20.32,184.6,66.6,80.82,74.79
2018-06-19,114.58,45.15,116.62,125.54,82.58,20.53,180.14,66.26,80.7,74.52
2018-06-20,114.59,44.76,115.73,125.29,83.24,20.53,183.24,66.26,80.45,73.82
2018-06-21,111.45,44.16,111.22,122.59,82.09,19.92,178.02,65.11,79.69,72.48
2018-06-22,112.02,45.78,112.24,125.1,83.33,21.48,185.65,67.78,81.38,72.62
2018-06-25,110.45,44.24,109.26,122.61,81.35,20.3,182.27,66.14,79.74,69.97
2018-06-26,110.81,44.89,110.25,124.16,82.68,20.73,186.28,67.34,80.64,70.54
2018-06-27,110.71,45.44,109.52,126.0,83.77,21.22,192.8,68.74,81.71,69.2
2018-06-28,111.74,45.67,109.11,125.66,83.4,20.7,188.85,68.41,81.97,69.49
2018-06-29,112.31,45.66,110.83,126.43,83.68,20.86,189.24,69.62,82.73,70.16
2018-07-02,110.61,45.2,109.23,124.25,82.52,20.66,185.21,68.59,81.76,70.27
2018-07-03,110.51,45.9,108.17,124.73,83.86,21.27,186.19,69.56,82.24,70.82
2018-07-05,110.15,46.0,107.53,123.98,84.19,20.7,183.33,68.93,82.31,69.6
2018-07-06,111.18,45.94,107.83,124.14,84.25,21.09,185.02,69.65,82.33,70.2
2018-07-09,112.59,46.6,109.27,125.99,85.25,21.91,189.24,71.0,82.9,71.82
2018-07-10,113.19,47.05,108.62,127.59,85.7,21.98,189.82,71.74,83.66,71.87
2018-07-11,110.66,45.14,106.36,123.52,83.93,21.3,182.59,70.05,82.59,69.96
2018-07-12,111.14,45.35,106.79,124.26,84.56,21.43,182.36,71.45,82.69,70.51
2018-07-13,111.81,45.37,107.34,124.04,83.64,21.48,184.55,72.0,83.31,71.74
2018-07-16,111.32,44.62,106.3,122.98,82.53,20.04,183.0,70.58,82.49,71.42
2018-07-17,111.06,44.43,106.09,121.91,82.69,20.06,182.64,70.28,82.31,71.7
2018-07-18,110.9,44.25,106.65,121.53,82.96,20.37,182.24,70.35,82.22,72.56
2018-07-19,110.9,44.44,107.0,121.67,82.98,20.54,182.97,69.69,82.01,72.86
2018-07-20,110.36,44.54,106.21,122.27,83.08,20.48,180.95,70.01,81.4,72.52
2018-07-23,110.44,44.25,106.28,121.33,82.45,20.46,181.31,69.98,81.4,73.0
2018-07-24,111.22,44.82,107.27,123.85,83.46,20.85,187.17,70.85,83.01,73.74
2018-07-25,112.35,45.04,109.33,124.9,84.33,21.18,188.65,71.51,83.59,74.72
2018-07-26,116.0,44.53,116.83,123.95,84.16,21.24,188.45,71.8,84.24,80.16
2018-07-27,118.79,44.51,116.35,125.97,83.47,20.83,186.02,71.45,81.92,80.99
2018-07-30,122.15,44.41,117.26,127.83,83.31,21.11,191.27,72.27,81.74,81.5
2018-07-31,123.34,45.09,118.35,126.27,83.93,21.12,189.27,72.17,81.51,80.83
2018-08-01,123.01,44.53,116.78,125.39,82.64,20.31,187.66,71.81,80.39,80.76
2018-08-02,122.05,43.77,115.33,123.76,82.24,20.83,188.58,71.56,79.91,79.73
2018-08-03,121.66,43.97,115.38,124.05,82.29,20.54,184.11,71.29,80.2,79.09
2018-08-06,122.54,44.13,114.89,124.3,82.3,20.61,186.11,71.73,80.18,79.84
2018-08-07,122.72,44.72,116.71,125.18,81.94,20.72,186.57,72.9,81.27,81.27
2018-08-08,122.98,44.63,115.9,123.88,81.2,20.14,188.03,71.39,80.73,81.69
2018-08-09,122.18,43.53,115.14,122.53,77.79,20.09,185.65,71.75,80.32,80.75
2018-08-10,122.59,42.99,115.37,123.34,78.78,20.38,186.14,71.94,79.42,80.93
2018-08-13,121.57,42.68,114.79,122.44,78.14,20.08,183.12,71.07,78.56,80.09
2018-08-14,120.94,42.61,115.05,122.58,79.66,20.45,183.34,72.15,78.31,80.11
2018-08-15,115.38,41.53,111.52,117.94,76.93,19.0,173.69,67.82,76.94,77.18
2018-08-16,114.94,41.72,111.32,117.66,78.02,19.32,173.09,69.41,78.0,76.69
2018-08-17,115.44,41.91,111.0,117.8,78.55,19.83,173.2,69.77,78.26,77.11
2018-08-20,116.08,42.38,113.4,117.75,79.01,19.98,172.51,70.52,78.81,78.76
2018-08-21,116.51,42.46,114.14,117.94,78.89,20.21,173.74,70.89,78.83,79.01
2018-08-22,117.02,42.98,115.68,118.92,79.33,20.87,176.05,72.0,79.96,80.21
2018-08-23,118.37,42.94,118.06,118.1,78.98,20.78,174.86,72.05,79.08,81.62
2018-08-24,119.25,43.42,120.55,119.01,79.34,20.61,176.04,72.61,79.62,83.82
2018-08-27,120.03,43.87,121.21,120.35,80.21,20.87,177.39,72.84,80.4,83.68
2018-08-28,119.75,43.26,120.39,119.86,80.11,20.7,175.79,72.05,80.28,83.91
2018-08-29,120.44,43.39,120.61,120.22,80.23,21.77,175.62,73.54,80.86,83.72
2018-08-30,119.55,43.58,119.05,119.81,80.13,21.63,174.74,73.56,80.51,83.12
2018-08-31,118.51,42.88,117.88,118.46,79.87,21.51,174.7,73.43,80.17,82.29
2018-09-04,118.96,42.72,120.24,118.87,79.27,21.06,171.1,73.11,80.29,84.28
2018-09-05,117.99,42.78,116.91,118.92,79.14,21.21,169.22,73.0,81.36,83.94
2018-09-06,116.7,42.21,116.07,115.23,77.57,20.36,164.63,70.54,80.46,82.8
2018-09-07,114.3,42.03,115.08,114.6,76.65,20.52,162.19,70.22,81.83,82.51
2018-09-10,113.95,42.09,115.25,114.48,76.88,20.35,163.22,71.15,81.71,82.43
2018-09-11,112.55,42.65,115.1,115.02,77.12,20.54,166.42,71.47,82.86,83.52
2018-09-12,112.16,43.11,116.31,115.79,75.74,20.56,169.97,71.97,83.13,84.2
2018-09-13,113.02,43.42,116.83,116.3,76.64,20.67,170.17,72.55,82.32,84.09
2018-09-14,113.6,43.26,117.13,117.38,77.58,20.88,170.43,73.5,82.92,84.34
2018-09-17,112.81,43.24,115.46,117.51,77.6,20.87,171.11,74.24,83.41,83.82
2018-09-18,113.3,43.56,115.33,118.13,78.88,21.5,173.79,75.04,83.63,83.97
2018-09-19,109.36,43.98,109.7,119.51,79.38,21.76,174.0,75.53,84.63,80.54
2018-09-20,110.33,44.57,110.48,119.42,79.23,21.55,171.39,75.36,84.82,81.93
2018-09-21,111.66,44.67,112.24,121.13,79.6,21.86,172.52,76.28,85.17,83.37
2018-09-24,113.46,45.22,114.96,122.62,80.75,22.34,174.85,77.06,86.6,85.79
2018-09-25,114.88,46.32,116.76,123.37,81.31,22.49,177.38,78.11,86.5,85.05
2018-09-26,113.89,46.26,116.52,121.95,81.01,22.44,174.0,77.28,85.78,84.53
2018-09-27,112.88,46.87,115.29,122.47,81.17,22.73,172.0,77.52,85.77,83.04
2018-09-28,112.72,46.1,113.75,122.28,82.17,23.28,174.19,77.4,85.02,79.97
2018-10-01,114.48,46.77,113.88,124.39,83.13,23.86,178.22,79.89,85.81,82.43
2018-10-02,114.69,46.81,115.52,124.74,82.87,23.51,178.19,78.28,86.46,83.28
2018-10-03,118.47,46.99,119.99,125.31,82.45,23.99,183.57,78.57,86.15,86.39
2018-10-04,117.7,46.77,117.22,124.95,82.18,23.72,181.18,78.28,85.58,85.27
2018-10-05,118.37,46.5,117.11,125.33,81.4,23.41,183.38,78.39,85.34,84.51
2018-10-08,118.14,45.81,116.18,124.84,81.75,22.88,181.84,78.28,86.13,83.86
2018-10-09,117.68,46.01,115.66,126.82,82.23,22.93,187.92,79.4,86.51,83.76
2018-10-10,113.05,45.15,110.84,122.6,77.92,21.16,179.3,75.09,84.52,80.65
2018-10-11,109.46,44.13,106.89,118.43,76.53,19.96,171.66,72.79,81.6,78.73
2018-10-12,109.46,44.55,108.25,117.77,76.96,20.52,173.54,73.83,81.38,80.08
2018-10-15,107.21,44.5,103.79,116.94,72.24,20.84,173.29,73.27,80.82,77.79
2018-10-16,109.86,44.7,105.91,117.51,73.12,21.18,173.56,73.8,81.2,80.07
2018-10-17,108.78,44.35,103.74,117.29,72.92,20.89,170.18,72.48,81.5,79.15
2018-10-18,109.12,43.86,103.39,117.47,71.9,20.55,167.9,72.59,81.85,78.82
2018-10-19,102.77,44.0,92.76,118.14,72.18,20.67,166.78,72.49,81.97,73.92
2018-10-22,103.15,43.14,92.85,117.21,72.29,20.46,163.02,72.05,81.15,74.13
2018-10-23,99.8,42.3,91.66,113.4,70.64,19.48,158.98,69.22,79.84,72.09
2018-10-24,95.3,40.99,86.69,110.21,68.23,18.35,149.98,65.69,77.62,68.06
2018-10-25,98.49,41.59,87.38,111.58,68.65,18.79,153.61,68.02,78.31,69.96
2018-10-26,99.45,41.1,85.79,111.53,67.91,18.69,149.66,68.48,77.53,68.86
2018-10-29,98.52,41.03,87.38,108.93,66.46,18.15,143.08,67.35,77.05,67.23
2018-10-30,102.06,42.21,90.1,110.85,67.55,18.68,145.78,69.52,78.78,68.8
2018-10-31,102.82,43.37,91.09,111.65,67.07,18.99,147.27,69.9,79.68,70.45
2018-11-01,102.5,42.65,92.51,111.17,68.35,18.61,149.58,69.58,80.67,71.08
2018-11-02,99.01,41.6,91.83,114.73,68.31,18.21,146.9,67.84,81.95,69.49
2018-11-05,100.52,42.61,91.15,118.94,69.95,18.69,148.28,69.03,81.64,69.76
2018-11-06,100.88,42.66,91.28,118.9,73.34,18.33,148.52,69.5,81.99,68.37
2018-11-07,103.12,43.11,92.59,120.87,73.72,18.51,161.71,70.03,83.03,69.82
2018-11-08,98.67,41.27,88.7,119.36,72.63,18.05,156.51,66.91,81.71,67.7
2018-11-09,99.74,41.24,87.58,119.51,73.55,17.84,159.82,66.73,80.87,67.18
2018-11-12,97.67,40.87,85.97,117.39,72.16,17.26,154.32,65.14,79.83,65.9
2018-11-13,94.8,39.81,83.57,115.35,70.78,16.47,150.3,63.72,78.0,64.17
2018-11-14,95.6,40.33,82.34,115.72,70.95,16.68,150.68,64.12,77.39,63.84
2018-11-15,96.23,41.16,83.27,116.95,72.59,17.15,154.86,65.21,78.19,65.36
2018-11-16,96.61,40.84,83.95,119.06,73.38,17.19,156.49,66.12,78.96,65.44
2018-11-19,94.9,40.92,80.69,119.42,73.36,17.12,157.18,66.44,79.22,63.41
2018-11-20,92.54,40.1,78.61,116.1,70.3,15.93,151.14,63.99,76.97,61.89
2018-11-21,93.65,41.27,79.2,117.57,72.08,16.41,153.96,65.48,77.56,63.73
2018-11-23,89.0,39.89,77.03,113.6,69.83,15.65,147.17,63.8,75.49,61.73
2018-11-26,92.07,40.53,78.78,114.98,70.64,16.23,150.24,64.7,76.98,64.18
2018-11-27,91.26,40.32,77.43,115.21,69.38,16.1,147.12,65.28,77.05,63.74
2018-11-28,92.63,40.84,79.42,118.14,70.71,16.49,147.9,66.35,78.45,65.28
2018-11-29,92.68,40.48,79.47,118.85,70.91,16.55,149.17,66.87,79.06,64.9
2018-11-30,93.52,40.35,79.9,118.94,70.27,16.69,147.75,66.18,79.5,65.16
2018-12-03,92.09,41.19,81.3,120.67,71.32,17.55,153.38,69.11,81.22,64.66
2018-12-04,91.4,40.95,79.51,117.24,69.67,16.82,145.68,66.92,79.43,63.34
2018-12-06,92.6,39.59,78.84,115.91,67.52,16.22,142.62,66.61,78.39,63.55
2018-12-07,90.35,39.51,75.99,115.49,66.54,16.05,143.0,65.91,77.64,61.56
2018-12-10,88.84,39.37,73.38,114.94,64.44,15.3,140.56,65.2,76.54,60.98
2018-12-11,88.42,39.08,73.27,115.47,64.7,15.33,138.67,65.44,76.68,61.34
2018-12-12,89.25,39.05,73.64,115.62,65.41,15.52,140.36,65.27,76.02,62.04
2018-12-13,88.83,39.29,73.46,115.94,66.68,15.62,138.6,66.13,76.98,62.12
2018-12-14,86.83,38.66,73.3,113.83,65.1,15.04,137.14,64.55,75.58,59.87
2018-12-17,85.86,38.41,72.58,112.45,64.11,14.72,133.43,63.12,74.04,58.84
2018-12-18,84.73,37.82,71.06,109.74,63.14,14.24,132.07,61.91,72.0,58.96
2018-12-19,85.16,37.65,70.98,107.83,62.24,13.86,132.57,61.28,70.78,58.63
2018-12-20,82.78,37.26,70.61,104.98,60.63,13.61,128.62,60.0,68.63,57.42
2018-12-21,82.38,37.67,71.64,104.21,59.98,13.45,125.08,59.8,68.12,56.74
2018-12-24,78.5,36.65,68.94,100.99,57.11,12.66,120.51,57.01,65.51,54.32
2018-12-26,84.2,38.06,73.31,107.39,60.6,14.17,130.03,61.5,68.64,58.35
2018-12-27,85.82,37.73,74.63,109.32,60.76,14.29,130.08,62.23,68.94,59.1
2018-12-28,84.96,38.13,73.48,108.65,60.47,14.08,130.51,61.67,68.17,58.24
2018-12-31,86.15,37.92,74.97,108.79,61.38,14.34,131.52,62.35,68.19,59.01
2019-01-02,88.12,38.59,75.56,110.69,62.0,14.72,134.3,63.38,69.69,59.64
2019-01-03,86.9,38.81,74.2,108.57,61.24,14.62,134.73,62.18,68.62,58.77
2019-01-04,90.84,40.03,77.01,110.82,63.21,15.41,139.29,63.75,71.15,61.65
2019-01-07,91.47,40.16,77.09,112.26,64.48,15.62,142.32,63.47,71.52,62.26
2019-01-08,91.39,40.03,77.36,111.77,64.99,15.48,142.2,64.32,72.04,62.87
2019-01-09,91.99,40.36,77.29,113.27,65.78,16.07,145.81,66.45,72.42,64.22
2019-01-10,92.94,40.7,77.42,113.45,66.19,16.35,145.24,67.94,72.05,63.63
2019-01-11,92.69,40.24,78.47,112.54,66.22,16.11,142.24,66.39,71.72,64.87
2019-01-14,92.83,40.42,78.95,111.72,65.58,15.83,142.89,65.61,71.63,64.88
2019-01-15,92.45,40.24,78.77,112.12,65.52,15.83,143.03,66.03,71.67,64.33
2019-01-16,92.99,40.12,79.0,111.4,65.14,15.54,143.54,65.66,71.64,64.34
2019-01-17,93.42,40.13,80.49,111.96,65.83,15.79,143.27,67.06,72.13,65.79
2019-01-18,95.3,40.76,82.59,114.37,67.03,16.1,144.9,67.9,72.99,66.09
2019-01-22,93.0,40.08,82.01,112.34,65.12,15.69,139.98,65.75,71.89,64.82
2019-01-23,92.63,40.12,79.78,111.39,64.57,15.56,137.42,65.86,71.3,64.85
2019-01-24,91.33,40.11,78.95,113.51,64.98,15.8,138.31,66.12,71.4,63.11
2019-01-25,93.02,40.11,82.19,113.22,66.53,15.9,140.23,66.99,71.72,64.08
2019-01-28,92.5,39.57,81.03,112.17,66.08,15.83,139.71,65.35,71.24,63.72
2019-01-29,93.35,40.2,81.14,111.83,66.48,15.91,140.2,65.3,71.51,64.14
2019-01-30,94.53,40.67,83.28,113.01,66.97,16.02,141.51,65.69,72.29,65.33
2019-01-31,95.41,41.12,87.82,114.65,66.78,15.79,142.32,67.69,73.28,66.26
2019-02-01,94.21,41.34,85.26,118.37,68.04,16.0,143.01,68.68,75.92,65.47
2019-02-04,94.76,41.39,84.79,119.74,67.74,16.15,144.57,69.93,74.82,65.91
2019-02-05,95.17,42.82,85.96,119.48,67.3,15.94,143.59,69.26,75.59,67.18
2019-02-06,94.42,43.04,85.92,118.88,66.63,15.91,141.79,69.11,75.26,66.87
2019-02-07,91.74,42.7,83.91,118.23,64.92,15.27,136.79,67.48,74.68,63.7
2019-02-08,93.52,42.49,84.14,117.58,64.96,15.13,135.71,66.26,73.98,62.72
2019-02-11,94.23,42.21,83.34,116.95,64.84,15.27,137.65,66.74,74.1,61.72
2019-02-12,94.0,42.42,82.33,118.72,65.75,15.45,141.39,67.45,75.4,61.87
2019-02-13,96.12,42.64,83.46,119.57,65.85,15.55,145.95,67.78,76.25,63.65
2019-02-14,95.65,41.87,83.61,118.16,66.57,16.91,143.08,69.1,76.27,64.04
2019-02-15,95.99,42.29,84.4,119.35,67.19,17.08,145.35,70.18,77.71,65.15
2019-02-19,96.75,42.38,84.79,119.31,67.63,17.03,145.56,69.49,78.23,65.01
2019-02-20,97.45,42.48,85.43,120.28,68.25,17.08,141.28,70.65,78.53,65.11
2019-02-21,96.81,42.29,84.48,119.14,66.6,16.68,136.15,70.24,77.82,64.66
2019-02-22,97.36,42.46,85.32,119.39,65.93,16.89,142.13,69.97,78.42,65.02
2019-02-25,97.29,42.51,84.98,119.62,66.23,16.67,142.93,69.25,78.5,64.75
2019-02-26,97.84,42.52,84.41,119.94,66.04,16.52,142.76,68.92,78.66,64.59
2019-02-27,97.64,42.84,83.09,120.08,66.65,16.79,141.57,69.22,79.47,63.4
2019-02-28,96.36,42.65,81.56,119.58,66.15,16.6,140.95,67.85,79.03,62.01
2019-03-01,97.48,42.58,82.89,122.03,67.55,17.08,144.46,68.93,80.0,62.68
2019-03-04,97.28,42.64,82.53,122.12,67.45,17.28,144.05,69.9,80.31,62.01
2019-03-05,97.46,42.74,81.15,123.29,67.53,17.27,142.36,69.01,80.19,60.81
2019-03-06,97.6,42.7,81.35,123.53,66.19,16.86,138.75,68.29,79.28,59.93
2019-03-07,96.45,42.63,80.59,121.94,65.74,16.86,136.32,67.95,80.16,58.84
2019-03-08,94.31,42.25,79.75,121.62,62.71,16.27,130.36,65.43,79.01,57.5
2019-03-11,96.67,42.33,83.48,123.62,63.88,16.57,132.44,65.87,79.78,59.2
2019-03-12,97.39,42.46,83.85,123.9,64.2,16.9,135.03,65.63,80.0,58.86
2019-03-13,98.08,43.83,84.22,124.67,65.06,17.32,135.68,67.35,80.71,59.57
2019-03-14,98.47,43.95,84.94,124.6,65.21,17.26,136.37,67.02,80.44,59.69
2019-03-15,98.52,43.87,85.08,125.31,65.47,17.27,135.67,67.59,80.15,60.45
2019-03-18,98.72,44.24,86.75,125.88,67.01,17.39,138.58,67.61,81.08,62.08
2019-03-19,98.89,44.47,86.43,125.28,66.17,17.12,138.21,67.35,80.87,62.03
2019-03-20,98.18,44.53,86.44,124.69,67.26,17.6,144.44,67.54,81.32,62.19
2019-03-21,98.55,44.53,86.38,125.86,67.24,17.69,145.59,68.14,81.79,62.79
2019-03-22,95.98,43.95,84.63,123.09,65.24,16.68,140.56,66.07,80.48,61.3
2019-03-25,95.86,43.53,85.48,122.89,65.13,16.71,139.93,67.07,79.92,61.17
2019-03-26,98.02,43.82,87.0,124.13,67.08,17.11,143.07,68.56,80.96,61.96
2019-03-27,97.27,43.59,86.02,122.79,66.35,17.06,147.15,67.91,80.34,62.19
2019-03-28,95.67,43.63,84.83,123.02,66.57,16.82,152.91,67.38,80.74,60.95
2019-03-29,95.17,43.72,84.83,123.18,66.2,16.71,152.28,66.74,80.8,59.85
2019-04-01,95.07,44.09,86.43,124.94,67.18,17.39,150.99,67.69,81.73,61.05
2019-04-02,94.52,44.23,84.45,124.93,66.63,17.13,148.18,66.35,81.38,59.92
2019-04-03,95.04,44.23,84.26,123.89,66.06,16.93,146.06,65.51,80.9,60.38
2019-04-04,96.86,44.15,84.35,124.8,66.44,17.14,147.52,65.16,82.05,61.35
2019-04-05,97.79,44.53,86.69,126.42,68.04,17.7,150.68,66.12,82.49,63.47
2019-04-08,98.3,45.23,86.2,126.68,68.37,17.6,151.73,66.55,83.0,63.36
2019-04-09,97.37,44.99,85.11,125.54,67.28,17.26,148.94,65.7,81.93,62.16
2019-04-10,98.61,45.04,88.43,125.49,67.18,17.45,150.49,66.97,81.56,63.6
2019-04-11,98.51,44.87,89.04,125.99,67.18,17.19,150.92,66.37,81.95,63.11
2019-04-12,97.17,44.67,88.41,119.76,65.33,17.76,168.32,67.37,80.92,61.59
2019-04-15,96.24,44.67,87.65,120.14,63.36,17.38,167.74,66.34,80.65,60.54
2019-04-16,95.98,44.48,88.32,121.17,63.67,17.47,171.24,65.84,81.2,60.02
2019-04-17,96.46,44.62,89.42,120.27,62.65,17.74,173.0,65.78,81.43,60.24
2019-04-18,95.42,44.39,88.04,119.86,61.82,17.62,175.06,65.9,81.13,59.81
2019-04-22,97.14,45.04,91.15,121.9,63.05,18.78,175.89,66.96,82.9,61.13
2019-04-23,97.4,45.02,90.28,122.02,62.36,18.68,175.72,66.45,83.38,61.06
2019-04-24,94.28,44.13,87.73,118.28,62.0,18.15,172.37,64.7,81.76,59.5
2019-04-25,95.22,43.96,90.83,117.9,61.84,17.93,168.01,63.97,82.22,60.65
2019-04-26,94.92,43.31,90.08,117.1,61.31,17.38,164.94,62.78,80.49,60.39
2019-04-29,95.36,43.02,89.6,117.72,60.13,17.15,165.75,62.65,79.97,60.99
2019-04-30,94.27,43.73,90.66,120.06,58.88,17.04,166.46,63.12,80.28,60.87
2019-05-01,91.84,43.08,89.77,117.81,57.48,16.53,157.98,62.67,78.67,59.95
2019-05-02,89.1,42.63,88.25,116.38,57.35,15.52,153.47,61.29,77.29,58.69
2019-05-03,89.56,43.08,88.44,117.27,57.95,15.68,156.09,62.01,77.47,59.96
2019-05-06,87.03,42.93,86.39,118.4,58.77,15.77,156.29,61.88,77.13,59.49
2019-05-07,86.55,42.22,84.36,118.27,59.69,15.51,147.97,61.0,76.72,59.43
2019-05-08,85.9,42.28,82.4,117.5,60.21,15.56,153.77,61.43,76.84,55.23
2019-05-09,85.75,41.65,81.74,121.19,56.33,15.27,153.4,61.54,76.77,52.96
2019-05-10,86.65,41.5,83.73,121.99,54.97,15.26,151.65,61.92,76.56,53.15
2019-05-13,85.79,41.23,81.41,120.44,54.17,15.03,147.22,61.19,75.71,50.72
2019-05-14,86.92,41.55,82.96,121.64,54.55,15.46,150.35,62.32,75.81,51.31
2019-05-15,87.3,41.77,83.37,122.14,54.25,15.43,151.49,62.04,76.37,51.19
2019-05-16,88.3,42.28,85.47,120.8,53.75,15.71,155.09,62.57,76.36,52.86
2019-05-17,84.81,42.34,83.71,120.52,52.76,15.47,154.27,62.1,75.91,51.95
2019-05-20,84.52,42.58,82.08,120.84,53.46,15.54,154.21,62.45,75.9,52.12
2019-05-21,86.16,42.75,82.47,121.34,53.51,15.84,157.91,63.62,76.25,53.28
2019-05-22,85.6,42.34,80.35,120.57,52.78,15.43,153.15,63.05,75.56,51.92
2019-05-23,82.27,41.34,75.41,117.87,52.91,14.56,145.58,59.5,73.79,50.14
2019-05-24,82.94,41.76,76.22,118.71,53.47,14.43,147.0,59.88,74.1,50.29
2019-05-28,82.52,41.48,75.09,118.31,52.28,14.33,147.9,60.05,72.61,49.0
2019-05-29,82.75,41.27,74.86,116.77,52.0,14.09,146.59,60.14,72.16,48.99
2019-05-30,82.06,41.03,72.87,115.38,51.91,13.62,144.43,58.95,71.97,47.11
2019-05-31,80.8,40.72,70.4,113.85,49.77,13.15,141.96,58.96,70.77,45.99
2019-06-03,82.2,41.04,72.0,115.99,49.32,13.33,142.61,59.42,71.88,47.13
2019-06-04,84.12,41.36,73.85,117.3,49.69,13.45,144.62,59.1,73.59,48.49
2019-06-05,84.83,41.04,73.14,117.65,47.43,13.19,141.5,57.08,72.98,47.69
2019-06-06,84.9,41.61,74.47,120.68,49.04,13.25,144.0,58.2,74.31,48.1
2019-06-07,85.52,42.14,74.73,121.48,47.84,13.31,144.98,58.96,74.58,46.99
2019-06-10,85.9,42.08,75.86,122.29,47.9,13.45,144.73,59.26,74.91,47.68
2019-06-11,84.71,42.34,76.36,121.17,49.05,13.41,146.13,58.73,74.84,47.77
2019-06-12,83.25,41.06,76.5,120.19,48.79,13.02,141.32,58.55,74.03,46.97
2019-06-13,85.24,41.22,77.26,120.91,49.73,13.28,143.25,59.06,74.68,47.9
2019-06-14,85.59,40.91,76.76,120.81,49.31,12.98,141.58,58.82,74.35,47.96
2019-06-17,85.91,40.44,76.93,121.39,49.81,13.33,144.61,59.01,75.09,48.71
2019-06-18,86.8,41.08,77.8,122.93,50.35,13.67,149.79,59.83,75.74,49.64
2019-06-19,87.6,41.09,78.16,122.89,50.3,13.63,148.44,59.65,75.32,49.66
2019-06-20,90.83,41.81,79.75,124.28,51.3,14.11,154.34,60.7,76.61,51.95
2019-06-21,90.58,42.45,81.91,124.93,50.61,14.05,155.21,60.33,77.69,52.66
2019-06-24,89.76,42.18,80.76,124.91,49.89,13.93,151.28,60.52,76.95,51.6
2019-06-25,89.83,41.86,81.63,123.64,49.38,13.9,148.19,59.77,76.27,51.39
2019-06-26,92.76,42.08,84.93,123.93,50.42,14.39,151.24,62.75,76.6,54.21
2019-06-27,91.75,41.62,83.93,123.11,49.75,14.2,150.81,61.27,75.82,54.37
2019-06-28,93.54,41.7,85.61,124.44,50.28,14.21,153.86,61.0,76.63,55.88
2019-07-01,94.06,42.08,84.25,124.84,49.78,14.25,151.28,62.25,76.56,55.12
2019-07-02,95.72,41.86,80.7,122.93,48.78,13.55,144.5,60.1,75.72,54.49
2019-07-03,97.02,41.36,81.98,123.35,49.17,13.66,145.55,60.5,76.44,54.32
2019-07-05,96.8,41.03,81.84,123.54,49.28,13.76,146.52,59.9,76.13,54.87
2019-07-08,96.96,41.08,81.36,123.6,49.3,13.52,145.8,59.89,76.48,54.34
2019-07-09,97.72,40.95,82.24,123.35,49.61,13.54,143.36,59.89,76.43,54.64
2019-07-10,98.11,41.22,83.4,125.44,50.24,13.9,146.6,61.21,77.51,54.98
2019-07-11,99.59,41.28,84.43,125.43,50.44,13.65,144.86,61.46,77.57,55.44
2019-07-12,100.33,41.21,84.75,125.98,51.72,13.92,144.29,61.76,77.63,55.48
2019-07-15,101.01,40.69,84.32,125.72,51.63,13.48,140.69,60.65,77.08,54.83
2019-07-16,101.38,40.21,84.21,124.76,51.1,13.32,140.06,59.75,75.93,55.68
2019-07-17,100.79,39.28,83.24,124.14,51.18,13.22,136.34,59.78,75.48,54.31
2019-07-18,101.92,38.84,83.35,124.68,51.01,13.38,136.1,60.32,74.84,55.36
2019-07-19,101.96,39.23,83.65,125.04,52.33,13.66,138.07,60.33,74.99,55.24
2019-07-22,102.55,39.35,84.35,125.31,52.51,13.67,138.23,60.44,75.07,55.22
2019-07-23,102.32,39.47,84.77,125.82,51.8,13.76,139.97,60.28,75.37,55.71
2019-07-24,102.42,39.14,86.17,126.54,52.05,13.97,139.64,60.08,75.36,57.62
2019-07-25,101.57,38.99,83.45,125.63,51.14,13.75,135.91,59.04,74.93,56.5
2019-07-26,102.32,38.98,84.31,123.72,51.59,13.75,135.68,58.75,74.81,56.84
2019-07-29,102.81,39.09,84.03,124.23,50.91,13.5,133.56,58.19,75.34,56.16
2019-07-30,103.61,39.99,84.79,124.34,52.47,14.13,137.89,59.51,75.35,57.05
2019-07-31,102.56,39.74,85.25,123.11,51.36,14.07,138.04,59.08,74.36,56.39
2019-08-01,101.99,39.0,84.34,120.74,53.17,13.53,127.56,58.8,72.46,55.36
2019-08-02,99.52,38.48,82.07,120.73,51.18,13.28,127.27,56.47,71.75,53.62
2019-08-05,95.64,37.66,75.78,118.74,49.42,12.5,121.84,54.68,70.28,50.67
2019-08-06,97.41,37.61,76.84,119.38,47.58,12.16,120.23,54.23,70.96,49.59
2019-08-07,97.33,37.55,75.81,119.1,46.0,12.05,122.13,53.32,70.5,48.13
2019-08-08,100.71,37.18,78.76,123.23,47.13,12.86,126.78,55.07,72.38,49.52
2019-08-09,100.44,36.81,78.85,122.42,47.13,12.87,126.17,54.01,70.84,48.39
2019-08-12,98.31,36.65,77.15,121.55,44.99,12.74,126.75,53.12,69.63,46.35
2019-08-13,99.74,37.2,78.74,122.39,44.76,12.95,128.36,53.87,70.49,47.15
2019-08-14,97.53,36.26,76.0,117.74,43.7,12.3,122.72,51.78,67.65,44.63
2019-08-15,97.47,36.05,76.72,116.95,43.96,12.02,123.01,50.91,67.25,45.4
2019-08-16,98.83,36.29,78.12,115.81,44.57,12.45,124.61,51.47,68.3,46.22
2019-08-19,98.76,36.85,79.7,117.31,45.58,12.88,128.22,53.94,69.45,47.81
2019-08-20,98.68,36.45,78.01,116.13,45.26,12.62,126.6,52.71,69.03,46.72
2019-08-21,99.3,36.75,78.4,117.88,45.06,12.42,126.94,52.63,69.72,47.23
2019-08-22,98.46,36.52,77.42,117.73,44.7,12.26,126.07,52.26,69.57,46.89
2019-08-23,95.18,36.21,74.18,115.18,42.37,11.75,120.65,50.42,67.49,45.76
2019-08-26,96.31,36.3,73.71,115.74,42.13,11.63,120.25,51.37,67.85,46.04
2019-08-27,94.52,36.6,71.71,115.83,42.35,11.53,118.02,50.98,67.19,45.33
2019-08-28,96.17,36.83,72.76,116.83,43.11,11.94,120.79,51.95,67.68,46.33
2019-08-29,98.12,36.95,75.24,117.52,43.37,12.2,123.36,52.29,68.43,48.56
2019-08-30,98.63,36.95,75.28,117.72,43.48,11.84,123.42,52.18,68.48,49.21
2019-09-03,99.47,36.95,74.57,116.27,42.68,11.77,122.46,52.04,68.56,49.64
2019-09-04,99.69,37.31,74.78,117.25,43.58,12.11,124.18,53.3,69.29,50.66
2019-09-05,99.8,37.37,76.79,117.64,45.09,12.54,128.54,53.44,70.27,52.48
2019-09-06,100.91,37.45,78.13,118.26,45.46,12.45,128.87,53.63,70.93,52.47
2019-09-09,102.17,37.5,79.38,119.39,44.97,12.9,132.0,54.97,71.49,53.58
2019-09-10,102.96,37.84,81.68,121.85,46.43,12.83,134.75,56.32,72.07,54.48
2019-09-11,102.47,37.8,82.67,121.28,46.29,13.01,133.41,57.2,71.93,54.11
2019-09-12,102.19,37.67,83.7,121.42,45.4,12.58,130.35,56.35,71.98,53.19
2019-09-13,102.77,37.87,85.53,121.5,45.09,12.7,135.43,57.34,72.64,53.29
2019-09-16,104.03,39.35,82.39,124.12,47.8,14.17,144.24,62.53,73.73,52.41
2019-09-17,102.2,38.54,84.31,123.89,45.15,13.07,139.01,61.22,73.17,53.41
2019-09-18,102.99,38.59,83.6,124.18,44.62,13.03,137.77,60.01,72.82,53.76
2019-09-19,103.08,38.69,83.55,123.66,45.79,13.04,135.93,59.97,72.33,53.92
2019-09-20,103.27,38.99,82.85,124.32,45.7,13.18,134.34,60.82,72.08,55.1
2019-09-23,104.26,38.76,84.14,124.9,45.5,13.1,133.75,60.18,72.13,55.78
2019-09-24,103.62,38.13,83.1,123.74,45.47,12.22,130.83,59.3,71.14,55.48
2019-09-25,105.06,38.17,83.66,123.51,45.33,12.32,128.16,59.48,71.35,60.15
2019-09-26,104.56,38.25,83.12,120.16,45.35,11.94,126.35,57.68,70.97,60.84
2019-09-27,103.66,38.26,84.44,118.6,45.14,12.2,126.32,57.9,71.48,62.42
2019-09-30,102.4,37.99,85.24,118.6,44.47,12.27,125.77,56.98,70.61,60.75
2019-10-01,101.03,37.7,85.22,116.01,43.77,11.79,121.73,55.15,68.95,60.38
2019-10-02,98.24,36.59,82.8,112.29,42.94,11.3,120.98,53.07,67.15,59.2
2019-10-03,98.87,36.37,83.54,113.15,43.2,11.66,124.69,53.66,67.98,60.0
2019-10-04,100.86,36.96,84.52,113.85,43.07,11.56,125.45,53.5,68.97,60.74
2019-10-07,101.36,36.95,83.42,113.26,42.18,11.41,124.54,54.6,68.02,60.4
2019-10-08,100.82,36.85,83.32,111.71,40.83,11.09,123.46,53.9,66.7,59.82
2019-10-09,102.71,37.17,85.07,113.14,40.84,11.19,126.51,54.94,67.44,60.56
2019-10-10,106.6,37.16,85.8,114.59,41.03,11.4,129.35,55.88,68.25,61.93
2019-10-11,106.53,37.46,88.0,116.15,41.12,11.74,132.51,56.43,68.98,63.42
2019-10-14,106.65,37.42,88.53,116.18,40.51,11.78,129.89,56.13,69.18,63.14
2019-10-15,107.3,37.36,89.45,116.31,40.8,11.84,130.41,55.95,69.42,64.05
2019-10-16,106.26,37.21,89.09,115.11,40.34,11.62,128.41,54.61,68.23,62.69
2019-10-17,107.21,37.76,90.1,115.35,40.33,11.55,127.7,54.53,68.14,64.1
2019-10-18,107.2,37.48,91.06,114.74,40.45,11.3,123.36,53.95,67.61,65.14
2019-10-21,108.2,38.27,93.21,116.61,40.82,11.53,125.39,55.96,68.74,64.67
2019-10-22,108.77,38.51,94.17,117.8,42.22,11.73,130.42,56.54,69.09,65.18
2019-10-23,109.0,39.06,93.85,117.98,42.92,12.01,130.6,56.25,69.75,65.87
2019-10-24,110.63,39.21,96.91,117.58,42.29,11.94,129.27,56.16,69.09,66.35
2019-10-25,114.42,39.35,99.27,118.67,42.53,11.98,129.83,56.35,69.25,68.01
2019-10-28,117.25,39.24,100.07,118.48,42.28,11.94,125.55,55.68,68.64,67.58
2019-10-29,118.96,37.93,100.82,118.13,42.33,12.01,127.12,57.09,68.44,68.02
2019-10-30,116.45,38.46,98.81,116.36,41.36,11.56,122.55,55.04,67.72,66.19
2019-10-31,116.82,37.91,96.98,116.14,40.5,11.53,123.02,55.2,67.57,63.95
2019-11-01,118.4,38.7,99.86,116.21,42.29,12.05,127.56,57.15,69.6,66.47
2019-11-04,118.54,39.36,101.24,121.57,44.23,12.52,136.06,58.0,71.67,67.94
2019-11-05,118.92,39.83,101.09,121.94,41.91,12.64,135.86,58.51,73.09,66.44
2019-11-06,118.42,39.4,100.35,119.9,39.61,12.18,133.57,57.63,71.49,64.28
2019-11-07,119.57,39.32,101.4,121.89,39.03,12.56,136.57,59.54,73.01,66.25
2019-11-08,119.7,39.19,100.86,120.93,40.1,12.53,134.99,59.16,70.77,66.23
2019-11-11,118.41,39.15,100.68,120.81,38.88,12.16,133.64,58.91,70.34,65.71
2019-11-12,118.1,39.13,100.48,120.96,38.44,12.01,136.13,58.23,69.37,64.9
2019-11-13,118.43,39.21,100.25,122.28,38.12,11.87,133.5,57.56,68.8,64.25
2019-11-14,119.44,38.98,100.82,121.96,37.76,11.89,132.37,57.25,68.5,64.45
2019-11-15,118.36,39.21,100.61,120.64,38.95,12.1,134.28,58.25,69.19,64.69
2019-11-18,118.65,39.06,101.06,118.55,39.3,11.78,133.2,56.7,68.52,64.54
2019-11-19,117.42,38.65,97.62,116.45,38.14,11.46,129.62,57.17,67.82,61.85
2019-11-20,116.06,38.51,97.19,117.34,38.48,11.69,130.47,59.36,68.03,61.8
2019-11-21,118.37,38.59,98.41,118.77,39.12,11.89,130.74,60.21,69.67,63.24
2019-11-22,116.63,38.55,97.51,118.63,39.58,12.2,129.56,59.9,69.37,62.36
2019-11-25,115.42,38.63,97.35,118.38,39.93,12.11,131.08,61.05,68.91,62.43
2019-11-26,114.33,38.12,97.44,117.79,38.57,11.83,127.68,60.11,68.74,61.67
2019-11-27,114.69,37.76,97.1,118.07,38.75,11.88,130.18,60.34,68.7,61.47
2019-11-29,114.72,37.42,95.49,117.13,38.57,11.65,127.84,59.94,68.13,60.64
2019-12-02,114.33,37.31,95.6,116.8,38.68,11.96,126.78,60.37,68.42,60.87
2019-12-03,112.75,36.82,93.89,115.89,38.02,11.76,123.49,58.89,67.88,60.03
2019-12-04,112.57,37.06,93.21,116.94,38.45,12.17,130.51,60.63,68.65,60.03
2019-12-05,112.54,36.65,92.99,116.33,37.98,12.04,128.31,59.84,68.41,59.85
2019-12-06,113.56,37.09,93.61,118.01,39.01,12.45,133.9,61.97,69.51,60.2
2019-12-09,111.96,37.1,92.52,117.3,37.34,12.59,133.19,61.83,69.66,58.43
2019-12-10,111.93,37.01,94.57,117.89,37.57,12.59,134.55,61.76,69.06,58.67
2019-12-11,112.21,36.56,92.89,116.23,37.54,12.61,136.19,61.68,68.96,57.11
2019-12-12,113.73,36.96,94.53,118.81,38.25,13.03,139.55,62.59,70.34,59.0
2019-12-13,112.99,36.94,93.81,117.96,37.71,12.72,139.99,62.7,69.23,58.61
2019-12-16,114.14,37.44,95.14,119.36,38.32,13.13,143.37,62.82,70.0,60.75
2019-12-17,113.03,37.59,95.68,118.6,38.32,13.37,144.03,63.52,69.68,61.21
2019-12-18,113.04,37.65,94.51,118.55,38.67,13.42,145.87,63.2,69.87,60.91
2019-12-19,112.81,37.65,94.59,118.13,38.7,13.18,147.21,63.19,69.39,61.13
2019-12-20,113.35,37.85,95.27,119.68,39.01,13.21,147.6,63.72,69.94,61.61
2019-12-23,112.67,38.11,95.24,120.33,39.71,13.56,150.93,64.6,70.29,60.66
2019-12-24,113.2,38.04,95.1,120.34,39.89,13.62,151.8,64.67,70.02,60.97
2019-12-26,112.06,37.98,94.42,120.6,40.15,13.69,152.08,65.0,70.13,60.47
2019-12-27,110.6,37.86,93.2,120.3,40.16,13.48,151.78,64.98,69.89,60.38
2019-12-30,110.37,37.6,92.88,119.85,40.7,13.42,150.87,64.61,69.48,59.67
2019-12-31,111.41,37.74,93.65,120.51,41.21,13.58,151.37,65.03,69.78,60.25
2020-01-02,112.2,38.14,95.13,121.43,42.58,13.68,152.34,65.46,70.9,61.91
2020-01-03,108.49,38.83,91.52,121.01,43.61,13.75,153.35,65.7,70.33,58.23
2020-01-06,107.81,39.85,91.53,120.6,45.05,13.96,158.11,66.48,70.87,58.22
2020-01-07,108.14,39.43,92.73,119.06,45.27,13.79,156.95,66.48,70.29,59.14
2020-01-08,104.1,38.83,93.09,117.7,44.98,13.28,152.08,64.94,69.23,58.52
2020-01-09,105.62,38.96,95.18,117.51,45.37,13.45,152.23,66.07,69.76,59.39
2020-01-10,104.87,38.74,96.89,116.44,45.9,13.18,149.4,65.42,69.14,60.22
2020-01-13,105.3,38.8,96.25,116.66,46.57,13.19,146.78,65.13,69.8,59.62
2020-01-14,106.38,38.82,95.4,116.3,47.24,13.28,146.78,65.14,69.2,59.84
2020-01-15,104.89,38.71,92.26,116.13,47.26,13.24,145.4,65.0,69.09,58.13
2020-01-16,103.79,38.84,91.98,116.89,46.67,13.34,146.99,65.07,68.82,57.53
2020-01-17,103.31,38.77,91.22,115.58,45.83,13.21,148.79,65.07,68.56,56.89
2020-01-21,102.34,38.32,90.25,113.31,44.32,12.85,147.35,64.03,67.58,56.18
2020-01-22,101.86,37.88,89.62,112.9,43.29,12.45,144.63,63.01,67.19,55.97
2020-01-23,102.08,38.2,89.51,113.1,42.52,12.22,140.43,63.14,66.77,55.33
2020-01-24,100.32,38.13,89.26,111.85,42.22,11.93,142.03,62.62,66.32,54.49
2020-01-27,96.92,37.44,85.05,110.39,41.24,11.69,135.39,61.04,64.74,52.7
2020-01-28,96.69,37.41,85.95,111.12,41.2,11.77,140.97,61.18,64.65,52.93
2020-01-29,95.8,37.17,86.46,110.37,40.47,11.75,138.92,60.49,64.11,53.59
2020-01-30,96.41,37.03,88.19,111.4,40.59,11.86,137.53,60.89,64.79,54.35
2020-01-31,91.37,36.13,84.31,107.14,39.72,11.37,135.0,59.43,62.12,54.5
2020-02-03,88.97,35.23,80.25,106.28,40.08,11.47,132.57,59.18,60.73,52.06
2020-02-04,88.72,36.5,81.24,106.85,40.5,11.77,135.9,56.49,59.97,53.39
2020-02-05,92.64,37.67,83.78,110.28,42.12,12.16,142.19,58.78,62.73,55.54
2020-02-06,90.22,36.88,83.27,109.49,42.12,11.92,140.44,58.41,61.88,55.46
2020-02-07,90.33,36.37,84.04,108.94,41.89,11.68,137.82,57.99,61.47,54.69
2020-02-10,90.26,36.19,84.37,109.79,40.5,11.38,136.75,57.87,59.96,55.07
2020-02-11,90.27,36.55,84.24,111.21,41.17,11.57,136.13,58.71,60.53,56.76
2020-02-12,91.14,37.17,85.04,112.04,42.49,11.61,137.61,59.76,61.27,58.93
2020-02-13,90.34,36.18,83.7,111.66,42.04,11.11,140.04,58.82,60.93,59.5
2020-02-14,89.47,36.0,82.64,110.08,41.6,10.64,139.23,58.62,60.65,58.33
2020-02-18,88.0,36.09,82.52,110.24,41.56,10.3,135.56,58.3,59.88,56.47
2020-02-19,88.36,36.25,83.23,110.74,42.51,10.47,141.17,59.26,60.34,57.69
2020-02-20,90.19,35.98,84.17,109.81,42.97,10.25,142.53,58.88,59.86,60.26
2020-02-21,89.25,35.36,82.9,109.01,42.12,10.11,142.25,58.44,59.13,59.13
2020-02-24,86.56,34.06,78.1,104.71,39.48,9.46,135.97,56.38,56.36,55.87
2020-02-25,82.81,32.93,74.44,100.71,36.19,8.92,130.09,53.83,54.2,53.12
2020-02-26,80.33,32.68,71.72,98.04,34.22,8.41,125.49,51.17,53.01,52.27
2020-02-27,74.26,31.53,66.19,94.13,31.81,7.93,122.67,47.13,49.82,47.93
2020-02-28,74.86,31.29,66.25,93.34,32.74,8.28,122.78,48.42,51.44,47.42
2020-02-29,74.86,31.29,66.25,93.34,32.74,8.28,122.78,48.42,51.44,47.42
2020-03-01,74.86,31.29,66.25,93.34,32.74,8.28,122.78,48.42,51.44,47.42
2020-03-02,74.86,31.29,66.25,93.34,32.74,8.28,122.78,48.42,51.44,47.42
2020-03-03,75.11,32.23,67.87,96.59,32.95,8.34,124.32,49.23,53.88,47.73
2020-03-04,72.86,31.92,64.44,94.39,32.99,8.08,120.03,48.12,51.3,45.17
2020-03-05,74.63,33.14,64.15,98.53,32.93,8.11,123.5,49.43,52.42,45.88
2020-03-06,71.98,32.6,61.7,97.19,31.48,7.8,118.61,47.7,50.11,41.21
2020-03-07,69.3,31.25,63.09,95.32,26.86,6.83,105.12,45.33,47.69,39.15
2020-03-08,69.3,31.25,63.09,95.32,26.86,6.83,105.12,45.33,47.69,39.15
2020-03-09,61.99,24.77,60.57,81.53,15.5,4.08,70.4,33.3,40.88,32.0
2020-03-11,63.36,26.79,60.45,84.98,14.34,4.4,79.86,34.88,43.41,34.52
2020-03-16,54.36,22.17,49.9,83.42,14.26,4.53,70.68,31.38,38.12,24.92
2020-03-17,48.27,18.84,41.63,69.7,12.02,4.0,59.72,26.08,34.49,20.29
2020-03-19,45.39,17.07,36.95,56.62,10.48,3.82,59.15,25.45,33.37,16.61
2020-03-20,48.77,17.28,38.83,59.89,10.1,3.5,62.27,27.95,32.83,18.68
2020-03-21,48.35,17.39,38.66,59.39,10.23,3.56,61.76,26.84,32.74,18.95
2020-03-22,48.35,17.39,38.66,59.39,10.23,3.56,61.76,26.84,32.74,18.95
2020-03-23,42.32,18.13,32.97,53.63,9.63,3.38,61.84,24.39,31.47,16.65
2020-03-29,52.32,22.35,45.04,68.78,11.61,3.52,68.65,29.25,36.95,23.15
2020-03-30,52.32,23.92,45.04,68.78,11.61,3.52,68.65,29.25,36.95,23.15
2020-03-31,55.08,24.39,48.03,71.95,11.71,3.35,69.35,29.29,38.3,25.31
2020-04-01,51.1,24.37,42.03,72.46,10.85,3.18,67.01,30.8,36.49,21.4
2020-04-02,51.11,26.03,43.02,68.56,11.46,3.21,71.58,29.62,38.63,21.86
2020-04-03,52.57,24.72,41.88,76.12,13.7,3.63,78.9,32.91,42.07,21.9
2020-04-04,51.62,24.72,40.34,75.11,13.0,3.65,74.68,32.91,39.21,20.06
2020-04-05,51.62,24.72,40.34,75.11,13.0,3.65,74.68,32.91,39.21,20.06
2020-04-16,53.53,21.85,45.0,79.99,12.2,3.89,71.11,31.07,39.15,21.95
2020-04-17,59.53,23.43,51.76,87.17,13.63,4.35,76.63,35.26,43.22,25.45
2020-04-20,58.12,22.35,50.31,83.57,12.59,4.21,71.28,34.57,41.18,24.85
2020-04-21,56.8,21.64,49.45,81.64,12.34,4.24,73.47,33.19,40.96,23.72
2020-04-22,58.18,23.33,50.57,84.44,13.02,4.53,80.66,34.98,42.13,24.69
2020-04-23,59.97,23.38,52.07,86.8,13.87,4.84,79.31,36.18,43.45,25.94
2020-04-24,60.53,23.39,52.5,87.01,13.81,4.93,77.45,36.09,43.73,25.76
2020-04-27,63.49,24.31,55.57,89.71,14.15,4.85,81.86,37.15,43.94,26.45
2020-04-28,67.34,24.16,57.87,89.91,15.17,4.99,82.76,38.48,44.97,28.43
2020-04-29,73.5,25.43,66.28,94.62,16.78,5.85,89.8,42.21,47.46,33.04
2020-04-30,73.17,23.8,63.35,92.0,16.6,6.12,89.31,42.1,46.47,32.08
2020-05-01,66.36,22.83,58.76,89.44,15.24,5.5,82.92,39.14,43.14,29.24
2020-05-04,73.48,23.25,63.66,91.44,15.52,5.81,83.06,40.36,44.88,31.53
2020-05-05,75.2,23.87,63.02,92.89,15.32,5.53,82.48,40.92,44.83,31.14
2020-05-06,71.91,23.58,60.91,90.05,13.4,5.6,81.83,40.49,43.99,29.53
2020-05-07,73.31,24.06,61.26,92.64,13.88,5.51,87.02,42.42,44.24,30.78
2020-05-08,77.06,24.03,65.92,95.47,15.02,5.78,89.99,43.08,46.18,33.03
2020-05-11,76.67,23.5,65.57,93.37,15.03,5.75,84.44,42.27,45.74,32.7
2020-05-12,73.53,23.06,63.34,91.1,14.58,5.96,84.03,41.58,44.12,32.21
2020-05-13,71.03,22.23,59.05,88.7,13.44,5.56,79.38,39.89,41.93,31.05
2020-05-14,71.75,22.14,59.41,90.05,13.76,5.64,82.21,39.93,42.3,30.89
2020-05-15,70.93,21.82,58.78,89.16,13.82,5.61,82.86,40.87,42.0,30.3
2020-05-18,76.28,23.51,64.35,92.55,15.07,6.08,93.38,43.6,45.34,34.95
2020-05-19,75.22,22.91,64.05,89.62,14.37,5.82,89.65,42.67,43.94,34.5
2020-05-20,78.25,23.62,67.34,93.0,14.99,5.95,92.43,44.15,45.37,36.82
2020-05-21,77.09,23.38,65.73,92.04,14.25,5.94,92.93,43.72,44.56,35.69
2020-05-22,76.46,22.98,65.68,90.28,14.13,5.89,92.42,43.28,44.6,35.57
2020-05-26,78.97,23.26,68.7,93.3,14.4,6.03,93.72,43.67,45.91,36.83
2020-05-27,81.73,23.93,70.18,93.9,14.42,6.15,94.19,44.67,46.24,36.58
2020-05-28,78.56,23.26,67.13,90.87,13.64,5.7,92.54,43.01,45.04,35.18
2020-05-29,78.26,23.14,66.64,91.7,12.95,5.34,91.6,42.18,45.47,35.14
2020-06-01,78.83,23.84,66.58,92.79,13.81,5.69,92.91,43.39,46.28,36.5
2020-06-02,81.57,24.95,68.19,94.69,14.75,5.86,96.16,44.2,47.31,37.72
2020-06-03,83.73,25.9,70.54,97.18,15.45,5.95,100.77,45.12,49.24,38.59
2020-06-04,83.13,25.69,70.05,96.28,15.55,6.23,103.55,44.71,49.1,38.04
2020-06-05,87.4,27.71,74.64,100.81,20.79,7.32,110.89,48.59,53.08,41.56
2020-06-08,89.73,28.38,75.62,103.24,24.4,8.43,116.78,50.31,54.74,42.21
2020-06-09,85.67,27.34,71.27,101.53,23.18,7.66,108.53,48.63,53.52,40.41
2020-06-10,84.33,26.38,69.05,97.58,20.76,7.11,102.73,45.91,50.65,39.19
2020-06-11,75.0,24.07,60.68,89.37,17.41,6.26,96.64,42.12,46.18,35.33
2020-06-12,77.26,24.75,63.79,92.39,18.5,6.58,98.23,43.73,47.17,36.62
2020-06-15,75.6,24.36,63.59,91.23,19.05,6.6,95.55,43.35,47.14,37.84
2020-06-16,77.04,24.55,66.16,94.03,20.29,6.74,97.06,45.11,48.2,38.64
2020-06-17,72.88,23.7,62.32,91.54,19.04,6.37,94.24,44.02,46.63,37.13
2020-06-18,76.24,23.69,64.63,91.94,19.67,6.49,94.54,44.45,46.92,38.47
2020-06-19,74.7,23.67,63.16,90.63,19.71,6.36,93.58,43.7,45.98,38.19
2020-06-22,74.4,23.87,62.66,91.59,19.91,6.27,95.1,43.56,46.42,38.61
2020-06-23,74.7,24.17,62.65,91.44,19.79,6.33,96.76,43.81,46.7,38.8
2020-06-24,69.99,23.14,58.02,87.64,18.0,5.79,92.16,40.99,44.5,36.23
2020-06-25,70.07,23.5,57.28,89.21,18.54,5.98,97.7,42.06,45.17,36.69
2020-06-26,68.07,22.76,56.32,86.46,17.69,5.74,94.11,40.35,43.62,35.37
2020-06-29,68.66,23.48,56.95,87.67,17.86,5.96,94.44,41.3,44.32,35.4
2020-06-30,71.9,23.32,58.82,89.23,18.3,6.12,97.7,42.02,44.72,37.38
2020-07-01,69.11,23.21,56.44,87.62,17.41,5.95,95.5,40.74,43.71,35.68
2020-07-02,68.42,23.41,56.34,88.31,17.78,6.12,96.8,41.78,44.08,36.07
2020-07-06,68.09,23.64,56.47,88.57,18.18,5.86,98.72,41.63,44.39,36.36
2020-07-07,64.61,23.02,53.12,86.31,17.15,5.57,96.07,40.64,43.24,34.69
2020-07-08,63.98,23.16,52.98,86.35,17.28,5.67,96.59,41.04,43.14,34.15
2020-07-09,58.98,22.05,50.22,82.74,16.28,5.27,91.48,38.35,41.36,33.35
2020-07-10,61.06,22.46,53.65,85.23,16.71,5.35,92.44,39.69,42.65,36.2
2020-07-13,60.27,22.46,53.23,85.4,16.16,5.13,91.0,39.66,42.66,35.31
2020-07-14,61.96,23.28,54.4,88.35,16.68,5.37,95.66,41.31,44.07,36.2
2020-07-15,65.46,23.81,57.23,88.89,17.18,5.69,96.59,41.62,44.63,37.57
2020-07-16,64.87,23.72,56.58,88.36,17.01,5.72,96.82,41.59,44.28,37.39
2020-07-17,63.84,23.25,55.47,87.19,16.28,5.51,96.52,39.96,43.52,37.93
2020-07-20,62.33,22.94,54.33,85.27,15.69,5.49,96.91,39.33,42.5,36.75
2020-07-21,66.42,24.09,57.58,91.39,17.41,5.86,102.72,41.66,44.65,38.54
2020-07-22,65.25,23.45,57.07,91.04,16.95,5.79,102.51,40.89,43.61,38.73
2020-07-23,65.18,23.22,57.67,91.01,16.82,5.76,100.66,40.46,43.7,38.88
2020-07-24,65.06,22.93,57.98,90.13,16.74,5.72,99.68,40.28,43.43,38.7
2020-07-27,64.59,23.14,58.03,91.04,16.7,5.63,98.52,39.77,44.07,38.52
2020-07-28,63.58,22.82,56.89,89.11,16.35,5.53,96.55,38.96,43.55,38.12
2020-07-29,65.58,23.22,59.69,90.07,17.03,5.74,98.54,39.94,44.03,39.91
2020-07-30,63.09,22.44,56.33,86.27,15.77,5.51,95.85,37.64,41.87,38.08
2020-07-31,62.02,22.04,56.23,83.94,15.74,5.49,96.92,37.39,42.08,38.2
2020-08-03,61.12,22.09,53.91,84.81,15.25,5.52,97.84,36.71,42.25,38.57
2020-08-04,61.85,23.74,53.02,86.49,15.74,5.78,99.52,37.64,43.47,37.69
2020-08-05,61.96,23.95,51.62,87.2,15.94,5.98,102.65,38.02,43.85,36.43
2020-08-06,60.97,23.26,51.48,87.47,15.45,5.68,102.36,38.05,43.64,35.73
2020-08-07,62.87,22.98,52.66,86.8,15.45,5.74,104.28,38.3,43.44,36.67
2020-08-10,64.87,23.5,53.55,89.73,16.48,6.04,108.99,39.64,44.51,37.13
2020-08-11,64.11,23.81,53.65,89.62,15.16,5.94,106.56,39.71,44.97,36.95
2020-08-12,64.41,24.26,55.12,90.72,14.92,5.98,110.5,41.66,44.09,38.13
2020-08-13,62.63,23.45,53.19,89.82,14.6,5.89,109.94,40.63,43.01,37.26
2020-08-14,63.66,22.99,54.46,90.35,14.64,6.05,110.73,40.82,43.2,38.35
2020-08-17,62.36,22.75,55.6,90.77,13.91,5.92,108.61,40.7,42.64,38.65
2020-08-18,61.31,22.36,54.74,87.63,13.95,5.95,107.7,40.33,42.43,37.24
2020-08-19,61.42,22.24,54.26,86.39,13.82,5.73,104.77,39.65,41.96,37.18
2020-08-20,60.97,21.96,52.7,84.81,13.4,5.51,102.67,38.77,41.32,35.62
2020-08-21,60.97,21.46,52.62,85.08,13.16,5.27,102.11,38.16,41.01,35.4
2020-08-24,63.65,21.91,54.99,87.2,13.62,5.45,104.75,38.87,42.22,36.81
2020-08-25,61.63,21.62,54.25,86.13,13.51,5.49,106.92,38.85,40.88,36.45
2020-08-26,60.03,21.38,53.7,84.78,12.96,5.3,104.41,37.56,40.01,35.33
2020-08-27,60.26,21.14,53.44,84.91,13.04,5.36,105.38,38.15,39.74,34.98
2020-08-28,61.79,21.38,54.89,85.63,13.13,5.39,105.6,38.38,40.69,37.09
2020-08-31,58.47,20.93,52.59,83.93,12.74,5.28,103.93,37.89,39.94,35.46
2020-09-01,58.79,20.77,52.47,83.08,12.48,5.32,102.98,37.16,39.43,34.97
2020-09-02,60.05,20.57,52.91,83.19,12.4,5.12,100.92,36.38,39.19,35.01
2020-09-03,59.69,20.61,52.33,82.28,12.59,4.99,98.38,35.99,39.11,34.26
2020-09-04,58.98,20.54,51.22,81.93,12.25,4.93,99.1,35.86,39.08,33.64
2020-09-08,57.96,20.15,48.73,78.97,11.06,4.5,94.36,34.06,38.18,32.33
2020-09-09,57.87,20.32,47.75,80.03,11.07,4.54,96.6,34.46,37.95,31.77
2020-09-10,55.36,19.91,45.63,78.15,10.19,4.36,91.45,32.92,37.0,30.27
2020-09-11,57.07,20.06,46.39,77.69,10.22,4.47,92.07,33.11,36.9,31.25
2020-09-14,58.37,19.84,47.51,77.29,10.17,4.4,93.35,33.52,36.66,32.02
2020-09-15,58.05,19.66,46.56,76.35,10.71,4.34,94.63,33.8,36.27,31.09
2020-09-16,60.51,19.96,49.1,78.56,11.64,4.56,97.55,35.08,37.81,32.36
2020-09-17,60.35,19.56,49.0,78.79,11.86,4.68,97.08,36.09,37.8,32.12
2020-09-18,59.82,18.88,48.71,78.21,11.65,4.82,95.78,35.87,37.19,32.28
2020-09-21,55.92,18.32,47.36,76.3,11.29,4.56,91.92,34.36,36.43,31.25
2020-09-22,55.36,18.48,47.42,75.53,11.08,4.47,92.52,34.3,35.53,31.04
2020-09-23,52.63,17.97,44.51,71.95,10.41,4.21,86.9,32.92,34.39,28.73
2020-09-24,52.85,17.93,44.58,71.8,10.64,4.31,86.56,33.6,34.32,28.62
2020-09-25,52.88,17.86,43.92,71.83,10.22,4.14,85.9,33.7,34.64,28.63
2020-09-28,53.98,18.18,44.82,73.93,10.34,4.29,88.31,33.71,35.31,29.95
2020-09-29,52.19,17.67,43.41,71.9,9.99,4.16,86.4,32.46,34.28,29.43
2020-09-30,51.84,17.46,43.32,72.0,10.01,4.09,85.99,32.84,34.33,29.34
2020-10-01,50.28,16.83,40.28,70.42,9.68,3.95,84.57,32.43,33.13,27.71
2020-10-02,51.06,16.85,40.73,71.19,9.87,4.12,86.54,33.07,32.98,28.27
2020-10-05,52.55,17.19,43.07,72.7,10.51,4.23,89.32,34.28,33.74,29.24
2020-10-06,51.06,16.93,42.33,72.3,10.13,4.04,88.03,33.3,33.39,28.83
2020-10-07,51.93,17.03,42.35,73.78,10.28,4.13,88.94,34.33,33.5,29.21
2020-10-08,53.64,17.49,44.36,75.22,11.18,4.38,89.48,35.53,35.26,31.12
2020-10-09,53.04,17.36,43.64,74.0,10.82,4.26,88.07,35.13,34.74,30.12
2020-10-12,53.46,17.24,43.09,74.51,10.81,4.29,88.68,35.59,34.63,30.49
2020-10-13,51.27,16.68,41.43,73.4,10.52,4.23,88.15,34.88,34.22,29.38
2020-10-14,52.08,16.59,41.71,72.95,10.45,4.2,90.09,34.53,34.15,29.91
2020-10-15,52.51,16.44,41.56,73.51,10.61,4.27,92.22,35.4,34.45,30.54
2020-10-16,50.58,16.25,40.22,72.89,10.09,4.07,90.26,33.77,34.1,29.37
2020-10-19,48.95,16.03,39.29,71.28,9.82,3.98,87.05,32.7,33.42,28.25
2020-10-20,49.59,16.15,40.7,71.68,10.07,4.15,83.53,32.58,33.7,29.24
2020-10-21,48.72,15.83,40.54,70.87,9.66,4.1,78.44,30.64,33.16,28.82
2020-10-22,50.01,16.1,41.28,73.4,10.17,4.37,83.0,31.91,34.86,29.51
2020-10-23,50.48,16.05,41.97,72.57,10.02,4.44,85.54,32.54,34.16,29.89
2020-10-26,48.14,15.8,39.54,70.94,9.46,4.13,82.8,30.32,33.35,28.6
2020-10-27,47.07,15.38,38.26,69.51,9.27,4.13,83.78,30.26,32.82,28.19
2020-10-28,44.22,14.9,36.19,66.88,8.88,3.85,80.33,28.79,31.57,27.5
2020-10-29,45.98,15.26,37.53,68.8,9.13,3.99,81.42,29.16,32.97,28.83
2020-10-30,46.66,15.48,38.61,69.5,9.13,3.96,79.56,28.62,32.62,29.5
2020-11-02,47.96,16.1,39.9,72.15,9.65,4.15,82.8,30.23,33.99,31.3
2020-11-03,47.52,16.18,39.48,71.74,9.69,4.14,82.2,29.31,33.41,31.91
2020-11-04,47.92,16.13,38.97,71.77,9.81,4.27,83.5,30.38,33.23,31.7
2020-11-05,48.19,15.83,39.53,72.14,10.47,4.29,79.58,30.12,33.17,31.83
2020-11-06,46.68,15.64,38.17,71.15,10.01,4.13,77.34,29.19,32.78,31.58
2020-11-09,57.03,18.08,50.08,79.4,12.23,5.09,88.37,33.38,36.93,36.47
2020-11-10,58.14,19.1,49.96,83.07,12.38,5.07,91.75,35.53,36.86,37.64
2020-11-11,58.98,18.88,49.79,82.46,11.9,5.07,90.64,35.28,36.48,37.19
2020-11-12,54.85,18.28,47.28,80.67,11.31,4.82,86.27,34.01,35.23,34.7
2020-11-13,58.76,18.8,50.92,83.03,11.8,5.06,90.67,35.36,36.08,37.56
2020-11-16,62.62,19.76,55.67,88.96,12.7,5.48,94.71,38.08,38.16,40.73
2020-11-17,64.34,20.05,54.15,87.04,12.99,5.5,95.91,38.85,38.67,40.61
2020-11-18,60.75,19.56,51.25,84.28,12.87,5.49,94.61,39.18,37.21,38.54
2020-11-19,61.45,19.53,51.21,85.73,13.36,5.69,96.63,39.47,37.4,39.08
2020-11-20,61.59,19.49,50.82,85.79,13.49,5.6,95.81,39.65,36.94,38.26
2020-11-23,65.84,20.41,56.09,91.03,15.76,6.17,104.5,42.71,39.36,41.22
2020-11-24,67.72,21.86,58.49,95.62,16.78,6.45,111.35,44.41,41.98,42.45
2020-11-25,66.26,21.41,56.43,92.14,16.72,6.43,109.96,43.63,40.81,41.48
2020-11-27,65.23,21.1,56.62,91.31,16.56,6.35,110.07,42.78,40.19,41.42
2020-11-30,60.58,19.56,53.77,87.18,15.76,5.92,100.58,39.56,38.13,38.88
2020-12-01,61.88,20.24,54.4,87.45,15.13,5.86,99.8,39.27,38.5,39.45
2020-12-02,64.43,21.07,58.07,89.87,15.89,6.06,101.53,39.97,39.94,40.58
2020-12-03,65.02,21.36,57.91,89.8,16.39,6.19,105.35,41.2,40.21,40.99
2020-12-04,69.32,22.27,61.27,93.28,18.59,6.85,114.06,44.27,41.68,42.91
2020-12-07,67.05,21.68,59.46,90.76,18.19,6.69,110.28,42.82,40.9,42.21
2020-12-08,67.39,21.79,58.98,91.54,19.13,7.07,114.27,42.68,42.24,42.45
2020-12-09,68.77,21.9,58.8,90.44,19.39,7.15,114.43,42.7,42.8,42.64
2020-12-10,70.86,22.41,59.87,93.35,21.31,7.3,118.79,44.0,44.01,43.83
2020-12-11,69.51,22.03,59.03,92.45,20.89,7.06,115.57,43.48,43.8,42.91
2020-12-14,67.19,21.36,56.39,89.44,19.17,6.72,113.11,42.32,42.22,40.76
2020-12-15,68.25,21.94,57.48,89.37,19.84,6.91,117.44,42.8,43.04,42.25
2020-12-16,67.29,21.83,56.92,88.69,19.45,6.97,116.89,42.32,43.7,41.65
2020-12-17,67.17,21.9,56.34,88.41,19.18,6.91,114.38,41.97,43.48,40.58
2020-12-18,66.85,21.74,54.77,87.19,18.52,6.73,114.36,40.98,42.73,40.35
2020-12-21,66.49,20.68,54.05,86.09,17.47,6.55,110.89,40.24,41.95,39.75
2020-12-22,67.51,20.48,53.7,84.36,16.92,6.31,108.44,39.03,41.24,39.67
2020-12-23,69.36,21.21,55.79,85.69,17.89,6.81,113.12,40.08,41.77,41.31
2020-12-24,68.73,21.06,55.68,85.33,17.67,6.63,112.49,39.49,41.6,41.21
2020-12-28,69.33,20.99,55.09,84.9,17.4,6.63,110.65,39.3,41.74,40.78
2020-12-29,68.38,21.07,55.45,84.61,17.24,6.57,110.64,39.07,41.27,40.73
2020-12-30,70.6,21.03,56.72,85.33,17.91,6.8,114.57,40.01,41.6,41.57
2020-12-31,69.94,20.52,56.57,84.45,17.31,6.67,113.89,39.99,41.22,41.36
2021-01-04,69.88,20.83,55.73,84.71,17.45,6.83,113.48,39.57,41.5,40.75
2021-01-05,71.75,22.38,57.32,87.0,19.21,7.45,121.35,41.84,43.5,42.09
2021-01-06,71.22,23.41,58.6,89.8,20.0,7.5,126.36,43.51,44.61,42.95
2021-01-07,71.86,23.91,59.67,90.22,20.57,7.69,131.99,44.7,44.96,44.17
2021-01-08,70.71,24.4,57.71,91.08,20.08,7.55,131.24,44.7,45.46,43.18
2021-01-11,72.27,24.38,58.64,91.6,20.08,7.64,131.42,45.36,46.84,43.59
2021-01-12,73.74,25.01,59.51,93.34,22.62,8.39,135.12,47.42,47.88,45.58
2021-01-13,71.77,24.78,57.7,93.25,22.33,8.04,130.93,47.03,48.42,44.32
2021-01-14,74.14,25.47,60.27,95.49,24.24,8.67,132.38,47.87,50.31,45.52
2021-01-15,71.74,24.26,58.3,92.09,22.39,8.25,127.38,45.12,47.89,43.98
2021-01-19,74.78,24.65,60.54,94.51,23.07,8.57,132.04,46.0,48.84,46.09
2021-01-20,75.39,24.81,60.57,95.38,23.02,8.62,132.13,45.36,49.53,46.17
2021-01-21,73.16,24.02,58.86,92.01,21.54,8.25,130.0,43.19,48.11,45.39
2021-01-22,72.55,23.87,59.45,91.73,21.49,8.15,131.16,42.69,47.43,45.75
2021-01-25,72.08,23.07,59.41,90.9,21.51,7.82,129.33,42.58,46.9,46.23
2021-01-26,71.31,23.03,58.15,89.36,20.38,7.47,123.64,41.68,45.87,45.16
2021-01-27,71.2,22.73,58.73,88.2,20.58,7.54,117.63,40.65,45.35,43.94
2021-01-28,71.45,22.86,58.33,89.02,20.95,7.56,122.6,41.11,46.06,44.77
2021-01-29,67.8,22.22,56.43,85.2,20.06,7.24,120.9,40.03,44.84,43.16
2021-02-01,67.38,22.21,56.24,86.41,20.39,7.34,120.26,40.71,44.92,43.45
2021-02-02,68.66,20.75,57.77,87.06,20.73,7.38,119.58,40.97,45.63,45.15
2021-02-03,71.29,21.27,60.1,88.96,22.02,7.8,126.64,43.21,47.42,47.3
2021-02-04,71.93,20.99,61.06,89.0,22.3,7.81,126.6,44.01,48.33,47.33
2021-02-05,72.04,20.81,61.72,89.26,22.56,7.94,128.24,44.42,49.95,47.65
2021-02-08,75.79,22.03,64.79,91.48,25.45,8.98,133.05,46.78,52.1,49.48
2021-02-09,74.53,21.73,64.59,90.96,24.65,8.89,129.04,46.88,50.63,48.87
2021-02-10,76.72,21.58,65.11,92.52,25.6,9.09,132.35,47.25,51.12,49.81
2021-02-11,77.24,21.37,64.55,92.02,24.98,8.75,129.87,46.44,49.84,49.76
2021-02-12,77.23,21.91,64.74,92.55,25.39,8.97,132.29,47.16,50.52,50.46
2021-02-16,79.39,23.18,66.96,93.13,26.46,9.55,136.16,48.85,52.04,51.46
2021-02-17,80.64,23.58,68.12,95.92,26.73,9.58,136.2,49.36,52.85,51.89
2021-02-18,80.05,22.46,67.83,95.0,25.28,9.12,133.01,47.69,52.02,51.22
2021-02-19,82.31,22.87,71.53,95.8,25.42,9.45,133.94,48.42,52.37,53.0
2021-02-22,83.96,23.63,74.25,98.39,26.47,10.2,139.47,50.88,54.3,54.85
2021-02-23,85.53,24.23,75.81,99.63,26.06,11.16,145.24,52.1,55.05,55.77
2021-02-24,87.25,25.3,78.16,103.31,28.16,11.84,150.06,54.67,56.7,56.65
2021-02-25,84.64,25.59,78.15,102.35,26.75,11.3,149.05,53.03,55.76,55.07
