,futures_settle,futures_open_interest,nymex_crude_per_barrel,futures_settle_lagg,nymex_crude_per_barrel_lagg
2017-03-01,53.83,456844.0,53.82,,
2017-03-02,52.61,444178.0,52.63,53.83,53.82
2017-03-03,53.33,457323.0,53.33,52.61,52.63
2017-03-04,,,,53.33,53.33
2017-03-05,,,,,
2017-03-06,53.2,449836.0,53.19,,
2017-03-07,53.14,439860.0,52.68,53.2,53.19
2017-03-08,50.28,400322.0,49.83,53.14,52.68
2017-03-09,49.28,365391.0,48.75,50.28,49.83
2017-03-10,48.49,331486.0,48.05,49.28,48.75
2017-03-11,,,,48.49,48.05
2017-03-12,,,,,
2017-03-13,48.4,288689.0,47.95,,
2017-03-14,47.72,264173.0,47.24,48.4,47.95
2017-03-15,48.86,232931.0,48.34,47.72,47.24
2017-03-16,48.75,180121.0,48.3,48.86,48.34
2017-03-17,48.78,103677.0,48.34,48.75,48.3
2017-03-18,,,,48.78,48.34
2017-03-19,,,,,
2017-03-20,48.22,72658.0,47.79,,
2017-03-21,47.34,20330.0,47.02,48.22,47.79
2017-03-22,48.04,625764.0,47.29,47.34,47.02
2017-03-23,47.7,625344.0,47.0,48.04,47.29
2017-03-24,47.97,632705.0,47.3,47.7,47.0
2017-03-25,,,,47.97,47.3
2017-03-26,,,,,
2017-03-27,47.73,619275.0,47.02,,
2017-03-28,48.37,615742.0,48.36,47.73,47.02
2017-03-29,49.51,606895.0,49.47,48.37,48.36
2017-03-30,50.35,597562.0,50.3,49.51,49.47
2017-03-31,50.6,586474.0,50.54,50.35,50.3
2017-04-01,,,,50.6,50.54
2017-04-02,,,,,
2017-04-03,50.24,582782.0,50.25,,
2017-04-04,51.03,561505.0,50.99,50.24,50.25
2017-04-05,51.15,545892.0,51.14,51.03,50.99
2017-04-06,51.7,511207.0,51.69,51.15,51.14
2017-04-07,52.24,482370.0,52.25,51.7,51.69
2017-04-08,,,,52.24,52.25
2017-04-09,,,,,
2017-04-10,53.08,415815.0,53.06,,
2017-04-11,53.4,348279.0,53.38,53.08,53.06
2017-04-12,53.11,287890.0,53.12,53.4,53.38
2017-04-13,53.18,211355.0,53.19,53.11,53.12
2017-04-14,,,,53.18,53.19
2017-04-15,,,,,
2017-04-16,,,,,
2017-04-17,52.65,167578.0,52.62,,
2017-04-18,52.41,106872.0,52.46,52.65,52.62
2017-04-19,50.44,72578.0,50.49,52.41,52.46
2017-04-20,50.27,24679.0,50.26,50.44,50.49
2017-04-21,49.62,620206.0,49.64,50.27,50.26
2017-04-22,,,,49.62,49.64
2017-04-23,,,,,
2017-04-24,49.23,620044.0,48.9,,
2017-04-25,49.56,621205.0,49.22,49.23,48.9
2017-04-26,49.62,607386.0,49.22,49.56,49.22
2017-04-27,48.97,602246.0,48.96,49.62,49.22
2017-04-28,49.33,591781.0,49.31,48.97,48.96
2017-04-29,,,,49.33,49.31
2017-04-30,,,,,
2017-05-01,48.84,572455.0,48.83,,
2017-05-02,47.66,565908.0,47.65,48.84,48.83
2017-05-03,47.82,573547.0,47.79,47.66,47.65
2017-05-04,45.52,571277.0,45.55,47.82,47.79
2017-05-05,46.22,577422.0,46.23,45.52,45.55
2017-05-06,,,,46.22,46.23
2017-05-07,,,,,
2017-05-08,46.43,541514.0,46.46,,
2017-05-09,45.88,491012.0,45.84,46.43,46.46
2017-05-10,47.33,447630.0,47.28,45.88,45.84
2017-05-11,47.83,389964.0,47.81,47.33,47.28
2017-05-12,47.84,338671.0,47.83,47.83,47.81
2017-05-13,,,,47.84,47.83
2017-05-14,,,,,
2017-05-15,48.85,320540.0,48.86,,
2017-05-16,48.66,273731.0,48.64,48.85,48.86
2017-05-17,49.07,234981.0,49.04,48.66,48.64
2017-05-18,49.35,113829.0,49.36,49.07,49.04
2017-05-19,50.33,74015.0,50.32,49.35,49.36
2017-05-20,,,,50.33,50.32
2017-05-21,,,,,
2017-05-22,50.73,22887.0,50.81,,
2017-05-23,51.47,631530.0,51.12,50.73,50.81
2017-05-24,51.36,610234.0,50.99,51.47,51.12
2017-05-25,48.9,580233.0,48.57,51.36,50.99
2017-05-26,49.8,578141.0,49.58,48.9,48.57
2017-05-27,,,,49.8,49.58
2017-05-28,,,,,
2017-05-29,,,,,
2017-05-30,49.66,576777.0,49.63,,
2017-05-31,48.32,569166.0,48.29,49.66,49.63
2017-06-01,48.36,560137.0,48.32,48.32,48.29
2017-06-02,47.66,551317.0,47.68,48.36,48.32
2017-06-03,,,,47.66,47.68
2017-06-04,,,,,
2017-06-05,47.4,545587.0,47.4,,
2017-06-06,48.19,535691.0,48.13,47.4,47.4
2017-06-07,45.72,507975.0,45.8,48.19,48.13
2017-06-08,45.64,467851.0,45.68,45.72,45.8
2017-06-09,45.83,399576.0,45.82,45.64,45.68
2017-06-10,,,,45.83,45.82
2017-06-11,,,,,
2017-06-12,46.08,338685.0,46.1,,
2017-06-13,46.46,290323.0,46.41,46.08,46.1
2017-06-14,44.73,209102.0,44.79,46.46,46.41
2017-06-15,44.46,188866.0,44.47,44.73,44.79
2017-06-16,44.74,104865.0,44.73,44.46,44.47
2017-06-17,,,,44.74,44.73
2017-06-18,,,,,
2017-06-19,44.2,69781.0,44.24,,
2017-06-20,43.23,23860.0,43.34,44.2,44.24
2017-06-21,42.53,538309.0,42.48,43.23,43.34
2017-06-22,42.74,536841.0,42.53,42.53,42.48
2017-06-23,43.01,535511.0,42.86,42.74,42.53
2017-06-24,,,,43.01,42.86
2017-06-25,,,,,
2017-06-26,43.38,540999.0,43.24,,
2017-06-27,44.24,543105.0,44.25,43.38,43.24
2017-06-28,44.74,541143.0,44.74,44.24,44.25
2017-06-29,44.93,534351.0,44.88,44.74,44.74
2017-06-30,46.04,519676.0,46.02,44.93,44.88
2017-07-01,,,,46.04,46.02
2017-07-02,,,,,
2017-07-03,47.07,517659.0,,,
2017-07-04,,,,47.07,
2017-07-05,45.13,510718.0,45.11,,
2017-07-06,45.52,487969.0,45.52,45.13,45.11
2017-07-07,44.23,448574.0,44.25,45.52,45.52
2017-07-08,,,,44.23,44.25
2017-07-09,,,,,
2017-07-10,44.4,423083.0,44.4,,
2017-07-11,45.04,379928.0,45.06,44.4,44.4
2017-07-12,45.49,319208.0,45.48,45.04,45.06
2017-07-13,46.08,273833.0,46.06,45.49,45.48
2017-07-14,46.54,215983.0,46.53,46.08,46.06
2017-07-15,,,,46.54,46.53
2017-07-16,,,,,
2017-07-17,46.02,168481.0,46.02,,
2017-07-18,46.4,106506.0,46.4,46.02,46.02
2017-07-19,47.12,74627.0,47.1,46.4,46.4
2017-07-20,46.79,20387.0,46.73,47.12,47.1
2017-07-21,45.77,626118.0,45.78,46.79,46.73
2017-07-22,,,,45.77,45.78
2017-07-23,,,,,
2017-07-24,46.34,621054.0,46.21,,
2017-07-25,47.89,621022.0,47.77,46.34,46.21
2017-07-26,48.75,621693.0,48.58,47.89,47.77
2017-07-27,49.04,620484.0,49.05,48.75,48.58
2017-07-28,49.71,602086.0,49.72,49.04,49.05
2017-07-29,,,,49.71,49.72
2017-07-30,,,,,
2017-07-31,50.17,596827.0,50.21,,
2017-08-01,49.16,592595.0,49.19,50.17,50.21
2017-08-02,49.59,567795.0,49.6,49.16,49.19
2017-08-03,49.03,563988.0,49.03,49.59,49.6
2017-08-04,49.58,544546.0,49.57,49.03,49.03
2017-08-05,,,,49.58,49.57
2017-08-06,,,,,
2017-08-07,49.39,538718.0,49.37,,
2017-08-08,49.17,472032.0,49.07,49.39,49.37
2017-08-09,49.56,411744.0,49.59,49.17,49.07
2017-08-10,48.59,364643.0,48.54,49.56,49.59
2017-08-11,48.82,322477.0,48.81,48.59,48.54
2017-08-12,,,,48.82,48.81
2017-08-13,,,,,
2017-08-14,47.59,288171.0,47.59,,
2017-08-15,47.55,266238.0,47.57,47.59,47.59
2017-08-16,46.78,205139.0,46.8,47.55,47.57
2017-08-17,47.09,161590.0,47.07,46.78,46.8
2017-08-18,48.51,96943.0,48.59,47.09,47.07
2017-08-19,,,,48.51,48.59
2017-08-20,,,,,
2017-08-21,47.37,62446.0,47.39,,
2017-08-22,47.64,25636.0,47.65,47.37,47.39
2017-08-23,48.41,522164.0,48.45,47.64,47.65
2017-08-24,47.43,519698.0,47.24,48.41,48.45
2017-08-25,47.87,518796.0,47.65,47.43,47.24
2017-08-26,,,,47.87,47.65
2017-08-27,,,,,
2017-08-28,46.57,516590.0,46.4,,
2017-08-29,46.44,535948.0,46.46,46.57,46.4
2017-08-30,45.96,525791.0,45.96,46.44,46.46
2017-08-31,47.23,517701.0,47.26,45.96,45.96
2017-09-01,47.29,527656.0,47.32,47.23,47.26
2017-09-02,,,,47.29,47.32
2017-09-03,,,,,
2017-09-04,,,,,
2017-09-05,48.66,519924.0,48.63,,
2017-09-06,49.16,518140.0,49.13,48.66,48.63
2017-09-07,49.09,453038.0,49.1,49.16,49.13
2017-09-08,47.48,421000.0,47.44,49.09,49.1
2017-09-09,,,,47.48,47.44
2017-09-10,,,,,
2017-09-11,48.07,384975.0,48.06,,
2017-09-12,48.23,332807.0,48.21,48.07,48.06
2017-09-13,49.3,300216.0,49.3,48.23,48.21
2017-09-14,49.89,243183.0,49.86,49.3,49.3
2017-09-15,49.89,160272.0,49.9,49.89,49.86
2017-09-16,,,,49.89,49.9
2017-09-17,,,,,
2017-09-18,49.91,117164.0,49.88,,
2017-09-19,49.48,84082.0,49.54,49.91,49.88
2017-09-20,50.41,25801.0,50.29,49.48,49.54
2017-09-21,50.55,589197.0,50.58,50.41,50.29
2017-09-22,50.66,584674.0,50.33,50.55,50.58
2017-09-23,,,,50.66,50.33
2017-09-24,,,,,
2017-09-25,52.22,580896.0,51.85,,
2017-09-26,51.88,580784.0,51.59,52.22,51.85
2017-09-27,52.14,546765.0,52.14,51.88,51.59
2017-09-28,51.56,540544.0,51.62,52.14,52.14
2017-09-29,51.67,529373.0,51.67,51.56,51.62
2017-09-30,,,,51.67,51.67
2017-10-01,,,,,
2017-10-02,50.58,522982.0,50.59,,
2017-10-03,50.42,518158.0,50.44,50.58,50.59
2017-10-04,49.98,513316.0,50.0,50.42,50.44
2017-10-05,50.79,511107.0,50.79,49.98,50.0
2017-10-06,49.29,495395.0,49.34,50.79,50.79
2017-10-07,,,,49.29,49.34
2017-10-08,,,,,
2017-10-09,49.58,453631.0,49.58,,
2017-10-10,50.92,407051.0,50.93,49.58,49.58
2017-10-11,51.3,358344.0,51.3,50.92,50.93
2017-10-12,50.6,295989.0,50.61,51.3,51.3
2017-10-13,51.45,266908.0,51.43,50.6,50.61
2017-10-14,,,,51.45,51.43
2017-10-15,,,,,
2017-10-16,51.87,222493.0,51.86,,
2017-10-17,51.88,165521.0,51.87,51.87,51.86
2017-10-18,52.04,101293.0,52.05,51.88,51.87
2017-10-19,51.29,71971.0,51.29,52.04,52.05
2017-10-20,51.47,24448.0,51.63,51.29,51.29
2017-10-21,,,,51.47,51.63
2017-10-22,,,,,
2017-10-23,51.9,608176.0,51.91,,
2017-10-24,52.47,596864.0,52.32,51.9,51.91
2017-10-25,52.18,601728.0,51.97,52.47,52.32
2017-10-26,52.64,603459.0,52.41,52.18,51.97
2017-10-27,53.9,600132.0,53.92,52.64,52.41
2017-10-28,,,,53.9,53.92
2017-10-29,,,,,
2017-10-30,54.15,591778.0,54.11,,
2017-10-31,54.38,585325.0,54.36,54.15,54.11
2017-11-01,54.3,577849.0,54.32,54.38,54.36
2017-11-02,54.54,560089.0,54.55,54.3,54.32
2017-11-03,55.64,552399.0,55.63,54.54,54.55
2017-11-04,,,,55.64,55.63
2017-11-05,,,,,
2017-11-06,57.35,540082.0,57.34,,
2017-11-07,57.2,523646.0,57.19,57.35,57.34
2017-11-08,56.81,473708.0,56.82,57.2,57.19
2017-11-09,57.17,424295.0,57.16,56.81,56.82
2017-11-10,56.74,404002.0,56.75,57.17,57.16
2017-11-11,,,,56.74,56.75
2017-11-12,,,,,
2017-11-13,56.76,364546.0,56.77,,
2017-11-14,55.7,306712.0,55.67,56.76,56.77
2017-11-15,55.33,240083.0,55.28,55.7,55.67
2017-11-16,55.14,128823.0,55.14,55.33,55.28
2017-11-17,56.55,91396.0,56.21,55.14,55.14
2017-11-18,,,,56.55,56.21
2017-11-19,,,,,
2017-11-20,56.09,29051.0,56.21,,
2017-11-21,56.83,596888.0,56.84,56.09,56.21
2017-11-22,58.02,592315.0,57.88,56.83,56.84
2017-11-23,,,,58.02,57.88
2017-11-24,58.95,577680.0,58.94,,
2017-11-25,,,,58.95,58.94
2017-11-26,,,,,
2017-11-27,58.11,576294.0,58.1,,
2017-11-28,57.99,556293.0,57.96,58.11,58.1
2017-11-29,57.3,548443.0,57.25,57.99,57.96
2017-11-30,57.4,543363.0,57.4,57.3,57.25
2017-12-01,58.36,539699.0,58.35,57.4,57.4
2017-12-02,,,,58.36,58.35
2017-12-03,,,,,
2017-12-04,57.47,534868.0,57.48,,
2017-12-05,57.62,523445.0,57.66,57.47,57.48
2017-12-06,55.96,510858.0,55.79,57.62,57.66
2017-12-07,56.69,483234.0,56.5,55.96,55.79
2017-12-08,57.36,422698.0,57.15,56.69,56.5
2017-12-09,,,,57.36,57.15
2017-12-10,,,,,
2017-12-11,57.99,357318.0,57.84,,
2017-12-12,57.14,312042.0,57.12,57.99,57.84
2017-12-13,56.6,233823.0,56.59,57.14,57.12
2017-12-14,57.04,177617.0,57.0,56.6,56.59
2017-12-15,57.3,111895.0,57.29,57.04,57.0
2017-12-16,,,,57.3,57.29
2017-12-17,,,,,
2017-12-18,57.16,81291.0,57.17,,
2017-12-19,57.46,29831.0,57.49,57.16,57.17
2017-12-20,58.09,511064.0,58.09,57.46,57.49
2017-12-21,58.36,510084.0,58.34,58.09,58.09
2017-12-22,58.47,496545.0,58.25,58.36,58.34
2017-12-23,,,,58.47,58.25
2017-12-24,,,,,
2017-12-25,,,,,
2017-12-26,59.97,481977.0,59.55,,
2017-12-27,59.64,484886.0,59.67,59.97,59.55
2017-12-28,59.84,481286.0,59.84,59.64,59.67
2017-12-29,60.42,477796.0,60.46,59.84,59.84
2017-12-30,,,,60.42,60.46
2017-12-31,,,,,
2018-01-01,,,,,
2018-01-02,60.37,466495.0,60.37,,
2018-01-03,61.63,471247.0,61.61,60.37,60.37
2018-01-04,62.01,477484.0,61.98,61.63,61.61
2018-01-05,61.44,456748.0,61.49,62.01,61.98
2018-01-06,,,,61.44,61.49
2018-01-07,,,,,
2018-01-08,61.73,441715.0,61.73,,
2018-01-09,62.96,387896.0,62.92,61.73,61.73
2018-01-10,63.57,347408.0,63.6,62.96,62.92
2018-01-11,63.8,306294.0,63.81,63.57,63.6
2018-01-12,64.3,272351.0,64.22,63.8,63.81
2018-01-13,,,,64.3,64.22
2018-01-14,,,,,
2018-01-15,,,,,
2018-01-16,63.73,243872.0,63.82,,
2018-01-17,63.97,178620.0,63.92,63.73,63.82
2018-01-18,63.95,111986.0,63.96,63.97,63.92
2018-01-19,63.37,80797.0,63.38,63.95,63.96
2018-01-20,,,,63.37,63.38
2018-01-21,,,,,
2018-01-22,63.49,33579.0,63.66,,
2018-01-23,64.47,633247.0,64.45,63.49,63.66
2018-01-24,65.61,632941.0,65.69,64.47,64.45
2018-01-25,65.51,642781.0,65.62,65.61,65.69
2018-01-26,66.14,616632.0,66.27,65.51,65.62
2018-01-27,,,,66.14,66.27
2018-01-28,,,,,
2018-01-29,65.56,613470.0,65.71,,
2018-01-30,64.5,600810.0,64.64,65.56,65.71
2018-01-31,64.73,587826.0,64.82,64.5,64.64
2018-02-01,65.8,578697.0,65.92,64.73,64.82
2018-02-02,65.45,575850.0,65.5,65.8,65.92
2018-02-03,,,,65.45,65.5
2018-02-04,,,,,
2018-02-05,64.15,540626.0,64.18,,
2018-02-06,63.39,509407.0,63.48,64.15,64.18
2018-02-07,61.79,472560.0,61.91,63.39,63.48
2018-02-08,61.15,402144.0,61.3,61.79,61.91
2018-02-09,59.2,340177.0,59.2,61.15,61.3
2018-02-10,,,,59.2,59.2
2018-02-11,,,,,
2018-02-12,59.29,267646.0,59.41,,
2018-02-13,59.19,208657.0,59.33,59.29,59.41
2018-02-14,60.6,175355.0,60.7,59.19,59.33
2018-02-15,61.34,117676.0,61.48,60.6,60.7
2018-02-16,61.68,85558.0,61.89,61.34,61.48
2018-02-17,,,,61.68,61.89
2018-02-18,,,,,
2018-02-19,,,,,
2018-02-20,61.9,30766.0,61.91,,
2018-02-21,61.68,506478.0,61.73,61.9,61.91
2018-02-22,62.77,495317.0,62.72,61.68,61.73
2018-02-23,63.55,498650.0,63.52,62.77,62.72
2018-02-24,,,,63.55,63.52
2018-02-25,,,,,
2018-02-26,63.91,494261.0,63.81,,
2018-02-27,63.01,496310.0,62.94,63.91,63.81
2018-02-28,61.64,485041.0,61.43,63.01,62.94
2018-03-01,60.99,482408.0,60.98,61.64,61.43
2018-03-02,61.25,476194.0,61.19,60.99,60.98
2018-03-03,,,,61.25,61.19
2018-03-04,,,,,
2018-03-05,62.57,461949.0,62.49,,
2018-03-06,62.6,463667.0,62.54,62.57,62.49
2018-03-07,61.15,434038.0,61.09,62.6,62.54
2018-03-08,60.12,400976.0,60.13,61.15,61.09
2018-03-09,62.04,344074.0,62.02,60.12,60.13
2018-03-10,,,,62.04,62.02
2018-03-11,,,,,
2018-03-12,61.36,283297.0,61.35,,
2018-03-13,60.71,228921.0,60.69,61.36,61.35
2018-03-14,60.96,180109.0,60.89,60.71,60.69
2018-03-15,61.19,144426.0,61.16,60.96,60.89
2018-03-16,62.34,91067.0,62.29,61.19,61.16
2018-03-17,,,,62.34,62.29
2018-03-18,,,,,
2018-03-19,62.06,66785.0,62.01,,
2018-03-20,63.4,28673.0,63.37,62.06,62.01
2018-03-21,65.17,529110.0,65.1,63.4,63.37
2018-03-22,64.3,535408.0,64.25,65.17,65.1
2018-03-23,65.88,515290.0,65.8,64.3,64.25
2018-03-24,,,,65.88,65.8
2018-03-25,,,,,
2018-03-26,65.55,517104.0,65.49,,
2018-03-27,65.25,512488.0,65.21,65.55,65.49
2018-03-28,64.38,512247.0,64.3,65.25,65.21
2018-03-29,64.94,496529.0,64.87,64.38,64.3
2018-03-30,,,,64.94,64.87
2018-03-31,,,,,
2018-04-01,,,,,
2018-04-02,63.01,490954.0,63.05,,
2018-04-03,63.51,482873.0,63.41,63.01,63.05
2018-04-04,63.37,474723.0,63.35,63.51,63.41
2018-04-05,63.54,452022.0,63.53,63.37,63.35
2018-04-06,62.06,436292.0,62.03,63.54,63.53
2018-04-07,,,,62.06,62.03
2018-04-08,,,,,
2018-04-09,63.42,377656.0,63.4,,
2018-04-10,65.51,324168.0,65.48,63.42,63.4
2018-04-11,66.82,271965.0,66.81,65.51,65.48
2018-04-12,67.07,238541.0,67.07,66.82,66.81
2018-04-13,67.39,218424.0,67.35,67.07,67.07
2018-04-14,,,,67.39,67.35
2018-04-15,,,,,
2018-04-16,66.22,194380.0,66.23,,
2018-04-17,66.52,156496.0,66.5,66.22,66.23
2018-04-18,68.47,86798.0,68.44,66.52,66.5
2018-04-19,68.29,58001.0,68.3,68.47,68.44
2018-04-20,68.38,25708.0,68.26,68.29,68.3
2018-04-21,,,,68.38,68.26
2018-04-22,,,,,
2018-04-23,68.64,567940.0,67.61,,
2018-04-24,67.7,553193.0,67.66,68.64,67.61
2018-04-25,68.05,537498.0,68.0,67.7,67.66
2018-04-26,68.19,547393.0,68.18,68.05,68.0
2018-04-27,68.1,547156.0,68.11,68.19,68.18
2018-04-28,,,,68.1,68.11
2018-04-29,,,,,
2018-04-30,68.57,536864.0,68.56,,
2018-05-01,67.25,534133.0,67.28,68.57,68.56
2018-05-02,67.93,519550.0,67.91,67.25,67.28
2018-05-03,68.43,516664.0,68.45,67.93,67.91
2018-05-04,69.72,518182.0,69.71,68.43,68.45
2018-05-05,,,,69.72,69.71
2018-05-06,,,,,
2018-05-07,70.73,506546.0,70.74,,
2018-05-08,69.06,469303.0,68.83,70.73,70.74
2018-05-09,71.14,405418.0,71.16,69.06,68.83
2018-05-10,71.36,369384.0,71.36,71.14,71.16
2018-05-11,70.7,333342.0,70.69,71.36,71.36
2018-05-12,,,,70.7,70.69
2018-05-13,,,,,
2018-05-14,70.96,291830.0,71.01,,
2018-05-15,71.31,249507.0,71.34,70.96,71.01
2018-05-16,71.49,193717.0,71.43,71.31,71.34
2018-05-17,71.49,168152.0,71.47,71.49,71.43
2018-05-18,71.28,84902.0,71.23,71.49,71.47
2018-05-19,,,,71.28,71.23
2018-05-20,,,,,
2018-05-21,72.24,64453.0,72.26,,
2018-05-22,72.13,24792.0,72.09,72.24,72.26
2018-05-23,71.84,540497.0,71.85,72.13,72.09
2018-05-24,70.71,532927.0,70.77,71.84,71.85
2018-05-25,67.88,523442.0,67.92,70.71,70.77
2018-05-26,,,,67.88,67.92
2018-05-27,,,,,
2018-05-28,,,,,
2018-05-29,66.73,516813.0,66.8,,
2018-05-30,68.21,509692.0,68.24,66.73,66.8
2018-05-31,67.04,506464.0,66.98,68.21,68.24
2018-06-01,65.81,485153.0,65.81,67.04,66.98
2018-06-02,,,,65.81,65.81
2018-06-03,,,,,
2018-06-04,64.75,470649.0,64.76,,
2018-06-05,65.52,448471.0,65.51,64.75,64.76
2018-06-06,64.73,434608.0,64.75,65.52,65.51
2018-06-07,65.95,414114.0,65.96,64.73,64.75
2018-06-08,65.74,368036.0,65.77,65.95,65.96
2018-06-09,,,,65.74,65.77
2018-06-10,,,,,
2018-06-11,66.1,324550.0,66.1,,
2018-06-12,66.36,286575.0,66.38,66.1,66.1
2018-06-13,66.64,246100.0,66.63,66.36,66.38
2018-06-14,66.89,199816.0,66.91,66.64,66.63
2018-06-15,65.06,149741.0,65.01,66.89,66.91
2018-06-16,,,,65.06,65.01
2018-06-17,,,,,
2018-06-18,65.85,105997.0,65.91,,
2018-06-19,65.07,67455.0,65.09,65.85,65.91
2018-06-20,66.22,25465.0,65.92,65.07,65.09
2018-06-21,65.54,455623.0,65.68,66.22,65.92
2018-06-22,68.58,440211.0,69.02,65.54,65.68
2018-06-23,,,,68.58,69.02
2018-06-24,,,,,
2018-06-25,68.08,418038.0,69.91,,
2018-06-26,70.53,403197.0,75.23,68.08,69.91
2018-06-27,72.76,405874.0,77.41,70.53,75.23
2018-06-28,73.45,406652.0,73.45,72.76,77.41
2018-06-29,74.15,402545.0,74.13,73.45,73.45
2018-06-30,,,,74.15,74.13
2018-07-01,,,,,
2018-07-02,73.94,394727.0,73.89,,
2018-07-03,74.14,391048.0,74.19,73.94,73.89
2018-07-04,,,,74.14,74.19
2018-07-05,72.94,388978.0,73.05,,
2018-07-06,73.8,377643.0,73.78,72.94,73.05
2018-07-07,,,,73.8,73.78
2018-07-08,,,,,
2018-07-09,73.85,371200.0,73.93,,
2018-07-10,74.11,341953.0,74.11,73.85,73.93
2018-07-11,70.38,302742.0,70.47,74.11,74.11
2018-07-12,70.33,285706.0,70.28,70.38,70.47
2018-07-13,71.01,220606.0,71.03,70.33,70.28
2018-07-14,,,,71.01,71.03
2018-07-15,,,,,
2018-07-16,68.06,172793.0,68.22,,
2018-07-17,68.08,144263.0,68.03,68.06,68.22
2018-07-18,68.76,86325.0,68.78,68.08,68.03
2018-07-19,69.46,60863.0,69.42,68.76,68.78
2018-07-20,70.46,17588.0,70.31,69.46,69.42
2018-07-21,,,,70.46,70.31
2018-07-22,,,,,
2018-07-23,67.89,481171.0,67.9,,
2018-07-24,68.52,460205.0,70.77,67.89,67.9
2018-07-25,69.3,454919.0,71.13,68.52,70.77
2018-07-26,69.61,453243.0,71.59,69.3,71.13
2018-07-27,68.69,447434.0,68.66,69.61,71.59
2018-07-28,,,,68.69,68.66
2018-07-29,,,,,
2018-07-30,70.13,431821.0,71.19,,
2018-07-31,68.76,431396.0,69.88,70.13,71.19
2018-08-01,67.66,416984.0,68.8,68.76,69.88
2018-08-02,68.96,405238.0,68.95,67.66,68.8
2018-08-03,68.49,403537.0,68.49,68.96,68.95
2018-08-04,,,,68.49,68.49
2018-08-05,,,,,
2018-08-06,69.01,388488.0,69.01,,
2018-08-07,69.17,375506.0,69.17,69.01,69.01
2018-08-08,66.94,326463.0,66.92,69.17,69.17
2018-08-09,66.81,285802.0,66.81,66.94,66.92
2018-08-10,67.63,245932.0,67.61,66.81,66.81
2018-08-11,,,,67.63,67.61
2018-08-12,,,,,
2018-08-13,67.2,200495.0,67.25,,
2018-08-14,67.04,177792.0,67.04,67.2,67.25
2018-08-15,65.01,156276.0,65.07,67.04,67.04
2018-08-16,65.46,143373.0,65.44,65.01,65.07
2018-08-17,65.91,81961.0,65.93,65.46,65.44
2018-08-18,,,,65.91,65.93
2018-08-19,,,,,
2018-08-20,66.43,57511.0,66.5,,
2018-08-21,67.35,25442.0,67.32,66.43,66.5
2018-08-22,67.86,413948.0,67.85,67.35,67.32
2018-08-23,67.83,415834.0,69.13,67.86,67.85
2018-08-24,68.72,410828.0,69.71,67.83,69.13
2018-08-25,,,,68.72,69.71
2018-08-26,,,,,
2018-08-27,68.87,412703.0,69.97,,
2018-08-28,68.53,404447.0,68.54,68.87,69.97
2018-08-29,69.51,404963.0,69.68,68.53,68.54
2018-08-30,70.25,412879.0,70.25,69.51,69.68
2018-08-31,69.8,413062.0,69.84,70.25,70.25
2018-09-01,,,,69.8,69.84
2018-09-02,,,,,
2018-09-03,,,,,
2018-09-04,69.87,412237.0,69.82,,
2018-09-05,68.72,408792.0,68.69,69.87,69.82
2018-09-06,67.77,398883.0,67.81,68.72,68.69
2018-09-07,67.75,378062.0,67.73,67.77,67.81
2018-09-08,,,,67.75,67.73
2018-09-09,,,,,
2018-09-10,67.54,360833.0,67.55,,
2018-09-11,69.25,309579.0,69.29,67.54,67.55
2018-09-12,70.37,278774.0,70.37,69.25,69.29
2018-09-13,68.59,233987.0,68.6,70.37,70.37
2018-09-14,68.99,181504.0,68.98,68.59,68.6
2018-09-15,,,,68.99,68.98
2018-09-16,,,,,
2018-09-17,68.91,143296.0,68.86,,
2018-09-18,69.85,98020.0,69.87,68.91,68.86
2018-09-19,71.12,70808.0,71.08,69.85,69.87
2018-09-20,70.8,26210.0,70.77,71.12,71.08
2018-09-21,70.78,432557.0,70.8,70.8,70.77
2018-09-22,,,,70.78,70.8
2018-09-23,,,,,
2018-09-24,72.08,422544.0,73.23,,
2018-09-25,72.28,423509.0,73.4,72.08,73.23
2018-09-26,71.57,424242.0,72.22,72.28,73.4
2018-09-27,72.12,421937.0,72.18,71.57,72.22
2018-09-28,73.25,415345.0,73.16,72.12,72.18
2018-09-29,,,,73.25,73.16
2018-09-30,,,,,
2018-10-01,75.3,408198.0,75.37,,
2018-10-02,75.23,393833.0,75.16,75.3,75.37
2018-10-03,76.41,388829.0,76.4,75.23,75.16
2018-10-04,74.33,383470.0,74.44,76.41,76.4
2018-10-05,74.34,352392.0,74.26,74.33,74.44
2018-10-06,,,,74.34,74.26
2018-10-07,,,,,
2018-10-08,74.29,327679.0,74.27,,
2018-10-09,74.96,286968.0,74.95,74.29,74.27
2018-10-10,73.17,252372.0,73.18,74.96,74.95
2018-10-11,70.97,229827.0,70.97,73.17,73.18
2018-10-12,71.34,210329.0,71.41,70.97,70.97
2018-10-13,,,,71.34,71.41
2018-10-14,,,,,
2018-10-15,71.78,187390.0,71.84,,
2018-10-16,71.92,162737.0,71.93,71.78,71.84
2018-10-17,69.75,132985.0,69.63,71.92,71.93
2018-10-18,68.65,81754.0,68.63,69.75,69.63
2018-10-19,69.12,61440.0,69.16,68.65,68.63
2018-10-20,,,,69.12,69.16
2018-10-21,,,,,
2018-10-22,69.17,24949.0,69.25,,
2018-10-23,66.43,489092.0,66.49,69.17,69.25
2018-10-24,66.82,476388.0,66.56,66.43,66.49
2018-10-25,67.33,472374.0,67.25,66.82,66.56
2018-10-26,67.59,463771.0,67.58,67.33,67.25
2018-10-27,,,,67.59,67.58
2018-10-28,,,,,
2018-10-29,67.04,459476.0,67.0,,
2018-10-30,66.18,454348.0,66.18,67.04,67.0
2018-10-31,65.31,443231.0,65.31,66.18,66.18
2018-11-01,63.69,432487.0,63.67,65.31,65.31
2018-11-02,63.14,435959.0,63.12,63.69,63.67
2018-11-03,,,,63.14,63.12
2018-11-04,,,,,
2018-11-05,63.1,424118.0,63.12,,
2018-11-06,62.21,399347.0,62.16,63.1,63.12
2018-11-07,61.67,377866.0,61.69,62.21,62.16
2018-11-08,60.67,349107.0,60.71,61.67,61.69
2018-11-09,60.19,314185.0,60.19,60.67,60.71
2018-11-10,,,,60.19,60.19
2018-11-11,,,,,
2018-11-12,59.93,279121.0,59.85,,
2018-11-13,55.69,228816.0,55.63,59.93,59.85
2018-11-14,56.25,201646.0,56.16,55.69,55.63
2018-11-15,56.46,105957.0,56.45,56.25,56.16
2018-11-16,56.46,72327.0,56.49,56.46,56.45
2018-11-17,,,,56.46,56.49
2018-11-18,,,,,
2018-11-19,56.76,25941.0,57.16,,
2018-11-20,53.43,435803.0,53.39,56.76,57.16
2018-11-21,54.63,441513.0,54.41,53.43,53.39
2018-11-22,,,,54.63,54.41
2018-11-23,50.42,433772.0,,,
2018-11-24,,,,50.42,
2018-11-25,,,,,
2018-11-26,51.63,447493.0,51.46,,
2018-11-27,51.56,434636.0,51.31,51.63,51.46
2018-11-28,50.29,426713.0,50.06,51.56,51.31
2018-11-29,51.45,427800.0,51.46,50.29,50.06
2018-11-30,50.93,421193.0,50.78,51.45,51.46
2018-12-01,,,,50.93,50.78
2018-12-02,,,,,
2018-12-03,52.95,414833.0,52.98,,
2018-12-04,53.25,401077.0,53.21,52.95,52.98
2018-12-05,52.89,398555.0,52.64,53.25,53.21
2018-12-06,51.49,380601.0,51.54,52.89,52.64
2018-12-07,52.61,363183.0,52.76,51.49,51.54
2018-12-08,,,,52.61,52.76
2018-12-09,,,,,
2018-12-10,51.0,324223.0,51.07,,
2018-12-11,51.65,278005.0,51.65,51.0,51.07
2018-12-12,51.15,235703.0,51.04,51.65,51.65
2018-12-13,52.58,186783.0,52.69,51.15,51.04
2018-12-14,51.2,146352.0,51.26,52.58,52.69
2018-12-15,,,,51.2,51.26
2018-12-16,,,,,
2018-12-17,49.88,90329.0,49.8,,
2018-12-18,46.24,66901.0,46.12,49.88,49.8
2018-12-19,47.2,29550.0,47.96,46.24,46.12
2018-12-20,45.88,401813.0,45.64,47.2,47.96
2018-12-21,45.59,401712.0,45.38,45.88,45.64
2018-12-22,,,,45.59,45.38
2018-12-23,,,,,
2018-12-24,42.53,391671.0,,,
2018-12-25,,,,42.53,
2018-12-26,46.22,392668.0,46.04,,
2018-12-27,44.61,390595.0,44.48,46.22,46.04
2018-12-28,45.33,385866.0,45.15,44.61,44.48
2018-12-29,,,,45.33,45.15
2018-12-30,,,,,
2018-12-31,45.41,387024.0,,,
2019-01-01,,,,45.41,
2019-01-02,46.54,381003.0,46.31,,
2019-01-03,47.09,381544.0,46.92,46.54,46.31
2019-01-04,47.96,378871.0,47.76,47.09,46.92
2019-01-05,,,,47.96,47.76
2019-01-06,,,,,
2019-01-07,48.52,367400.0,48.27,,
2019-01-08,49.78,361363.0,49.58,48.52,48.27
2019-01-09,52.36,329416.0,52.19,49.78,49.58
2019-01-10,52.59,290508.0,52.42,52.36,52.19
2019-01-11,51.59,260311.0,51.44,52.59,52.42
2019-01-12,,,,51.59,51.44
2019-01-13,,,,,
2019-01-14,50.51,216583.0,50.31,,
2019-01-15,52.11,176807.0,51.8,50.51,50.31
2019-01-16,52.31,145033.0,52.08,52.11,51.8
2019-01-17,52.07,89777.0,51.83,52.31,52.08
2019-01-18,53.8,61293.0,53.6,52.07,51.83
2019-01-19,,,,53.8,53.6
2019-01-20,,,,,
2019-01-21,,,,,
2019-01-22,52.57,25682.0,52.59,,
2019-01-23,52.62,499043.0,52.44,52.57,52.59
2019-01-24,53.13,496877.0,52.94,52.62,52.44
2019-01-25,53.69,481966.0,53.53,53.13,52.94
2019-01-26,,,,53.69,53.53
2019-01-27,,,,,
2019-01-28,51.99,471888.0,51.79,,
2019-01-29,53.31,469447.0,53.07,51.99,51.79
2019-01-30,54.23,464251.0,54.18,53.31,53.07
2019-01-31,53.79,466044.0,53.84,54.23,54.18
2019-02-01,55.26,463779.0,55.29,53.79,53.84
2019-02-02,,,,55.26,55.29
2019-02-03,,,,,
2019-02-04,54.56,457940.0,54.57,,
2019-02-05,53.66,441710.0,53.69,54.56,54.57
2019-02-06,54.01,431584.0,53.94,53.66,53.69
2019-02-07,52.64,413688.0,52.68,54.01,53.94
2019-02-08,52.72,371226.0,52.75,52.64,52.68
2019-02-09,,,,52.72,52.75
2019-02-10,,,,,
2019-02-11,52.41,318986.0,52.43,,
2019-02-12,53.1,264681.0,53.14,52.41,52.43
2019-02-13,53.9,223779.0,53.84,53.1,53.14
2019-02-14,54.41,163621.0,54.4,53.9,53.84
2019-02-15,55.59,109346.0,55.58,54.41,54.4
2019-02-16,,,,55.59,55.58
2019-02-17,,,,,
2019-02-18,,,,,
2019-02-19,56.09,74706.0,56.12,,
2019-02-20,56.92,29785.0,56.9,56.09,56.12
2019-02-21,56.96,407691.0,56.95,56.92,56.9
2019-02-22,57.26,400292.0,57.01,56.96,56.95
2019-02-23,,,,57.26,57.01
2019-02-24,,,,,
2019-02-25,55.48,399406.0,55.32,,
2019-02-26,55.5,387301.0,55.4,55.48,55.32
2019-02-27,56.94,382166.0,56.92,55.5,55.4
2019-02-28,57.22,383252.0,57.21,56.94,56.92
2019-03-01,55.8,377617.0,55.76,57.22,57.21
2019-03-02,,,,55.8,55.76
2019-03-03,,,,,
2019-03-04,56.59,368105.0,56.6,,
2019-03-05,56.56,358824.0,56.55,56.59,56.6
2019-03-06,56.22,353287.0,56.22,56.56,56.55
2019-03-07,56.66,332570.0,56.6,56.22,56.22
2019-03-08,56.07,294866.0,55.77,56.66,56.6
2019-03-09,,,,56.07,55.77
2019-03-10,,,,,
2019-03-11,56.79,252613.0,56.79,,
2019-03-12,56.87,215862.0,56.89,56.79,56.79
2019-03-13,58.26,184451.0,58.27,56.87,56.89
2019-03-14,58.61,161079.0,58.59,58.26,58.27
2019-03-15,58.52,134939.0,58.51,58.61,58.59
2019-03-16,,,,58.52,58.51
2019-03-17,,,,,
2019-03-18,59.09,98719.0,59.09,,
2019-03-19,59.03,67480.0,59.12,59.09,59.09
2019-03-20,59.83,18770.0,60.12,59.03,59.12
2019-03-21,59.98,435389.0,59.98,59.83,60.12
2019-03-22,59.04,434375.0,58.87,59.98,59.98
2019-03-23,,,,59.04,58.87
2019-03-24,,,,,
2019-03-25,58.82,426723.0,58.71,,
2019-03-26,59.94,423515.0,59.87,58.82,58.71
2019-03-27,59.41,422471.0,59.39,59.94,59.87
2019-03-28,59.3,409365.0,59.29,59.41,59.39
2019-03-29,60.14,401827.0,60.19,59.3,59.29
2019-03-30,,,,60.14,60.19
2019-03-31,,,,,
2019-04-01,61.59,403676.0,61.59,,
2019-04-02,62.58,405918.0,62.53,61.59,61.59
2019-04-03,62.46,391777.0,62.46,62.58,62.53
2019-04-04,62.1,374802.0,62.12,62.46,62.46
2019-04-05,63.08,361966.0,63.1,62.1,62.12
2019-04-06,,,,63.08,63.1
2019-04-07,,,,,
2019-04-08,64.4,346628.0,64.37,,
2019-04-09,63.98,318369.0,64.05,64.4,64.37
2019-04-10,64.61,280173.0,64.62,63.98,64.05
2019-04-11,63.58,257042.0,63.61,64.61,64.62
2019-04-12,63.89,218311.0,63.86,63.58,63.61
2019-04-13,,,,63.89,63.86
2019-04-14,,,,,
2019-04-15,63.4,196720.0,63.43,,
2019-04-16,64.05,162601.0,64.01,63.4,63.43
2019-04-17,63.76,98193.0,63.74,64.05,64.01
2019-04-18,64.0,72280.0,64.02,63.76,63.74
2019-04-19,,,,64.0,64.02
2019-04-20,,,,,
2019-04-21,,,,,
2019-04-22,65.7,22036.0,65.66,,
2019-04-23,66.3,477250.0,66.24,65.7,65.66
2019-04-24,65.89,473277.0,65.96,66.3,66.24
2019-04-25,65.21,473594.0,65.23,65.89,65.96
2019-04-26,63.3,459817.0,63.29,65.21,65.23
2019-04-27,,,,63.3,63.29
2019-04-28,,,,,
2019-04-29,63.5,456552.0,63.39,,
2019-04-30,63.91,446583.0,63.83,63.5,63.39
2019-05-01,63.6,439249.0,63.55,63.91,63.83
2019-05-02,61.81,431230.0,61.75,63.6,63.55
2019-05-03,61.94,420813.0,61.98,61.81,61.75
2019-05-04,,,,61.94,61.98
2019-05-05,,,,,
2019-05-06,62.25,394652.0,62.3,,
2019-05-07,61.4,384049.0,61.41,62.25,62.3
2019-05-08,62.12,347698.0,62.13,61.4,61.41
2019-05-09,61.7,315442.0,61.58,62.12,62.13
2019-05-10,61.66,292022.0,61.65,61.7,61.58
2019-05-11,,,,61.66,61.65
2019-05-12,,,,,
2019-05-13,61.04,261381.0,60.97,,
2019-05-14,61.78,229525.0,61.82,61.04,60.97
2019-05-15,62.02,203905.0,62.03,61.78,61.82
2019-05-16,62.87,166034.0,62.93,62.02,62.03
2019-05-17,62.76,98367.0,62.77,62.87,62.93
2019-05-18,,,,62.76,62.77
2019-05-19,,,,,
2019-05-20,63.1,66762.0,63.12,,
2019-05-21,62.99,20690.0,63.02,63.1,63.12
2019-05-22,61.42,441614.0,61.42,62.99,63.02
2019-05-23,57.91,441633.0,57.65,61.42,61.42
2019-05-24,58.63,438307.0,58.4,57.91,57.65
2019-05-25,,,,58.63,58.4
2019-05-26,,,,,
2019-05-27,,,,,
2019-05-28,59.14,427918.0,58.91,,
2019-05-29,58.81,412018.0,58.84,59.14,58.91
2019-05-30,56.59,382277.0,56.47,58.81,58.84
2019-05-31,53.5,376374.0,53.49,56.59,56.47
2019-06-01,,,,53.5,53.49
2019-06-02,,,,,
2019-06-03,53.25,368466.0,53.25,,
2019-06-04,53.48,366193.0,53.5,53.25,53.25
2019-06-05,51.68,363046.0,51.57,53.48,53.5
2019-06-06,52.59,362201.0,52.59,51.68,51.57
2019-06-07,53.99,343970.0,53.95,52.59,52.59
2019-06-08,,,,53.99,53.95
2019-06-09,,,,,
2019-06-10,53.26,308942.0,53.33,,
2019-06-11,53.27,272110.0,53.3,53.26,53.33
2019-06-12,51.14,237203.0,51.13,53.27,53.3
2019-06-13,52.28,203403.0,52.38,51.14,51.13
2019-06-14,52.51,157857.0,52.47,52.28,52.38
2019-06-15,,,,52.51,52.47
2019-06-16,,,,,
2019-06-17,51.93,128496.0,51.94,,
2019-06-18,53.9,79872.0,53.86,51.93,51.94
2019-06-19,53.76,54119.0,53.74,53.9,53.86
2019-06-20,56.65,21321.0,56.88,53.76,53.74
2019-06-21,57.43,347579.0,57.35,56.65,56.88
2019-06-22,,,,57.43,57.35
2019-06-23,,,,,
2019-06-24,57.9,345680.0,57.73,,
2019-06-25,57.83,341183.0,57.63,57.9,57.73
2019-06-26,59.38,338117.0,59.17,57.83,57.63
2019-06-27,59.43,338300.0,59.18,59.38,59.17
2019-06-28,58.47,334543.0,58.2,59.43,59.18
2019-06-29,,,,58.47,58.2
2019-06-30,,,,,
2019-07-01,59.09,328837.0,58.91,,
2019-07-02,56.25,319323.0,56.0,59.09,58.91
2019-07-03,57.34,313008.0,57.06,56.25,56.0
2019-07-04,,,,57.34,57.06
2019-07-05,57.51,299915.0,,,
2019-07-06,,,,57.51,
2019-07-07,,,,,
2019-07-08,57.66,289164.0,57.35,,
2019-07-09,57.83,262191.0,57.57,57.66,57.35
2019-07-10,60.43,234613.0,60.28,57.83,57.57
2019-07-11,60.2,215505.0,59.93,60.43,60.28
2019-07-12,60.21,199666.0,59.99,60.2,59.93
2019-07-13,,,,60.21,59.99
2019-07-14,,,,,
2019-07-15,59.58,179768.0,59.3,,
2019-07-16,57.62,147999.0,57.44,59.58,59.3
2019-07-17,56.78,119793.0,56.5,57.62,57.44
2019-07-18,55.3,83809.0,55.08,56.78,56.5
2019-07-19,55.63,55908.0,55.42,55.3,55.08
2019-07-20,,,,55.63,55.42
2019-07-21,,,,,
2019-07-22,56.22,19557.0,55.87,,
2019-07-23,56.77,438301.0,56.58,56.22,55.87
2019-07-24,55.88,431404.0,55.9,56.77,56.58
2019-07-25,56.02,421203.0,55.88,55.88,55.9
2019-07-26,56.2,417324.0,56.04,56.02,55.88
2019-07-27,,,,56.2,56.04
2019-07-28,,,,,
2019-07-29,56.87,410680.0,56.85,,
2019-07-30,58.05,411795.0,58.04,56.87,56.85
2019-07-31,58.58,406009.0,58.53,58.05,58.04
2019-08-01,53.95,402392.0,53.64,58.58,58.53
2019-08-02,55.66,403715.0,55.67,53.95,53.64
2019-08-03,,,,55.66,55.67
2019-08-04,,,,,
2019-08-05,54.69,399849.0,54.63,,
2019-08-06,53.63,384410.0,53.6,54.69,54.63
2019-08-07,51.09,381492.0,51.14,53.63,53.6
2019-08-08,52.54,344560.0,52.6,51.09,51.14
2019-08-09,54.5,301000.0,54.41,52.54,52.6
2019-08-10,,,,54.5,54.41
2019-08-11,,,,,
2019-08-12,54.93,266871.0,54.98,,
2019-08-13,57.1,227125.0,57.05,54.93,54.98
2019-08-14,55.23,174139.0,55.16,57.1,57.05
2019-08-15,54.47,137250.0,54.51,55.23,55.16
2019-08-16,54.87,100019.0,54.83,54.47,54.51
2019-08-17,,,,54.87,54.83
2019-08-18,,,,,
2019-08-19,56.21,82935.0,56.24,,
2019-08-20,56.34,34638.0,56.18,56.21,56.24
2019-08-21,55.68,389410.0,55.65,56.34,56.18
2019-08-22,55.35,369434.0,55.33,55.68,55.65
2019-08-23,54.17,366408.0,54.08,55.35,55.33
2019-08-24,,,,54.17,54.08
2019-08-25,,,,,
2019-08-26,53.64,361189.0,53.54,,
2019-08-27,54.93,359507.0,54.99,53.64,53.54
2019-08-28,55.78,362457.0,55.76,54.93,54.99
2019-08-29,56.71,369335.0,56.67,55.78,55.76
2019-08-30,55.1,373402.0,55.07,56.71,56.67
2019-08-31,,,,55.1,55.07
2019-09-01,,,,,
2019-09-02,,,,,
2019-09-03,53.94,370192.0,53.91,,
2019-09-04,56.26,372871.0,56.22,53.94,53.91
2019-09-05,56.3,370141.0,56.33,56.26,56.22
2019-09-06,56.52,351755.0,56.45,56.3,56.33
2019-09-07,,,,56.52,56.45
2019-09-08,,,,,
2019-09-09,57.85,319489.0,57.88,,
2019-09-10,57.4,299951.0,57.37,57.85,57.88
2019-09-11,55.75,265327.0,55.66,57.4,57.37
2019-09-12,55.09,227421.0,55.13,55.75,55.66
2019-09-13,54.85,191570.0,54.76,55.09,55.13
2019-09-14,,,,54.85,54.76
2019-09-15,,,,,
2019-09-16,62.9,159934.0,63.1,,
2019-09-17,59.34,138296.0,59.26,62.9,63.1
2019-09-18,58.11,80041.0,58.19,59.34,59.26
2019-09-19,58.13,59406.0,58.19,58.11,58.19
2019-09-20,58.09,20475.0,57.92,58.13,58.19
2019-09-21,,,,58.09,57.92
2019-09-22,,,,,
2019-09-23,58.64,411387.0,58.69,,
2019-09-24,57.29,406079.0,57.22,58.64,58.69
2019-09-25,56.49,404106.0,56.38,57.29,57.22
2019-09-26,56.41,390178.0,56.24,56.49,56.38
2019-09-27,55.91,384036.0,55.95,56.41,56.24
2019-09-28,,,,55.91,55.95
2019-09-29,,,,,
2019-09-30,54.07,380790.0,54.09,,
2019-10-01,53.62,384034.0,53.6,54.07,54.09
2019-10-02,52.64,385741.0,52.67,53.62,53.6
2019-10-03,52.45,387010.0,52.41,52.64,52.67
2019-10-04,52.81,391826.0,52.84,52.45,52.41
2019-10-05,,,,52.81,52.84
2019-10-06,,,,,
2019-10-07,52.75,388735.0,52.76,,
2019-10-08,52.63,353392.0,52.64,52.75,52.76
2019-10-09,52.59,303430.0,52.63,52.63,52.64
2019-10-10,53.55,258642.0,53.57,52.59,52.63
2019-10-11,54.7,224022.0,54.76,53.55,53.57
2019-10-12,,,,54.7,54.76
2019-10-13,,,,,
2019-10-14,53.59,182895.0,53.57,,
2019-10-15,52.81,167983.0,52.81,53.59,53.57
2019-10-16,53.36,146833.0,53.42,52.81,52.81
2019-10-17,53.93,121510.0,53.89,53.36,53.42
2019-10-18,53.78,79987.0,53.75,53.93,53.89
2019-10-19,,,,53.78,53.75
2019-10-20,,,,,
2019-10-21,53.31,54642.0,53.28,,
2019-10-22,54.16,25416.0,54.21,53.31,53.28
2019-10-23,55.97,455346.0,55.9,54.16,54.21
2019-10-24,56.23,448853.0,56.11,55.97,55.9
2019-10-25,56.66,443522.0,56.52,56.23,56.11
2019-10-26,,,,56.66,56.52
2019-10-27,,,,,
2019-10-28,55.81,441829.0,55.6,,
2019-10-29,55.54,435462.0,55.34,55.81,55.6
2019-10-30,55.06,426782.0,54.85,55.54,55.34
2019-10-31,54.18,411933.0,54.02,55.06,54.85
2019-11-01,56.2,412776.0,56.04,54.18,54.02
2019-11-02,,,,56.2,56.04
2019-11-03,,,,,
2019-11-04,56.54,404503.0,56.33,,
2019-11-05,57.23,404360.0,57.04,56.54,56.33
2019-11-06,56.35,396036.0,56.15,57.23,57.04
2019-11-07,57.15,371300.0,56.91,56.35,56.15
2019-11-08,57.24,352155.0,57.02,57.15,56.91
2019-11-09,,,,57.24,57.02
2019-11-10,,,,,
2019-11-11,56.86,317237.0,,,
2019-11-12,56.8,280384.0,56.67,56.86,
2019-11-13,57.12,225970.0,56.88,56.8,56.67
2019-11-14,56.77,195007.0,56.57,57.12,56.88
2019-11-15,57.72,151818.0,57.54,56.77,56.57
2019-11-16,,,,57.72,57.54
2019-11-17,,,,,
2019-11-18,57.05,99745.0,56.82,,
2019-11-19,55.21,66546.0,54.93,57.05,56.82
2019-11-20,57.11,21431.0,56.71,55.21,54.93
2019-11-21,58.58,456331.0,58.36,57.11,56.71
2019-11-22,57.77,476262.0,57.68,58.58,58.36
2019-11-23,,,,57.77,57.68
2019-11-24,,,,,
2019-11-25,58.01,472791.0,57.79,,
2019-11-26,58.41,468297.0,58.25,58.01,57.79
2019-11-27,58.11,468393.0,58.12,58.41,58.25
2019-11-28,,,,58.11,58.12
2019-11-29,55.17,456055.0,58.12,,
2019-11-30,,,,55.17,58.12
2019-12-01,,,,,
2019-12-02,55.96,460065.0,55.97,,
2019-12-03,56.1,441048.0,56.15,55.96,55.97
2019-12-04,58.43,424780.0,58.46,56.1,56.15
2019-12-05,58.43,417297.0,58.42,58.43,58.46
2019-12-06,59.2,406930.0,59.2,58.43,58.42
2019-12-07,,,,59.2,59.2
2019-12-08,,,,,
2019-12-09,59.02,377010.0,58.99,,
2019-12-10,59.24,338500.0,59.22,59.02,58.99
2019-12-11,58.76,292850.0,58.74,59.24,59.22
2019-12-12,59.18,235868.0,59.18,58.76,58.74
2019-12-13,60.07,192116.0,60.11,59.18,59.18
2019-12-14,,,,60.07,60.11
2019-12-15,,,,,
2019-12-16,60.21,153718.0,60.21,,
2019-12-17,60.94,97590.0,60.88,60.21,60.21
2019-12-18,60.93,68191.0,60.93,60.94,60.88
2019-12-19,61.22,22525.0,61.3,60.93,60.93
2019-12-20,60.44,457079.0,60.43,61.22,61.3
2019-12-21,,,,60.44,60.43
2019-12-22,,,,,
2019-12-23,60.52,437272.0,60.51,,
2019-12-24,61.11,427474.0,61.17,60.52,60.51
2019-12-25,,,,61.11,61.17
2019-12-26,61.68,425048.0,61.72,,
2019-12-27,61.72,426789.0,61.76,61.68,61.72
2019-12-28,,,,61.72,61.76
2019-12-29,,,,,
2019-12-30,61.68,417221.0,61.66,,
2019-12-31,61.06,411296.0,61.14,61.68,61.66
2020-01-01,,,,61.06,61.14
2020-01-02,61.18,405868.0,61.17,,
2020-01-03,63.05,397446.0,63.0,61.18,61.17
2020-01-04,,,,63.05,63.0
2020-01-05,,,,,
2020-01-06,63.27,388479.0,63.27,,
2020-01-07,62.7,368505.0,62.7,63.27,63.27
2020-01-08,59.61,355552.0,59.65,62.7,62.7
2020-01-09,59.56,321112.0,59.56,59.61,59.65
2020-01-10,59.04,281957.0,59.02,59.56,59.56
2020-01-11,,,,59.04,59.02
2020-01-12,,,,,
2020-01-13,58.08,235115.0,58.17,,
2020-01-14,58.23,185715.0,58.34,58.08,58.17
2020-01-15,57.81,136771.0,57.86,58.23,58.34
2020-01-16,58.52,96523.0,58.52,57.81,57.86
2020-01-17,58.54,73735.0,58.55,58.52,58.52
2020-01-18,,,,58.54,58.55
2020-01-19,,,,,
2020-01-20,,,,,
2020-01-21,58.34,31495.0,58.25,,
2020-01-22,56.74,472315.0,56.76,58.34,58.25
2020-01-23,55.59,483899.0,55.51,56.74,56.76
2020-01-24,54.19,479247.0,54.09,55.59,55.51
2020-01-25,,,,54.19,54.09
2020-01-26,,,,,
2020-01-27,53.14,487487.0,53.09,,
2020-01-28,53.48,482572.0,53.33,53.14,53.09
2020-01-29,53.33,478095.0,53.29,53.48,53.33
2020-01-30,52.14,475517.0,52.19,53.33,53.29
2020-01-31,51.56,469599.0,51.58,52.14,52.19
2020-02-01,,,,51.56,51.58
2020-02-02,,,,,
2020-02-03,50.11,474837.0,50.06,,
2020-02-04,49.61,470020.0,49.59,50.11,50.06
2020-02-05,50.75,458035.0,50.87,49.61,49.59
2020-02-06,50.95,442120.0,50.94,50.75,50.87
2020-02-07,50.32,430469.0,50.34,50.95,50.94
2020-02-08,,,,50.32,50.34
2020-02-09,,,,,
2020-02-10,49.57,379169.0,49.59,,
2020-02-11,49.94,335932.0,50.0,49.57,49.59
2020-02-12,51.17,278095.0,51.13,49.94,50.0
2020-02-13,51.42,214576.0,51.41,51.17,51.13
2020-02-14,52.05,157931.0,52.03,51.42,51.41
2020-02-15,,,,52.05,52.03
2020-02-16,,,,,
2020-02-17,,,,,
2020-02-18,52.05,85385.0,52.1,,
2020-02-19,53.29,49517.0,53.31,52.05,52.1
2020-02-20,53.78,18474.0,53.77,53.29,53.31
2020-02-21,53.38,415564.0,53.36,53.78,53.77
2020-02-22,,,,53.38,53.36
2020-02-23,,,,,
2020-02-24,51.43,407589.0,51.36,,
2020-02-25,49.9,412024.0,49.78,51.43,51.36
2020-02-26,48.73,415400.0,48.67,49.9,49.78
2020-02-27,47.09,418249.0,47.17,48.73,48.67
2020-02-28,44.76,427227.0,44.83,47.09,47.17
2020-02-29,,,,44.76,44.83
2020-03-01,,,,,
2020-03-02,46.75,430959.0,46.78,,
2020-03-03,47.18,418911.0,47.27,46.75,46.78
2020-03-04,46.78,410273.0,46.78,47.18,47.27
2020-03-05,45.9,403390.0,45.9,46.78,46.78
2020-03-06,41.28,392112.0,41.14,45.9,45.9
2020-03-07,,,,41.28,41.14
2020-03-08,,,,,
2020-03-09,31.13,358981.0,31.05,,
2020-03-10,34.36,341974.0,34.47,31.13,31.05
2020-03-11,32.98,300025.0,33.13,34.36,34.47
2020-03-12,31.5,265605.0,31.56,32.98,33.13
2020-03-13,31.73,221602.0,31.72,31.5,31.56
2020-03-14,,,,31.73,31.72
2020-03-15,,,,,
2020-03-16,28.7,172993.0,28.96,,
2020-03-17,26.95,138291.0,26.96,28.7,28.96
2020-03-18,20.37,82259.0,20.48,26.95,26.96
2020-03-19,25.22,65171.0,25.09,20.37,20.48
2020-03-20,22.43,18004.0,19.48,25.22,25.09
2020-03-21,,,,22.43,19.48
2020-03-22,,,,,
2020-03-23,23.36,541043.0,23.33,,
2020-03-24,24.01,546699.0,21.03,23.36,23.33
2020-03-25,24.49,542885.0,20.75,24.01,21.03
2020-03-26,22.6,550318.0,16.6,24.49,20.75
2020-03-27,21.51,564179.0,15.48,22.6,16.6
2020-03-28,,,,21.51,15.48
2020-03-29,,,,,
2020-03-30,20.09,579954.0,14.1,,
2020-03-31,20.48,610071.0,20.51,20.09,14.1
2020-04-01,20.31,627441.0,20.28,20.48,20.51
2020-04-02,25.32,628603.0,25.18,20.31,20.28
2020-04-03,28.34,634727.0,28.36,25.32,25.18
2020-04-04,,,,28.34,28.36
2020-04-05,,,,,
2020-04-06,26.08,595835.0,26.21,,
2020-04-07,23.63,579261.0,23.54,26.08,26.21
2020-04-08,25.09,516106.0,24.97,23.63,23.54
2020-04-09,22.76,445563.0,22.9,25.09,24.97
2020-04-10,,,,22.76,22.9
2020-04-11,,,,,
2020-04-12,,,,,
2020-04-13,22.41,374727.0,22.36,,
2020-04-14,20.11,324547.0,20.15,22.41,22.36
2020-04-15,19.87,231678.0,19.96,20.11,20.15
2020-04-16,19.87,203897.0,19.82,19.87,19.96
2020-04-17,18.27,148838.0,18.31,19.87,19.82
2020-04-18,,,,18.27,18.31
2020-04-19,,,,,
2020-04-20,-37.63,108593.0,-36.98,,
2020-04-21,10.01,13044.0,8.91,-37.63,-36.98
2020-04-22,13.78,460054.0,13.64,10.01,8.91
2020-04-23,16.5,379358.0,15.06,13.78,13.64
2020-04-24,16.94,360880.0,15.99,16.5,15.06
2020-04-25,,,,16.94,15.99
2020-04-26,,,,,
2020-04-27,12.78,327469.0,12.17,,
2020-04-28,12.34,325985.0,12.4,12.78,12.17
2020-04-29,15.06,317760.0,15.04,12.34,12.4
2020-04-30,18.84,285537.0,19.23,15.06,15.04
2020-05-01,19.78,273497.0,19.72,18.84,19.23
2020-05-02,,,,19.78,19.72
2020-05-03,,,,,
2020-05-04,20.39,260982.0,20.47,,
2020-05-05,24.56,258331.0,24.56,20.39,20.47
2020-05-06,23.99,256665.0,23.88,24.56,24.56
2020-05-07,23.55,237464.0,23.68,23.99,23.88
2020-05-08,24.74,213681.0,24.73,23.55,23.68
2020-05-09,,,,24.74,24.73
2020-05-10,,,,,
2020-05-11,24.14,206986.0,24.02,,
2020-05-12,25.78,190103.0,25.76,24.14,24.02
2020-05-13,25.29,154375.0,25.37,25.78,25.76
2020-05-14,27.56,134982.0,27.4,25.29,25.37
2020-05-15,29.43,75290.0,29.44,27.56,27.4
2020-05-16,,,,29.43,29.44
2020-05-17,,,,,
2020-05-18,31.82,54931.0,31.83,,
2020-05-19,32.5,23344.0,32.3,31.82,31.83
2020-05-20,33.49,298225.0,33.56,32.5,32.3
2020-05-21,33.92,291719.0,34.3,33.49,33.56
2020-05-22,33.25,282132.0,33.49,33.92,34.3
2020-05-23,,,,33.25,33.49
2020-05-24,,,,,
2020-05-25,,,,,
2020-05-26,34.35,276814.0,34.7,,
2020-05-27,32.81,270931.0,32.8,34.35,34.7
2020-05-28,33.71,266566.0,33.67,32.81,32.8
2020-05-29,35.49,260121.0,35.57,33.71,33.67
2020-05-30,,,,35.49,35.57
2020-05-31,,,,,
2020-06-01,35.44,254909.0,35.49,,
2020-06-02,36.81,243333.0,36.88,35.44,35.49
2020-06-03,37.29,240109.0,37.33,36.81,36.88
2020-06-04,37.41,243804.0,37.42,37.29,37.33
2020-06-05,39.55,237893.0,39.49,37.41,37.42
2020-06-06,,,,39.55,39.49
2020-06-07,,,,,
2020-06-08,38.19,226110.0,38.17,,
2020-06-09,38.94,219058.0,38.98,38.19,38.17
2020-06-10,39.6,199619.0,39.54,38.94,38.98
2020-06-11,36.34,186277.0,36.43,39.6,39.54
2020-06-12,36.26,176347.0,36.24,36.34,36.43
2020-06-13,,,,36.26,36.24
2020-06-14,,,,,
2020-06-15,37.12,151371.0,37.07,,
2020-06-16,38.38,126969.0,38.26,37.12,37.07
2020-06-17,37.96,96983.0,37.91,38.38,38.26
2020-06-18,38.84,64298.0,38.79,37.96,37.91
2020-06-19,39.75,39340.0,39.72,38.84,38.79
2020-06-20,,,,39.75,39.72
2020-06-21,,,,,
2020-06-22,40.46,19690.0,40.6,,
2020-06-23,40.37,313893.0,40.4,40.46,40.6
2020-06-24,38.01,312290.0,37.91,40.37,40.4
2020-06-25,38.72,303081.0,38.66,38.01,37.91
2020-06-26,38.49,301682.0,38.53,38.72,38.66
2020-06-27,,,,38.49,38.53
2020-06-28,,,,,
2020-06-29,39.7,296643.0,39.67,,
2020-06-30,39.27,287515.0,39.27,39.7,39.67
2020-07-01,39.82,271877.0,39.88,39.27,39.27
2020-07-02,40.65,262852.0,40.57,39.82,39.88
2020-07-03,,,,40.65,40.57
2020-07-04,,,,,
2020-07-05,,,,,
2020-07-06,40.63,256332.0,40.51,,
2020-07-07,40.62,245607.0,40.59,40.63,40.51
2020-07-08,40.9,237472.0,40.91,40.62,40.59
2020-07-09,39.62,216161.0,39.64,40.9,40.91
2020-07-10,40.55,194651.0,40.56,39.62,39.64
2020-07-11,,,,40.55,40.56
2020-07-12,,,,,
2020-07-13,40.1,169194.0,40.06,,
2020-07-14,40.29,143723.0,40.3,40.1,40.06
2020-07-15,41.2,128484.0,41.2,40.29,40.3
2020-07-16,40.75,108320.0,40.74,41.2,41.2
2020-07-17,40.59,68915.0,40.55,40.75,40.74
2020-07-18,,,,40.59,40.55
2020-07-19,,,,,
2020-07-20,40.81,48675.0,40.83,,
2020-07-21,41.96,17609.0,41.76,40.81,40.83
2020-07-22,41.9,467651.0,41.88,41.96,41.76
2020-07-23,41.07,467297.0,40.99,41.9,41.88
2020-07-24,41.29,455544.0,41.23,41.07,40.99
2020-07-25,,,,41.29,41.23
2020-07-26,,,,,
2020-07-27,41.6,453198.0,41.46,,
2020-07-28,41.04,455271.0,40.89,41.6,41.46
2020-07-29,41.27,451039.0,41.13,41.04,40.89
2020-07-30,39.92,439683.0,39.85,41.27,41.13
2020-07-31,40.27,433568.0,40.1,39.92,39.85
2020-08-01,,,,40.27,40.1
2020-08-02,,,,,
2020-08-03,41.01,412279.0,40.83,,
2020-08-04,41.7,393192.0,41.67,41.01,40.83
2020-08-05,42.19,393668.0,42.25,41.7,41.67
2020-08-06,41.95,393357.0,41.93,42.19,42.25
2020-08-07,41.22,380136.0,41.16,41.95,41.93
2020-08-08,,,,41.22,41.16
2020-08-09,,,,,
2020-08-10,41.94,339035.0,41.94,,
2020-08-11,41.61,298735.0,41.53,41.94,41.94
2020-08-12,42.67,256764.0,42.6,41.61,41.53
2020-08-13,42.24,195634.0,42.26,42.67,42.6
2020-08-14,42.01,154923.0,42.05,42.24,42.26
2020-08-15,,,,42.01,42.05
2020-08-16,,,,,
2020-08-17,42.89,120294.0,42.89,,
2020-08-18,42.89,75639.0,42.89,42.89,42.89
2020-08-19,42.93,57929.0,42.91,42.89,42.89
2020-08-20,42.58,20559.0,42.62,42.93,42.91
2020-08-21,42.34,381581.0,42.32,42.58,42.62
2020-08-22,,,,42.34,42.32
2020-08-23,,,,,
2020-08-24,42.62,376131.0,42.44,,
2020-08-25,43.35,370481.0,43.17,42.62,42.44
2020-08-26,43.39,378145.0,43.21,43.35,43.17
2020-08-27,43.04,379823.0,42.88,43.39,43.21
2020-08-28,42.97,372309.0,42.96,43.04,42.88
2020-08-29,,,,42.97,42.96
2020-08-30,,,,,
2020-08-31,42.61,362305.0,42.61,,
2020-09-01,42.76,354093.0,42.76,42.61,42.61
2020-09-02,41.51,337933.0,42.76,42.76,42.76
2020-09-03,41.37,333973.0,41.39,41.51,42.76
2020-09-04,39.77,326799.0,39.69,41.37,41.39
2020-09-05,,,,39.77,39.69
2020-09-06,,,,,
2020-09-07,,,,,
2020-09-08,36.76,308567.0,36.87,,
2020-09-09,38.05,269778.0,38.05,36.76,36.87
2020-09-10,37.3,247194.0,37.25,38.05,38.05
2020-09-11,37.33,226703.0,37.33,37.3,37.25
2020-09-12,,,,37.33,37.33
2020-09-13,,,,,
2020-09-14,37.26,204256.0,37.23,,
2020-09-15,38.28,174182.0,38.29,37.26,37.23
2020-09-16,40.16,135057.0,40.17,38.28,38.29
2020-09-17,40.97,99916.0,40.99,40.16,40.17
2020-09-18,41.11,65762.0,41.09,40.97,40.99
2020-09-19,,,,41.11,41.09
2020-09-20,,,,,
2020-09-21,39.31,53422.0,39.26,,
2020-09-22,39.6,18578.0,39.55,39.31,39.26
2020-09-23,39.93,369440.0,39.92,39.6,39.55
2020-09-24,40.31,363030.0,40.11,39.93,39.92
2020-09-25,40.25,360410.0,40.06,40.31,40.11
2020-09-26,,,,40.25,40.06
2020-09-27,,,,,
2020-09-28,40.6,355229.0,40.47,,
2020-09-29,39.29,355663.0,39.03,40.6,40.47
2020-09-30,40.22,355971.0,40.05,39.29,39.03
2020-10-01,38.72,350342.0,38.51,40.22,40.05
2020-10-02,37.05,345967.0,36.9,38.72,38.51
2020-10-03,,,,37.05,36.9
2020-10-04,,,,,
2020-10-05,39.22,335875.0,39.12,,
2020-10-06,40.67,324206.0,40.52,39.22,39.12
2020-10-07,39.95,306975.0,39.82,40.67,40.52
2020-10-08,41.19,268430.0,41.04,39.95,39.82
2020-10-09,40.6,233004.0,40.44,41.19,41.04
2020-10-10,,,,40.6,40.44
2020-10-11,,,,,
2020-10-12,39.43,198765.0,39.22,,
2020-10-13,40.2,173494.0,40.03,39.43,39.22
2020-10-14,41.04,132930.0,40.86,40.2,40.03
2020-10-15,40.96,101748.0,40.84,41.04,40.86
2020-10-16,40.88,73824.0,40.7,40.96,40.84
2020-10-17,,,,40.88,40.7
2020-10-18,,,,,
2020-10-19,40.83,55666.0,40.69,,
2020-10-20,41.46,15166.0,41.37,40.83,40.69
2020-10-21,40.03,426920.0,39.88,41.46,41.37
2020-10-22,40.64,420753.0,40.46,40.03,39.88
2020-10-23,39.85,410635.0,39.73,40.64,40.46
2020-10-24,,,,39.85,39.73
2020-10-25,,,,,
2020-10-26,38.56,406342.0,38.39,,
2020-10-27,39.57,407185.0,39.34,38.56,38.39
2020-10-28,37.39,395374.0,37.27,39.57,39.34
2020-10-29,36.17,387243.0,35.94,37.39,37.27
2020-10-30,35.79,380526.0,35.64,36.17,35.94
2020-10-31,,,,35.79,35.64
2020-11-01,,,,,
2020-11-02,36.81,378990.0,36.6,,
2020-11-03,37.66,366840.0,37.44,36.81,36.6
2020-11-04,39.15,338582.0,38.97,37.66,37.44
2020-11-05,38.79,325536.0,38.56,39.15,38.97
2020-11-06,37.14,313589.0,36.97,38.79,38.56
2020-11-07,,,,37.14,36.97
2020-11-08,,,,,
2020-11-09,40.29,288041.0,40.05,,
2020-11-10,41.36,258410.0,41.18,40.29,40.05
2020-11-11,41.45,246475.0,41.23,41.36,41.18
2020-11-12,41.12,237835.0,40.9,41.45,41.23
2020-11-13,40.13,214098.0,39.93,41.12,40.9
2020-11-14,,,,40.13,39.93
2020-11-15,,,,,
2020-11-16,41.34,191210.0,41.14,,
2020-11-17,41.43,145068.0,41.24,41.34,41.14
2020-11-18,41.82,80686.0,41.64,41.43,41.24
2020-11-19,41.74,58928.0,41.57,41.82,41.64
2020-11-20,42.15,21888.0,41.99,41.74,41.57
2020-11-21,,,,42.15,41.99
2020-11-22,,,,,
2020-11-23,43.06,426480.0,42.91,,
2020-11-24,44.91,418318.0,44.71,43.06,42.91
2020-11-25,45.71,409337.0,45.58,44.91,44.71
2020-11-26,,,,45.71,45.58
2020-11-27,45.53,407847.0,,,
2020-11-28,,,,45.53,
2020-11-29,,,,,
2020-11-30,45.34,406432.0,45.2,,
2020-12-01,44.55,398824.0,44.54,45.34,45.2
2020-12-02,45.28,387259.0,45.23,44.55,44.54
2020-12-03,45.64,377052.0,45.65,45.28,45.23
2020-12-04,46.26,363893.0,46.23,45.64,45.65
2020-12-05,,,,46.26,46.23
2020-12-06,,,,,
2020-12-07,45.76,358034.0,45.72,,
2020-12-08,45.6,330173.0,45.64,45.76,45.72
2020-12-09,45.52,300016.0,45.48,45.6,45.64
2020-12-10,46.78,265488.0,46.76,45.52,45.48
2020-12-11,46.57,243653.0,46.59,46.78,46.76
2020-12-12,,,,46.57,46.59
2020-12-13,,,,,
2020-12-14,46.99,212885.0,47.02,,
2020-12-15,47.62,167652.0,47.58,46.99,47.02
2020-12-16,47.82,125298.0,47.86,47.62,47.58
2020-12-17,48.36,70701.0,48.34,47.82,47.86
2020-12-18,49.1,51898.0,49.04,48.36,48.34
2020-12-19,,,,49.1,49.04
2020-12-20,,,,,
2020-12-21,47.74,19945.0,47.79,,
2020-12-22,47.02,389343.0,47.02,47.74,47.79
2020-12-23,48.12,378822.0,47.94,47.02,47.02
2020-12-24,48.23,377289.0,48.18,48.12,47.94
2020-12-25,,,,48.23,48.18
2020-12-26,,,,,
2020-12-27,,,,,
2020-12-28,47.62,372115.0,47.5,,
2020-12-29,48.0,369491.0,47.85,47.62,47.5
2020-12-30,48.4,362267.0,48.24,48.0,47.85
2020-12-31,48.52,364939.0,48.35,48.4,48.24
2021-01-01,,,,48.52,48.35
2021-01-02,,,,,
2021-01-03,,,,,
2021-01-04,47.62,363706.0,47.47,,
2021-01-05,49.93,357839.0,49.78,47.62,47.47
2021-01-06,50.63,334500.0,50.45,49.93,49.78
2021-01-07,50.83,312617.0,50.63,50.63,50.45
2021-01-08,52.24,292709.0,52.14,50.83,50.63
2021-01-09,,,,52.24,52.14
2021-01-10,,,,,
2021-01-11,52.25,278072.0,52.15,,
2021-01-12,53.21,240536.0,53.08,52.25,52.15
2021-01-13,52.91,196671.0,52.81,53.21,53.08
2021-01-14,53.57,148841.0,53.47,52.91,52.81
2021-01-15,52.36,96455.0,52.25,53.57,53.47
2021-01-16,,,,52.36,52.25
2021-01-17,,,,,
2021-01-18,,,,,
2021-01-19,52.98,69267.0,52.87,,
2021-01-20,53.24,26439.0,53.16,52.98,52.87
2021-01-21,53.13,459361.0,53.0,53.24,53.16
2021-01-22,52.27,462822.0,52.28,53.13,53.0
2021-01-23,,,,52.27,52.28
2021-01-24,,,,,
2021-01-25,52.77,454055.0,52.78,,
2021-01-26,52.61,449086.0,52.61,52.77,52.78
2021-01-27,52.85,446065.0,52.81,52.61,52.61
2021-01-28,52.34,450591.0,52.26,52.85,52.81
2021-01-29,52.2,437500.0,52.16,52.34,52.26
2021-01-30,,,,52.2,52.16
2021-01-31,,,,,
2021-02-01,53.55,433690.0,53.55,,
2021-02-02,54.76,431212.0,54.77,53.55,53.55
2021-02-03,55.69,422200.0,55.67,54.76,54.77
2021-02-04,56.23,421967.0,56.19,55.69,55.67
2021-02-05,56.85,405717.0,56.8,56.23,56.19
2021-02-06,,,,56.85,56.8
2021-02-07,,,,,
2021-02-08,57.97,365668.0,57.95,,
2021-02-09,58.36,322624.0,58.34,57.97,57.95
2021-02-10,58.68,284191.0,58.69,58.36,58.34
2021-02-11,58.24,246603.0,58.22,58.68,58.69
2021-02-12,59.47,211344.0,59.5,58.24,58.22
2021-02-13,,,,59.47,59.5
2021-02-14,,,,,
2021-02-15,,,,,
2021-02-16,60.05,176079.0,60.07,,
2021-02-17,61.14,143369.0,61.09,60.05,60.07
2021-02-18,60.52,84307.0,60.4,61.14,61.09
2021-02-19,59.24,65720.0,59.12,60.52,60.4
2021-02-20,,,,59.24,59.12
2021-02-21,,,,,
2021-02-22,61.49,27854.0,61.67,,
2021-02-23,61.67,452697.0,61.66,61.49,61.67
2021-02-24,63.22,444616.0,63.21,61.67,61.66
2021-02-25,63.53,448812.0,63.43,63.22,63.21
2021-02-26,61.5,435623.0,61.55,63.53,63.43
2021-02-27,,,,61.5,61.55
2021-02-28,,,,,
2021-03-01,60.64,424066.0,60.54,,
2021-03-02,59.75,398080.0,59.7,60.64,60.54
2021-03-03,61.28,374043.0,61.33,59.75,59.7
2021-03-04,63.83,358391.0,63.81,61.28,61.33
2021-03-05,66.09,337565.0,66.08,63.83,63.81
2021-03-06,,,,66.09,66.08
2021-03-07,,,,,
2021-03-08,65.05,315138.0,65.03,,
2021-03-09,64.01,284085.0,,65.05,65.03
2021-03-10,64.44,245616.0,,64.01,
2021-03-11,66.02,215531.0,,64.44,
2021-03-12,65.61,198494.0,,66.02,
2021-03-13,,,,65.61,
2021-03-14,,,,,
2021-03-15,65.39,168790.0,,,
2021-03-16,64.8,134277.0,,65.39,
2021-03-17,,,,64.8,
2021-03-18,,,,,
