date,dow_jones_transportation_average,dow_jones_composite_average,s&p_500,dow_jones_industrial_average,dow_jones_utility_average
2017-03-24,8928.78,7116.6,2343.98,20596.72,705.95
2017-03-27,8935.11,7103.24,2341.59,20550.98,702.45
2017-03-28,9096.83,7169.15,2358.57,20701.5,703.36
2017-03-29,9075.39,7150.48,2361.13,20659.32,699.88
2017-03-30,9151.6,7172.4,2368.06,20728.49,695.07
2017-03-31,9116.51,7155.82,2362.72,20663.22,697.28
2017-04-03,9086.24,7147.09,2358.84,20650.21,697.51
2017-04-04,9100.67,7161.79,2360.16,20689.24,699.89
2017-04-05,9095.98,7159.99,2352.95,20648.15,704.17
2017-04-06,9134.17,7169.26,2357.49,20662.95,703.03
2017-04-07,9104.81,7155.14,2355.54,20656.1,699.22
2017-04-10,9178.7,7173.79,2357.16,20658.02,700.52
2017-04-11,9135.58,7162.8,2353.78,20651.3,700.34
2017-04-12,8971.84,7124.03,2344.93,20591.86,705.35
2017-04-13,8874.56,7072.31,2328.95,20453.25,703.15
2017-04-17,8990.42,7138.17,2349.01,20636.92,706.17
2017-04-18,8933.1,7106.41,2342.19,20523.28,707.8
2017-04-19,8976.35,7086.42,2338.17,20404.49,703.98
2017-04-20,9126.13,7148.11,2355.84,20578.71,701.2
2017-04-21,9133.81,7151.86,2348.69,20547.76,706.01
2017-04-24,9282.99,7231.27,2374.15,20763.89,709.03
2017-04-25,9249.42,7267.92,2388.61,20996.12,708.42
2017-04-26,9167.74,7240.61,2387.45,20975.09,705.17
2017-04-27,9193.99,7251.56,2388.77,20981.33,707.58
2017-04-28,9097.63,7217.27,2384.2,20940.51,704.35
2017-05-01,9070.15,7198.05,2388.33,20913.46,699.58
2017-05-02,9153.97,7226.88,2391.17,20949.89,701.68
2017-05-03,9133.14,7216.96,2388.13,20957.9,697.54
2017-05-04,9138.13,7219.2,2389.52,20951.47,698.97
2017-05-05,9189.97,7248.01,2399.29,21006.94,703.02
2017-05-08,9092.81,7226.55,2399.38,21012.28,702.22
2017-05-09,9130.28,7217.1,2396.92,20975.78,695.93
2017-05-10,9072.35,7199.78,2399.63,20943.11,696.9
2017-05-11,9037.99,7187.55,2394.44,20919.42,696.8
2017-05-12,9001.14,7180.94,2390.9,20896.61,700.29
2017-05-15,9067.23,7215.54,2402.32,20981.94,702.48
2017-05-16,9062.85,7205.32,2400.67,20979.75,697.21
2017-05-17,8783.74,7074.06,2357.03,20606.93,698.24
2017-05-18,8818.58,7096.64,2365.72,20663.02,700.7
2017-05-19,8879.19,7141.62,2381.73,20804.84,703.27
2017-05-22,8964.65,7187.6,2394.02,20894.83,709.21
2017-05-23,9009.67,7207.98,2398.42,20937.91,710.54
2017-05-24,9022.52,7232.89,2404.39,21012.42,715.12
2017-05-25,9163.84,7286.01,2415.07,21082.95,720.3
2017-05-26,9176.2,7288.05,2415.82,21080.28,720.22
2017-05-30,9163.66,7279.68,2412.91,21029.47,722.73
2017-05-31,9163.9,7282.22,2411.8,21008.65,726.62
2017-06-01,9277.44,7342.31,2430.06,21144.18,732.06
2017-06-02,9331.72,7367.12,2439.07,21206.29,732.63
2017-06-05,9307.17,7351.81,2436.1,21184.04,729.26
2017-06-06,9274.4,7333.48,2429.33,21136.23,728.11
2017-06-07,9334.58,7358.47,2433.14,21173.69,730.87
2017-06-08,9332.14,7349.42,2433.79,21182.53,724.77
2017-06-09,9327.88,7365.95,2431.77,21271.97,724.85
2017-06-12,9388.79,7368.92,2429.39,21235.67,722.9
2017-06-13,9456.65,7403.42,2440.35,21328.47,723.94
2017-06-14,9387.33,7406.39,2437.92,21374.56,729.4
2017-06-15,9409.01,7416.49,2432.46,21359.9,734.3
2017-06-16,9414.07,7427.7,2433.15,21384.28,737.51
2017-06-19,9476.63,7464.2,2453.46,21528.99,734.44
2017-06-20,9303.82,7414.99,2437.03,21467.14,734.68
2017-06-21,9292.61,7393.41,2435.61,21410.03,729.86
2017-06-22,9319.84,7392.82,2434.5,21397.29,727.44
2017-06-23,9388.67,7403.67,2438.3,21394.76,725.27
2017-06-26,9442.03,7427.05,2439.07,21409.55,730.57
2017-06-27,9383.67,7378.58,2419.38,21310.66,720.66
2017-06-28,9517.44,7423.27,2440.69,21454.61,713.31
2017-06-29,9481.44,7373.06,2419.7,21287.03,707.39
2017-06-30,9563.73,7402.3,2423.41,21349.63,706.91
2017-07-03,9639.63,7437.98,2429.01,21479.27,703.36
2017-07-05,9645.91,7435.08,2432.54,21478.17,700.94
2017-07-06,9576.16,7388.43,2409.75,21320.04,700.44
2017-07-07,9694.94,7435.24,2425.18,21414.34,702.04
2017-07-10,9673.8,7428.48,2427.43,21408.52,701.43
2017-07-11,9599.43,7412.07,2425.53,21409.07,701.24
2017-07-12,9716.32,7468.48,2443.25,21532.14,705.49
2017-07-13,9703.23,7466.11,2447.83,21553.09,703.35
2017-07-14,9742.76,7497.81,2459.27,21637.74,707.35
2017-07-17,9698.2,7491.19,2459.14,21629.72,710.11
2017-07-18,9633.05,7469.15,2460.61,21574.73,711.78
2017-07-19,9575.73,7474.37,2473.83,21640.75,714.71
2017-07-20,9483.09,7457.13,2473.45,21611.78,719.81
2017-07-21,9471.27,7457.91,2472.54,21580.07,725.48
2017-07-24,9428.2,7424.75,2469.91,21513.17,719.02
2017-07-25,9489.48,7452.22,2477.13,21613.43,715.86
2017-07-26,9484.12,7481.23,2477.83,21711.01,722.59
2017-07-27,9189.61,7435.44,2475.42,21796.55,723.65
2017-07-28,9227.07,7450.83,2472.1,21830.31,724.06
2017-07-31,9182.78,7457.01,2470.3,21891.12,726.48
2017-08-01,9145.75,7467.02,2476.35,21963.92,728.85
2017-08-02,9174.99,7488.68,2477.57,22016.24,731.93
2017-08-03,9202.4,7500.22,2472.16,22026.1,734.11
2017-08-04,9277.63,7525.77,2476.83,22092.81,731.87
2017-08-07,9284.66,7535.14,2480.91,22118.42,733.59
2017-08-08,9232.85,7520.96,2474.92,22085.34,735.68
2017-08-09,9235.41,7509.73,2474.02,22048.7,732.89
2017-08-10,9119.74,7447.86,2438.21,21844.01,734.65
2017-08-11,9199.05,7460.86,2441.32,21858.32,730.45
2017-08-14,9347.55,7525.8,2465.84,21993.71,734.26
2017-08-15,9371.07,7537.46,2464.61,21998.99,737.55
2017-08-16,9377.22,7547.29,2468.11,22024.87,739.62
2017-08-17,9152.45,7436.53,2430.01,21750.73,734.42
2017-08-18,9095.31,7415.96,2425.55,21674.51,738.38
2017-08-21,9121.93,7432.5,2428.37,21703.75,741.41
2017-08-22,9200.94,7490.65,2452.51,21899.89,743.18
2017-08-23,9086.3,7450.06,2444.04,21812.09,744.0
2017-08-24,9021.12,7429.05,2438.97,21783.4,743.25
2017-08-25,9133.75,7464.85,2443.05,21813.67,746.48
2017-08-28,9156.96,7471.69,2444.24,21808.4,748.16
2017-08-29,9237.18,7497.37,2446.3,21865.37,746.47
2017-08-30,9309.79,7512.88,2457.59,21892.43,743.16
2017-08-31,9319.05,7525.81,2471.65,21948.1,743.24
2017-09-01,9356.02,7537.65,2476.55,21987.56,740.95
2017-09-05,9267.39,7476.16,2457.85,21753.31,742.81
2017-09-06,9310.15,7488.76,2465.54,21807.64,738.5
2017-09-07,9346.03,7501.28,2465.1,21784.78,743.91
2017-09-08,9383.74,7517.12,2461.43,21797.79,746.94
2017-09-11,9483.69,7602.33,2488.11,22057.37,754.8
2017-09-12,9544.55,7606.18,2496.48,22118.86,742.12
2017-09-13,9531.05,7605.09,2498.37,22158.18,738.71
2017-09-14,9509.77,7619.82,2495.62,22203.48,745.03
2017-09-15,9546.25,7642.37,2500.23,22268.34,746.25
2017-09-18,9514.64,7634.98,2503.87,22331.35,738.71
2017-09-19,9507.08,7637.54,2506.65,22370.8,736.69
2017-09-20,9654.37,7669.26,2508.24,22412.59,731.61
2017-09-21,9668.99,7660.75,2500.6,22359.23,730.78
2017-09-22,9704.38,7659.64,2502.22,22349.59,726.63
2017-09-25,9715.1,7661.33,2496.66,22296.09,732.4
2017-09-26,9779.85,7671.98,2496.84,22284.32,731.67
2017-09-27,9841.99,7680.56,2507.04,22340.71,722.22
2017-09-28,9886.82,7700.81,2510.06,22381.2,723.79
2017-09-29,9914.35,7711.12,2519.36,22405.09,723.6
2017-10-02,9907.83,7742.32,2529.12,22557.6,725.47
2017-10-03,9973.8,7769.81,2534.58,22641.67,723.59
2017-10-04,9921.84,7775.87,2537.74,22661.64,731.65
2017-10-05,9909.42,7795.08,2552.07,22775.39,731.62
2017-10-06,9886.88,7789.04,2549.33,22773.67,731.15
2017-10-09,9864.89,7782.87,2544.73,22761.07,731.79
2017-10-10,9928.48,7823.06,2550.64,22830.68,739.43
2017-10-11,9976.66,7846.84,2555.24,22872.89,742.46
2017-10-12,10038.13,7858.16,2550.93,22841.01,744.88
2017-10-13,9936.22,7829.01,2553.17,22871.72,737.25
2017-10-16,9857.15,7824.29,2557.64,22956.96,734.91
2017-10-17,9824.14,7834.41,2559.36,22997.44,740.57
2017-10-18,9899.67,7880.25,2561.26,23157.6,739.62
2017-10-19,9886.51,7892.29,2562.1,23163.04,747.86
2017-10-20,9972.1,7945.24,2575.21,23328.63,749.21
2017-10-23,9939.39,7928.1,2564.98,23273.96,749.55
2017-10-24,9951.51,7962.87,2569.13,23441.76,749.37
2017-10-25,9790.09,7900.82,2557.15,23329.46,746.34
2017-10-26,9881.46,7935.04,2560.4,23400.86,746.61
2017-10-27,9931.65,7960.86,2581.07,23434.19,751.62
2017-10-30,9802.7,7917.57,2572.83,23348.74,752.45
2017-10-31,9758.47,7914.68,2575.26,23377.24,753.2
2017-11-01,9783.81,7924.23,2579.36,23435.01,748.95
2017-11-02,9778.33,7942.13,2579.85,23516.26,750.97
2017-11-03,9755.0,7945.6,2587.84,23539.19,753.43
2017-11-06,9731.79,7935.29,2591.13,23548.42,749.25
2017-11-07,9671.79,7940.15,2590.64,23557.23,758.92
2017-11-08,9630.77,7933.5,2594.38,23563.36,759.59
2017-11-09,9517.5,7888.95,2584.62,23461.94,759.47
2017-11-10,9501.36,7873.52,2582.3,23422.21,756.95
2017-11-13,9518.84,7894.91,2584.84,23439.7,765.39
2017-11-14,9489.18,7897.85,2578.87,23409.47,774.47
2017-11-15,9440.87,7848.4,2564.62,23271.28,767.22
2017-11-16,9593.09,7912.71,2585.64,23458.36,764.19
2017-11-17,9483.09,7859.07,2578.85,23358.24,758.08
2017-11-20,9521.95,7877.92,2582.14,23430.33,755.96
2017-11-21,9614.72,7932.57,2599.03,23590.83,757.97
2017-11-22,9626.66,7922.28,2597.08,23526.18,757.73
2017-11-24,9620.2,7929.28,2602.42,23557.99,759.07
2017-11-27,9595.23,7934.05,2601.42,23580.78,762.54
2017-11-28,9754.03,8024.11,2627.04,23836.71,766.06
2017-11-29,10076.38,8117.11,2626.07,23940.68,767.55
2017-11-30,10274.77,8229.31,2647.58,24272.35,770.39
2017-12-01,10186.63,8196.75,2642.22,24231.59,767.16
2017-12-02,10769.84,8354.04,2821.98,25029.2,685.76
2017-12-03,10758.38,8339.07,2783.02,25007.03,686.31
2017-12-04,10368.58,8240.32,2639.44,24290.05,762.72
2017-12-05,10229.03,8168.36,2629.57,24180.64,750.62
2017-12-06,10227.81,8164.65,2629.27,24140.91,753.13
2017-12-07,10361.39,8210.89,2636.98,24211.48,755.18
2017-12-08,10402.51,8246.83,2651.5,24329.16,757.69
2017-12-09,11554.08,8909.81,2915.56,26743.5,741.96
2017-12-11,10370.83,8259.15,2659.99,24386.03,762.59
2017-12-12,10367.91,8257.46,2664.11,24504.8,748.31
2017-12-13,10398.98,8283.5,2662.85,24585.43,750.5
2017-12-14,10327.95,8253.27,2652.01,24508.66,750.57
2017-12-15,10393.01,8299.85,2675.81,24651.74,753.38
2017-12-18,10522.26,8342.54,2690.16,24792.2,745.84
2017-12-19,10535.91,8318.12,2681.47,24754.75,733.84
2017-12-20,10628.74,8324.8,2679.25,24726.65,728.98
2017-12-21,10629.71,8319.37,2684.57,24782.29,719.23
2017-12-22,10674.97,8326.86,2683.34,24754.06,721.05
2017-12-26,10672.66,8318.08,2680.5,24746.21,717.03
2017-12-27,10697.21,8334.56,2682.62,24774.3,720.41
2017-12-28,10660.11,8344.51,2687.54,24837.51,723.89
2017-12-29,10612.29,8310.35,2673.61,24719.22,723.37
2018-01-02,10809.96,8360.91,2695.81,24824.01,715.72
2018-01-03,10820.74,8366.87,2713.06,24922.68,706.52
2018-01-04,10854.55,8393.62,2723.99,25075.13,700.52
2018-01-05,10911.74,8449.13,2743.15,25295.87,700.74
2018-01-08,10997.63,8477.39,2747.71,25283.0,707.87
2018-01-09,11018.46,8490.23,2751.29,25385.8,700.98
2018-01-10,11030.1,8476.36,2748.23,25369.13,693.14
2018-01-11,11284.32,8567.27,2767.56,25574.73,690.57
2018-01-12,11373.38,8619.67,2786.24,25803.19,683.91
2018-01-16,11227.31,8584.58,2776.42,25792.86,683.19
2018-01-17,11258.47,8661.3,2802.56,26115.65,687.67
2018-01-18,11262.86,8637.01,2798.03,26017.81,683.9
2018-01-19,11305.41,8654.82,2810.3,26071.72,682.77
2018-01-22,11357.59,8697.34,2832.97,26214.6,684.86
2018-01-23,11344.55,8705.44,2839.13,26210.81,691.81
2018-01-24,11184.4,8670.39,2837.54,26252.12,687.0
2018-01-25,11007.66,8675.0,2839.25,26392.79,696.52
2018-01-26,11125.75,8748.39,2872.87,26616.71,699.1
2018-01-29,11114.23,8698.19,2853.53,26439.48,691.11
2018-01-30,10965.41,8596.63,2822.43,26076.89,691.71
2018-01-31,10972.06,8624.77,2823.81,26149.39,699.25
2018-02-01,10920.06,8603.81,2821.98,26186.71,689.24
2018-02-02,10687.18,8416.29,2762.13,25520.96,684.48
2018-02-05,10350.41,8096.16,2648.94,24345.75,672.89
2018-02-06,10528.85,8226.93,2695.14,24912.77,662.32
2018-02-07,10560.59,8222.43,2681.66,24893.35,657.76
2018-02-08,10159.6,7918.7,2581.0,23860.46,647.9
2018-02-09,10136.61,7999.61,2619.55,24190.9,661.03
2018-02-12,10301.28,8124.88,2656.0,24601.27,666.98
2018-02-13,10380.71,8155.01,2662.94,24640.45,670.08
2018-02-14,10482.16,8212.88,2698.63,24893.49,662.25
2018-02-15,10556.35,8311.04,2731.2,25200.37,675.72
2018-02-16,10502.33,8312.01,2732.22,25219.38,681.12
2018-02-20,10340.6,8214.19,2716.26,24964.75,673.21
2018-02-21,10372.06,8174.68,2701.33,24797.78,664.82
2018-02-22,10428.87,8224.59,2703.96,24962.48,668.2
2018-02-23,10578.9,8354.04,2747.3,25309.99,685.76
2018-02-26,10769.84,8469.47,2779.6,25709.27,683.73
2018-02-27,10523.79,8338.24,2744.28,25410.03,672.02
2018-02-28,10381.99,8228.28,2713.83,25029.2,668.81
2018-03-01,10330.72,8135.78,2677.67,24608.98,668.75
2018-03-02,10332.98,8117.68,2691.25,24538.06,665.85
2018-03-05,10348.34,8206.39,2720.94,24874.76,677.91
2018-03-06,10435.52,8213.39,2728.12,24884.12,669.68
2018-03-07,10408.88,8183.38,2726.8,24801.36,664.8
2018-03-08,10465.63,8222.44,2738.97,24895.21,669.88
2018-03-09,10739.91,8371.5,2786.57,25335.74,672.28
2018-03-12,10706.93,8339.07,2783.02,25178.61,675.34
2018-03-13,10758.38,8320.97,2765.31,25007.03,677.62
2018-03-14,10573.48,8244.43,2749.48,24758.12,684.72
2018-03-15,10592.01,8269.99,2747.33,24873.66,684.23
2018-03-16,10683.82,8316.88,2752.01,24946.51,691.82
2018-03-19,10646.57,8234.61,2712.92,24610.91,686.31
2018-03-20,10694.31,8261.85,2716.94,24727.27,682.94
2018-03-21,10657.73,8239.51,2711.93,24682.31,679.56
2018-03-22,10353.46,8039.11,2643.69,23957.89,683.15
2018-03-23,10163.32,7899.6,2588.26,23533.2,673.68
2018-03-26,10373.21,8085.71,2658.55,24202.6,680.17
2018-03-27,10181.42,7993.26,2612.62,23857.71,689.73
2018-03-28,10188.19,7991.09,2605.0,23848.42,688.63
2018-03-29,10396.56,8092.53,2640.87,24103.11,692.63
2018-04-02,10190.57,7949.36,2581.88,23644.19,686.98
2018-04-03,10394.25,8072.44,2614.45,24033.36,689.01
2018-04-04,10388.03,8118.49,2644.69,24264.3,690.65
2018-04-05,10453.66,8189.09,2662.84,24505.22,696.43
2018-04-06,10146.37,8003.24,2604.47,23932.76,691.59
2018-04-09,10119.36,8007.48,2613.16,23979.1,692.29
2018-04-10,10228.42,8106.61,2656.87,24408.0,687.79
2018-04-11,10192.82,8054.73,2642.19,24189.45,686.68
2018-04-12,10360.41,8133.74,2663.99,24483.05,678.16
2018-04-13,10369.49,8119.73,2656.3,24360.14,682.78
2018-04-16,10610.18,8229.53,2677.84,24573.04,692.36
2018-04-17,10592.56,8280.21,2706.39,24786.63,700.24
2018-04-18,10770.15,8307.45,2708.64,24748.07,697.82
2018-04-19,10671.81,8268.69,2693.13,24664.89,697.1
2018-04-20,10578.9,8199.37,2670.14,24462.94,691.14
2018-04-23,10621.15,8206.17,2670.29,24448.69,691.34
2018-04-24,10400.1,8082.7,2634.56,24024.13,695.41
2018-04-25,10508.13,8117.01,2639.4,24083.83,694.93
2018-04-26,10413.88,8154.93,2666.94,24322.34,702.3
2018-04-27,10549.4,8193.09,2669.91,24311.19,708.68
2018-04-30,10423.57,8134.21,2648.05,24163.15,707.01
2018-05-01,10388.39,8111.14,2654.8,24099.05,705.23
2018-05-02,10285.91,8052.36,2635.67,23924.98,703.59
2018-05-03,10254.64,8042.09,2629.73,23930.15,700.94
2018-05-04,10370.23,8137.33,2663.42,24262.51,704.38
2018-05-07,10361.75,8147.02,2672.63,24357.32,700.34
2018-05-08,10445.21,8137.95,2671.92,24360.21,683.77
2018-05-09,10507.88,8178.2,2697.79,24542.54,678.62
2018-05-10,10605.79,8253.22,2723.07,24739.53,687.88
2018-05-11,10713.57,8297.16,2727.72,24831.17,689.49
2018-05-14,10663.16,8294.47,2730.13,24899.41,686.59
2018-05-15,10615.67,8236.0,2711.45,24706.41,680.17
2018-05-16,10702.54,8256.76,2722.46,24768.93,674.05
2018-05-17,10742.96,8245.74,2720.13,24713.98,668.56
2018-05-18,10730.46,8241.92,2712.97,24715.09,667.79
2018-05-21,10867.32,8337.96,2733.01,25013.29,672.86
2018-05-22,10741.62,8279.07,2724.44,24834.41,674.72
2018-05-23,10727.35,8296.11,2733.29,24886.81,680.68
2018-05-24,10852.75,8317.28,2727.76,24811.76,685.62
2018-05-25,10900.06,8323.08,2721.33,24753.09,689.67
2018-05-29,10755.33,8216.47,2689.86,24361.45,690.07
2018-05-30,10918.72,8319.06,2724.01,24667.78,694.67
2018-05-31,10750.33,8234.53,2705.27,24415.84,695.21
2018-06-01,10893.97,8290.68,2734.62,24635.21,684.74
2018-06-04,10814.04,8298.82,2746.87,24813.69,679.45
2018-06-05,10769.97,8278.17,2748.8,24799.98,674.46
2018-06-06,10838.98,8336.79,2772.35,25146.39,660.54
2018-06-07,10842.82,8361.96,2770.37,25241.41,664.09
2018-06-08,10938.47,8397.13,2779.03,25316.53,663.96
2018-06-11,11054.73,8411.81,2782.0,25322.31,656.93
2018-06-12,11088.93,8433.63,2786.85,25320.73,665.65
2018-06-13,11003.15,8390.05,2775.63,25201.2,664.6
2018-06-14,11009.49,8401.05,2782.49,25175.31,673.3
2018-06-15,11073.99,8407.16,2779.66,25090.48,678.31
2018-06-18,11049.85,8385.76,2773.75,24987.47,680.56
2018-06-19,10863.3,8301.96,2762.59,24700.21,687.96
2018-06-20,10872.93,8296.57,2767.32,24657.8,688.38
2018-06-21,10826.84,8252.38,2749.76,24461.7,690.62
2018-06-22,10773.2,8273.77,2754.88,24580.89,696.6
2018-06-25,10521.23,8174.29,2717.07,24252.8,707.87
2018-06-26,10474.96,8170.29,2723.06,24283.11,707.94
2018-06-27,10331.58,8114.68,2699.63,24117.59,712.51
2018-06-28,10307.56,8127.96,2716.31,24216.05,712.1
2018-06-29,10344.99,8146.05,2718.37,24271.41,711.64
2018-07-02,10448.2,8185.36,2726.71,24307.18,717.64
2018-07-03,10367.18,8145.07,2713.22,24174.82,719.44
2018-07-05,10426.62,8200.14,2736.61,24356.74,723.53
2018-07-06,10473.93,8239.5,2759.82,24456.48,729.37
2018-07-09,10687.66,8310.64,2784.17,24776.59,706.93
2018-07-10,10655.23,8342.81,2793.84,24919.66,713.75
2018-07-11,10442.47,8265.48,2774.02,24700.45,720.56
2018-07-12,10488.62,8319.66,2798.29,24924.89,720.88
2018-07-13,10546.41,8352.21,2801.31,25019.41,721.87
2018-07-16,10435.52,8335.6,2798.43,25064.36,721.05
2018-07-17,10463.13,8352.0,2809.55,25119.89,720.82
2018-07-18,10702.23,8413.79,2815.62,25199.29,717.6
2018-07-19,10747.65,8408.0,2804.49,25064.5,723.96
2018-07-20,10741.5,8395.83,2801.83,25058.12,718.2
2018-07-23,10813.55,8401.41,2806.98,25044.29,713.8
2018-07-24,10648.59,8408.85,2820.4,25241.94,716.61
2018-07-25,10893.29,8496.04,2846.07,25414.1,717.07
2018-07-26,10984.86,8551.69,2837.44,25527.07,725.38
2018-07-27,10957.18,8524.61,2818.82,25451.06,721.6
2018-07-30,10933.53,8483.8,2802.6,25306.83,717.02
2018-07-31,11077.1,8547.97,2816.29,25415.19,724.24
2018-08-01,10983.03,8501.06,2813.36,25333.82,717.8
2018-08-02,11055.21,8522.09,2827.22,25326.16,721.94
2018-08-03,11096.97,8569.12,2840.35,25462.58,728.81
2018-08-06,11161.35,8593.02,2850.4,25502.18,730.17
2018-08-07,11217.56,8625.97,2858.45,25628.91,727.85
2018-08-08,11174.92,8603.02,2857.7,25583.75,724.89
2018-08-09,11141.11,8585.47,2853.58,25509.23,727.45
2018-08-10,11090.63,8529.83,2833.28,25313.14,723.51
2018-08-13,11020.83,8491.92,2821.93,25187.7,724.47
2018-08-14,11114.35,8536.02,2839.96,25299.92,725.68
2018-08-15,11115.02,8520.47,2818.37,25162.41,732.32
2018-08-16,11190.43,8628.38,2840.69,25558.73,741.02
2018-08-17,11227.8,8662.89,2850.13,25669.32,743.96
2018-08-20,11361.86,8702.74,2857.05,25758.69,740.03
2018-08-21,11436.36,8722.38,2862.96,25822.29,734.72
2018-08-22,11322.24,8671.12,2861.82,25733.6,729.14
2018-08-23,11260.36,8642.22,2856.98,25656.98,728.77
2018-08-24,11284.99,8677.35,2874.69,25790.35,731.08
2018-08-27,11412.77,8748.99,2896.74,26049.64,727.21
2018-08-28,11390.58,8744.47,2897.52,26064.02,725.71
2018-08-29,11395.94,8764.51,2914.04,26124.57,729.97
2018-08-30,11309.8,8718.8,2901.13,25986.92,729.79
2018-08-31,11303.76,8707.55,2901.52,25964.82,726.41
2018-09-04,11319.49,8716.05,2896.72,25952.48,730.9
2018-09-05,11386.73,8749.51,2888.6,25974.99,739.62
2018-09-06,11367.29,8753.17,2878.05,25995.87,741.9
2018-09-07,11347.54,8719.62,2871.68,25916.54,733.6
2018-09-10,11554.08,8759.3,2877.13,25857.07,737.53
2018-09-11,11534.57,8774.09,2887.89,25971.06,735.63
2018-09-12,11512.02,8773.73,2888.92,25998.92,735.1
2018-09-13,11462.27,8803.01,2904.18,26145.99,741.96
2018-09-14,11570.84,8819.73,2904.98,26154.67,736.88
2018-09-17,11468.73,8784.01,2888.8,26062.12,739.5
2018-09-18,11514.94,8828.1,2904.31,26246.96,738.39
2018-09-19,11513.66,8833.13,2907.95,26405.76,723.03
2018-09-20,11517.38,8885.68,2930.75,26656.98,724.76
2018-09-21,11532.56,8909.81,2929.67,26743.5,727.16
2018-09-24,11370.21,8828.31,2919.37,26562.05,720.52
2018-09-25,11311.14,8787.45,2915.56,26492.21,711.83
2018-09-26,11374.66,8767.41,2905.97,26385.28,704.04
2018-09-27,11384.24,8790.47,2914.0,26439.93,710.25
2018-09-28,11379.36,8810.24,2913.98,26458.31,720.6
2018-10-01,11409.96,8849.79,2924.59,26651.21,717.84
2018-10-02,11281.08,8861.65,2923.43,26773.94,727.36
2018-10-03,11342.96,8871.98,2925.51,26828.39,719.17
2018-10-04,11296.2,8828.42,2901.61,26627.48,722.56
2018-10-05,11206.77,8792.59,2885.57,26447.05,733.73
2018-10-08,11203.9,8809.41,2884.43,26486.78,739.56
2018-10-09,10996.08,8759.21,2880.34,26430.57,742.98
2018-10-10,10550.92,8495.34,2785.68,25598.74,739.54
2018-10-11,10397.23,8328.92,2728.37,25052.83,723.37
2018-10-12,10489.29,8405.11,2767.13,25339.99,723.61
2018-10-15,10553.97,8406.28,2750.79,25250.55,726.35
2018-10-16,10744.85,8568.52,2809.92,25798.42,734.97
2018-10-17,10683.82,8535.07,2809.21,25706.68,733.53
2018-10-18,10404.24,8413.1,2768.78,25379.45,734.83
2018-10-19,10438.81,8452.3,2767.78,25444.34,746.3
2018-10-22,10435.76,8419.82,2755.88,25317.41,742.02
2018-10-23,10237.02,8344.0,2740.69,25191.43,737.04
2018-10-24,9905.13,8181.6,2656.1,24583.42,753.65
2018-10-25,10091.81,8281.23,2705.57,24984.55,742.37
2018-10-26,9965.67,8175.23,2658.69,24688.31,729.72
2018-10-29,9896.11,8129.97,2641.25,24442.92,740.24
2018-10-30,10175.57,8278.31,2682.63,24874.64,742.58
2018-10-31,10191.18,8314.03,2711.74,25115.76,733.84
2018-11-01,10368.52,8396.08,2740.37,25380.74,729.11
2018-11-02,10366.32,8367.13,2723.06,25270.83,724.85
2018-11-05,10361.81,8419.85,2738.31,25461.7,734.8
2018-11-06,10474.11,8486.78,2755.45,25635.01,740.15
2018-11-07,10714.49,8656.47,2813.89,26180.3,747.1
2018-11-08,10660.66,8641.32,2806.83,26191.22,743.73
2018-11-09,10517.21,8561.83,2781.01,25989.3,738.23
2018-11-12,10366.51,8403.44,2726.22,25387.18,733.04
2018-11-13,10433.45,8402.01,2722.18,25286.49,735.25
2018-11-14,10456.61,8349.16,2701.58,25080.5,724.57
2018-11-15,10615.3,8408.19,2730.2,25289.27,715.02
2018-11-16,10583.6,8449.46,2736.27,25413.22,729.43
2018-11-19,10534.46,8366.6,2690.73,25017.44,732.29
2018-11-20,10212.94,8181.95,2641.89,24465.64,727.65
2018-11-21,10365.53,8199.85,2649.93,24464.69,718.69
2018-11-23,10369.01,8167.4,2632.56,24285.95,719.63
2018-11-26,10476.55,8266.61,2673.45,24640.24,723.84
2018-11-27,10505.81,8305.13,2682.17,24748.73,730.49
2018-11-28,10766.61,8481.05,2743.79,25366.43,730.09
2018-11-29,10679.8,8455.23,2737.76,25338.84,729.08
2018-11-30,10820.2,8545.83,2760.17,25538.46,741.92
2018-12-01,10059.37,8252.36,2704.1,24999.67,727.25
2018-12-02,10632.49,8333.83,2784.7,25106.33,753.29
2018-12-03,10850.44,8619.47,2790.37,25826.43,748.56
2018-12-04,10374.07,8363.02,2700.06,25027.07,749.84
2018-12-05,10638.22,8349.1,2884.05,25126.41,807.22
2018-12-06,10358.7,8343.42,2695.95,24947.67,749.34
2018-12-07,9951.16,8153.5,2633.08,24388.95,753.51
2018-12-08,10433.45,8798.44,2900.51,26583.42,818.21
2018-12-09,10813.62,9056.67,2979.39,27147.08,879.11
2018-12-10,9876.54,8147.31,2637.72,24423.26,755.49
2018-12-11,9831.0,8129.57,2636.78,24370.24,756.94
2018-12-12,9833.81,8155.06,2651.07,24527.27,753.54
2018-12-13,9672.74,8143.86,2650.54,24597.38,759.55
2018-12-14,9514.11,8010.05,2599.95,24100.51,757.85
2018-12-17,9403.53,7844.65,2545.94,23592.98,732.21
2018-12-18,9445.47,7862.88,2546.16,23675.64,728.05
2018-12-19,9147.66,7727.82,2506.96,23323.66,726.76
2018-12-20,9029.94,7616.5,2467.42,22859.6,729.42
2018-12-21,8874.79,7490.61,2416.62,22445.37,722.38
2018-12-24,8637.15,7261.5,2351.1,21792.2,692.0
2018-12-26,9102.12,7592.6,2467.7,22878.45,703.51
2018-12-27,9154.24,7666.84,2488.83,23138.82,710.89
2018-12-28,9109.13,7643.97,2485.74,23062.4,711.94
2018-12-31,9170.4,7710.44,2506.85,23327.46,712.93
2019-01-02,9202.47,7701.2,2510.03,23346.24,701.04
2019-01-03,8881.49,7504.21,2447.89,22686.22,701.55
2019-01-04,9225.02,7741.12,2531.94,23433.16,711.91
2019-01-07,9296.23,7763.19,2549.69,23531.35,704.45
2019-01-08,9447.85,7857.45,2574.41,23787.45,711.43
2019-01-09,9583.25,7897.68,2584.96,23879.12,707.29
2019-01-10,9624.7,7946.79,2596.64,24001.92,717.04
2019-01-11,9625.25,7940.44,2596.26,23995.95,713.86
2019-01-14,9630.92,7893.62,2582.61,23909.84,695.08
2019-01-15,9557.7,7919.1,2610.3,24065.59,701.69
2019-01-16,9608.3,7959.66,2616.1,24207.16,702.94
2019-01-17,9756.75,8027.7,2635.96,24370.1,705.47
2019-01-18,10012.06,8148.46,2670.71,24706.35,706.65
2019-01-22,9822.22,8052.49,2632.9,24404.48,707.81
2019-01-23,9734.92,8079.77,2638.7,24575.62,714.97
2019-01-24,9842.52,8103.86,2642.33,24553.24,717.96
2019-01-25,9921.78,8137.99,2664.76,24737.2,708.2
2019-01-28,9921.59,8091.24,2643.85,24528.22,704.51
2019-01-29,9967.32,8115.68,2640.0,24579.96,707.15
2019-01-30,10078.7,8231.6,2681.05,25014.86,712.1
2019-01-31,10059.37,8252.36,2704.1,24999.67,727.25
2019-02-01,10123.99,8273.63,2706.53,25063.89,724.66
2019-02-04,10208.61,8328.22,2724.87,25239.37,726.32
2019-02-05,10250.74,8371.79,2737.7,25411.52,727.24
2019-02-06,10229.89,8361.56,2731.61,25390.3,726.3
2019-02-07,10198.06,8330.37,2706.05,25169.53,736.0
2019-02-08,10177.03,8320.88,2707.88,25106.33,739.86
2019-02-11,10304.45,8333.83,2709.8,25053.11,737.69
2019-02-12,10445.27,8437.87,2744.73,25425.76,739.24
2019-02-13,10496.97,8467.85,2753.03,25543.27,737.34
2019-02-14,10537.63,8453.13,2745.73,25439.39,735.43
2019-02-15,10567.69,8550.06,2775.6,25883.25,738.52
2019-02-19,10617.68,8570.82,2779.76,25891.32,743.2
2019-02-20,10627.49,8589.99,2784.7,25954.44,745.94
2019-02-21,10632.49,8580.4,2774.88,25850.63,750.95
2019-02-22,10593.05,8618.16,2792.67,26031.81,757.24
2019-02-25,10585.0,8620.28,2796.11,26091.95,753.05
2019-02-26,10546.47,8606.03,2793.9,26057.98,753.29
2019-02-27,10491.91,8583.11,2792.38,25985.16,754.71
2019-02-28,10467.22,8567.61,2784.49,25916.0,756.34
2019-03-01,10462.04,8592.78,2803.69,26026.32,759.16
2019-03-04,10399.73,8544.2,2792.81,25819.65,761.44
2019-03-05,10314.08,8521.44,2789.65,25806.63,760.33
2019-03-06,10261.16,8484.29,2771.45,25673.46,760.09
2019-03-07,10162.16,8429.15,2748.93,25473.23,762.38
2019-03-08,10116.86,8420.47,2743.07,25450.24,765.3
2019-03-11,10312.92,8511.18,2783.3,25650.88,771.11
2019-03-12,10261.53,8491.46,2791.52,25554.66,776.35
2019-03-13,10367.12,8543.86,2810.92,25702.89,777.23
2019-03-14,10345.54,8539.52,2808.48,25709.94,776.63
2019-03-15,10310.12,8563.57,2822.48,25848.87,779.36
2019-03-18,10414.36,8593.47,2832.94,25914.1,776.77
2019-03-19,10277.32,8543.5,2832.57,25887.38,768.2
2019-03-20,10143.26,8492.88,2824.23,25745.67,770.92
2019-03-21,10285.67,8580.07,2854.88,25962.51,779.35
2019-03-22,10052.3,8451.46,2800.71,25502.32,784.26
2019-03-25,10000.79,8442.79,2798.36,25516.83,784.0
2019-03-26,10107.41,8502.52,2818.46,25657.73,789.51
2019-03-27,10197.64,8504.98,2805.37,25625.59,783.74
2019-03-28,10319.63,8530.74,2815.44,25717.46,774.06
2019-03-29,10407.96,8598.46,2834.4,25928.68,778.72
2019-04-01,10643.65,8703.81,2867.19,26258.42,774.45
2019-04-02,10625.54,8686.6,2867.24,26179.13,775.44
2019-04-03,10642.31,8696.55,2873.4,26218.13,774.85
2019-04-04,10688.4,8733.61,2879.39,26384.63,772.35
2019-04-05,10734.3,8765.64,2892.74,26424.99,780.29
2019-04-08,10744.97,8741.79,2895.77,26341.02,774.8
2019-04-09,10645.42,8686.81,2878.2,26150.58,776.22
2019-04-10,10695.1,8693.67,2888.21,26157.16,773.51
2019-04-11,10785.08,8717.36,2888.32,26143.05,777.47
2019-04-12,10912.19,8807.05,2907.41,26412.3,783.56
2019-04-15,10819.47,8779.35,2905.58,26384.77,782.09
2019-04-16,10826.72,8774.82,2907.06,26452.66,771.69
2019-04-17,10935.6,8795.36,2900.45,26449.54,770.58
2019-04-18,10988.22,8830.42,2905.03,26559.54,772.13
2019-04-22,10977.06,8816.58,2907.97,26511.05,770.94
2019-04-23,11003.09,8853.55,2933.68,26656.39,772.93
2019-04-24,11098.99,8869.8,2927.25,26597.05,776.85
2019-04-25,10845.62,8796.57,2926.17,26462.08,780.38
2019-04-26,10881.77,8823.73,2939.88,26543.33,782.52
2019-04-29,10807.46,8800.78,2943.03,26554.39,777.47
2019-04-30,10847.02,8839.52,2945.83,26592.91,790.0
2019-05-01,10661.57,8751.33,2923.73,26430.14,780.39
2019-05-02,10787.64,8750.32,2917.52,26307.79,777.97
2019-05-03,10958.89,8833.84,2945.64,26504.95,783.1
2019-05-06,10902.01,8799.73,2932.47,26438.48,778.02
2019-05-07,10670.47,8654.69,2884.05,25965.09,775.14
2019-05-08,10638.22,8631.4,2879.42,25967.33,765.94
2019-05-09,10627.37,8600.98,2870.72,25828.36,765.1
2019-05-10,10602.19,8640.08,2881.4,25942.37,777.46
2019-05-13,10305.85,8475.82,2811.87,25324.99,786.63
2019-05-14,10454.97,8536.38,2834.41,25532.05,780.77
2019-05-15,10475.08,8563.1,2850.96,25648.02,780.91
2019-05-16,10605.61,8641.82,2876.32,25862.68,786.32
2019-05-17,10491.85,8605.91,2859.53,25764.0,790.23
2019-05-20,10461.73,8585.19,2840.23,25679.9,791.19
2019-05-21,10510.87,8634.75,2864.36,25877.33,791.93
2019-05-22,10332.98,8593.4,2856.27,25776.61,800.52
2019-05-23,10171.61,8516.65,2822.24,25490.47,807.22
2019-05-24,10137.59,8523.01,2826.06,25585.69,804.71
2019-05-28,10005.97,8426.17,2802.39,25347.77,791.96
2019-05-29,9929.95,8349.1,2783.02,25126.41,781.83
2019-05-30,9926.47,8356.25,2788.86,25169.88,781.6
2019-05-31,9738.03,8253.53,2752.06,24815.04,784.43
2019-06-03,9759.86,8272.52,2744.45,24819.78,791.77
2019-06-04,10083.76,8441.96,2803.27,25332.18,793.18
2019-06-05,10171.3,8531.34,2826.15,25539.57,810.15
2019-06-06,10077.54,8551.07,2843.49,25720.66,812.91
2019-06-07,10140.64,8603.27,2873.34,25983.94,806.6
2019-06-10,10231.9,8628.18,2886.73,26062.68,801.38
2019-06-11,10198.55,8609.35,2885.72,26048.51,796.46
2019-06-12,10246.96,8628.38,2879.84,26004.83,805.78
2019-06-13,10347.36,8672.52,2891.64,26106.77,807.58
2019-06-14,10305.3,8674.91,2886.98,26089.61,815.55
2019-06-17,10199.04,8653.93,2889.67,26112.53,814.05
2019-06-18,10320.85,8741.3,2917.75,26465.54,810.76
2019-06-19,10341.63,8765.77,2926.46,26504.0,817.68
2019-06-20,10412.66,8836.2,2954.18,26753.17,821.88
2019-06-21,10352.49,8825.05,2950.46,26719.13,826.33
2019-06-24,10197.39,8795.63,2945.35,26727.54,827.39
2019-06-25,10109.91,8731.74,2917.38,26548.22,821.4
2019-06-26,10176.79,8713.11,2913.78,26536.82,804.66
2019-06-27,10308.53,8740.44,2924.92,26526.58,805.35
2019-06-28,10461.98,8796.83,2941.76,26599.96,810.66
2019-07-01,10505.93,8823.35,2964.33,26717.43,807.77
2019-07-02,10420.46,8837.16,2973.01,26786.68,818.0
2019-07-03,10523.31,8904.55,2995.82,26966.0,824.13
2019-07-05,10485.02,8885.02,2990.41,26922.12,822.49
2019-07-08,10416.13,8851.92,2975.95,26806.14,824.52
2019-07-09,10339.01,8832.65,2979.63,26783.49,825.32
2019-07-10,10291.64,8842.31,2993.07,26860.2,828.09
2019-07-11,10390.04,8907.61,2999.91,27088.08,828.53
2019-07-12,10637.31,8999.09,3013.77,27332.03,824.3
2019-07-15,10601.03,9000.15,3014.3,27359.16,826.25
2019-07-16,10794.59,9028.06,3004.04,27335.63,821.47
2019-07-17,10406.93,8929.16,2984.42,27219.85,824.58
2019-07-18,10537.51,8969.9,2995.11,27222.97,831.33
2019-07-19,10604.2,8950.32,2976.61,27154.2,820.08
2019-07-22,10622.92,8954.94,2985.03,27171.9,818.58
2019-07-23,10717.6,8998.87,3005.47,27349.19,813.07
2019-07-24,10775.39,8999.67,3019.56,27269.97,815.06
2019-07-25,10693.82,8952.64,3003.67,27140.98,812.33
2019-07-26,10776.67,8986.41,3025.86,27192.45,815.76
2019-07-29,10776.0,8997.47,3020.97,27221.35,818.86
2019-07-30,10784.84,8981.67,3013.18,27198.02,811.65
2019-07-31,10701.75,8895.21,2980.38,26864.27,808.94
2019-08-01,10433.45,8798.44,2953.56,26583.42,816.57
2019-08-02,10374.43,8769.46,2932.05,26485.01,817.87
2019-08-05,10040.23,8524.96,2844.74,25717.74,803.29
2019-08-06,10172.52,8632.73,2881.77,26029.52,814.22
2019-08-07,10150.21,8629.23,2883.98,26007.07,817.24
2019-08-08,10324.38,8751.5,2938.09,26378.19,825.02
2019-08-09,10207.21,8711.58,2918.65,26287.44,826.3
2019-08-12,10032.49,8597.13,2883.75,25897.71,824.79
2019-08-13,10148.68,8695.74,2926.32,26279.91,825.24
2019-08-14,9842.4,8464.66,2840.6,25479.42,818.21
2019-08-15,9764.49,8486.36,2847.6,25579.39,828.66
2019-08-16,9967.32,8592.81,2888.68,25886.01,831.22
2019-08-19,10081.38,8674.32,2923.65,26135.79,836.4
2019-08-20,10006.03,8621.59,2900.51,25962.44,834.45
2019-08-21,10107.47,8699.45,2924.43,26202.73,840.1
2019-08-22,10073.15,8702.15,2922.95,26252.24,840.39
2019-08-23,9739.74,8496.74,2847.11,25628.9,832.03
2019-08-26,9834.72,8587.56,2878.38,25898.83,842.4
2019-08-27,9734.68,8544.49,2869.16,25777.9,843.13
2019-08-28,9907.15,8625.66,2887.94,26036.1,840.47
2019-08-29,10105.4,8739.01,2924.58,26362.25,845.28
2019-08-30,10126.98,8751.88,2926.46,26403.28,845.52
2019-09-03,9991.52,8696.63,2906.27,26118.02,860.85
2019-09-04,10111.31,8767.65,2937.78,26355.47,860.92
2019-09-05,10369.92,8872.87,2976.0,26728.15,849.45
2019-09-06,10302.92,8869.77,2978.71,26797.46,848.3
2019-09-09,10510.56,8913.94,2978.43,26835.51,844.34
2019-09-10,10672.12,8962.64,2979.39,26909.43,844.45
2019-09-11,10761.19,9039.6,3000.93,27137.04,852.36
2019-09-12,10713.51,9039.53,3009.57,27182.45,853.11
2019-09-13,10813.62,9056.67,3007.39,27219.52,846.99
2019-09-16,10730.28,9010.88,2997.96,27076.82,846.56
2019-09-17,10705.65,9026.36,3005.7,27110.8,854.32
2019-09-18,10576.34,9009.24,3006.73,27147.08,856.2
2019-09-19,10504.22,8990.3,3006.79,27094.79,859.69
2019-09-20,10454.36,8955.04,2992.07,26935.07,862.9
2019-09-23,10382.66,8945.26,2991.78,26949.99,864.33
2019-09-24,10333.31,8926.66,2966.6,26807.77,874.74
2019-09-25,10433.32,8978.61,2984.87,26970.71,874.48
2019-09-26,10409.03,8966.72,2977.62,26891.12,879.11
2019-09-27,10341.27,8933.9,2961.79,26820.25,876.46
2019-09-30,10363.58,8961.15,2976.74,26916.83,878.66
2019-10-01,10119.6,8835.45,2940.25,26573.04,874.26
2019-10-02,9884.35,8672.26,2887.61,26078.62,864.1
2019-10-03,9925.98,8710.66,2910.63,26201.04,867.45
2019-10-04,10029.84,8827.92,2952.01,26573.72,880.5
2019-10-07,10014.56,8798.55,2938.79,26478.02,876.22
2019-10-08,9829.2,8684.32,2893.06,26164.04,868.17
2019-10-09,9943.33,8753.11,2919.4,26346.01,873.47
2019-10-10,10067.33,8805.96,2938.13,26496.67,872.2
2019-10-11,10291.98,8904.75,2970.27,26816.59,866.66
2019-10-14,10256.1,8878.96,2966.15,26787.36,859.8
2019-10-15,10386.29,8947.09,2995.68,27024.8,857.1
2019-10-16,10432.81,8956.83,2989.69,27001.98,859.4
2019-10-17,10496.18,8980.27,2997.95,27025.88,862.34
2019-10-18,10508.74,8940.8,2986.2,26770.2,866.01
2019-10-21,10652.12,8986.33,3006.72,26827.64,868.22
2019-10-22,10747.59,9008.32,2995.99,26788.1,873.27
2019-10-23,10726.59,9018.47,3004.52,26833.95,876.46
2019-10-24,10676.57,9008.55,3010.29,26805.53,879.82
2019-10-25,10856.41,9052.32,3022.55,26958.06,866.92
2019-10-28,10853.36,9054.37,3039.42,27090.72,854.55
2019-10-29,10829.77,9046.54,3036.89,27071.42,855.03
2019-10-30,10639.2,9037.33,3046.77,27186.69,860.1
2019-10-31,10498.86,8994.23,3037.56,27046.23,867.52
2019-11-01,10738.81,9103.41,3066.91,27347.36,867.83
2019-11-04,10982.15,9157.13,3078.27,27462.11,856.93
2019-11-05,11050.03,9161.51,3074.62,27492.63,848.26
2019-11-06,11030.04,9161.08,3076.78,27492.56,850.36
2019-11-07,11091.37,9186.95,3085.18,27674.8,838.34
2019-11-08,11067.16,9177.46,3093.08,27681.24,835.3
2019-11-11,11029.55,9161.24,3087.01,27691.49,829.75
2019-11-12,10959.26,9150.77,3091.84,27691.49,832.2
2019-11-13,10842.63,9165.78,3094.04,27783.59,844.31
2019-11-14,10871.35,9173.82,3096.63,27781.96,845.53
2019-11-15,10876.29,9222.87,3120.46,28004.89,848.47
2019-11-18,10879.09,9233.26,3122.03,28036.22,850.54
2019-11-19,10847.63,9202.94,3120.18,27934.02,848.31
2019-11-20,10695.04,9161.17,3108.46,27821.09,855.01
2019-11-21,10681.29,9141.09,3103.54,27766.29,851.37
2019-11-22,10785.15,9183.86,3110.29,27875.62,851.25
2019-11-25,10948.5,9250.77,3133.64,28066.47,848.88
2019-11-26,10970.23,9271.99,3140.52,28121.68,852.18
2019-11-27,10947.55,9276.51,3153.63,28164.0,852.87
2019-11-29,10857.57,9233.75,3140.98,28051.41,851.72
2019-12-01,11278.85,9527.45,3295.47,29297.64,943.03
2019-12-02,10734.85,9145.63,3113.87,27783.04,845.88
2019-12-03,10499.29,9050.72,3093.2,27502.81,850.67
2019-12-04,10574.58,9104.24,3112.76,27649.78,855.8
2019-12-05,10574.88,9111.61,3117.43,27677.79,856.86
2019-12-06,10708.54,9201.18,3145.91,28015.06,855.04
2019-12-07,9994.81,8344.36,3239.41,27005.84,817.04
2019-12-08,11322.0,9353.92,3500.31,28653.87,803.22
2019-12-09,10676.51,9168.24,3135.96,27909.6,851.78
2019-12-10,10629.87,9154.44,3132.52,27881.72,852.58
2019-12-11,10678.89,9174.99,3141.63,27911.3,855.01
2019-12-12,10789.41,9230.92,3168.57,28132.05,849.68
2019-12-13,10775.76,9241.8,3168.8,28135.38,856.85
2019-12-16,10867.32,9299.71,3191.45,28235.89,867.33
2019-12-17,10879.27,9309.43,3192.52,28267.16,867.99
2019-12-18,10779.78,9290.11,3191.14,28239.28,871.9
2019-12-19,10804.78,9321.69,3205.37,28376.96,871.87
2019-12-20,10900.73,9368.76,3221.22,28455.09,878.26
2019-12-23,10912.68,9374.87,3224.01,28551.53,870.15
2019-12-24,10915.55,9371.16,3223.38,28515.45,871.56
2019-12-26,10950.6,9403.95,3239.91,28621.39,874.33
2019-12-27,10936.7,9409.02,3240.02,28645.26,876.22
2019-12-30,10874.58,9359.32,3221.29,28462.14,875.41
2019-12-31,10901.28,9386.48,3230.78,28538.44,879.17
2020-01-02,10994.31,9446.78,3257.85,28868.8,866.82
2020-01-03,10911.4,9385.56,3234.85,28634.88,867.44
2020-01-06,10848.73,9390.08,3246.28,28703.38,870.03
2020-01-07,10887.56,9372.83,3237.18,28583.68,868.6
2020-01-08,10983.64,9424.69,3253.05,28745.09,868.91
2020-01-09,11025.82,9481.03,3274.7,28956.9,872.65
2020-01-10,10973.88,9447.19,3265.35,28823.77,874.1
2020-01-13,11062.74,9492.25,3288.13,28907.05,879.69
2020-01-14,11164.51,9524.47,3283.15,28939.67,882.07
2020-01-15,11195.39,9573.56,3289.29,29030.22,895.82
2020-01-16,11304.97,9656.44,3316.81,29297.64,900.42
2020-01-17,11278.85,9674.97,3329.62,29348.1,908.3
2020-01-21,11075.01,9618.72,3320.79,29196.04,917.1
2020-01-22,10999.36,9606.01,3321.75,29186.27,919.96
2020-01-23,11143.42,9647.41,3325.54,29160.09,928.57
2020-01-24,11059.84,9603.24,3295.47,28989.73,931.94
2020-01-27,10796.83,9456.34,3243.63,28535.8,929.65
2020-01-28,10861.34,9512.13,3276.24,28722.85,933.09
2020-01-29,10905.64,9527.45,3273.4,28734.45,935.1
2020-01-30,10833.17,9550.49,3283.66,28859.44,943.03
2020-01-31,10566.74,9370.29,3225.52,28256.03,938.57
2020-02-03,10590.66,9406.73,3248.92,28399.81,940.67
2020-02-04,10783.03,9506.66,3297.59,28807.63,930.34
2020-02-05,10928.84,9638.33,3334.69,29290.85,934.85
2020-02-06,10874.4,9644.34,3345.78,29379.77,935.16
2020-02-07,10857.73,9581.66,3327.71,29102.51,931.83
2020-02-10,10866.58,9622.64,3352.09,29276.82,934.97
2020-02-11,10902.72,9636.66,3357.75,29276.34,938.48
2020-02-12,11003.45,9710.01,3379.45,29551.42,938.12
2020-02-13,10994.14,9700.51,3373.94,29423.31,947.38
2020-02-14,10862.92,9682.42,3380.16,29398.08,955.35
2020-02-18,10865.58,9661.41,3370.29,29232.19,960.89
2020-02-19,10943.24,9680.12,3386.15,29348.03,950.01
2020-02-20,11032.96,9679.08,3373.23,29219.98,952.4
2020-02-21,10908.94,9602.49,3337.75,28992.41,948.74
2020-02-24,10509.92,9296.87,3225.89,27960.8,935.91
2020-02-25,10061.46,8996.46,3128.21,27081.36,915.77
2020-02-26,9840.89,8909.77,3116.39,26957.59,906.97
2020-02-27,9484.44,8530.18,2978.76,25766.64,865.47
2020-02-28,9388.19,8394.63,2954.22,25409.36,839.96
2020-03-02,9475.68,8746.05,3090.23,26703.32,886.52
2020-03-03,9200.67,8520.3,3003.37,25917.41,877.25
2020-03-04,9512.05,8900.54,3130.12,27090.86,926.14
2020-03-05,9010.92,8575.61,3023.94,26121.28,908.14
2020-03-06,8956.06,8503.09,2972.37,25864.78,901.7
2020-03-09,8083.49,7842.88,2746.56,23851.02,852.8
2020-03-10,8520.84,8172.27,2882.23,25018.16,860.03
2020-03-11,8126.09,7720.97,2741.38,23553.22,812.44
2020-03-12,7259.02,6924.4,2480.64,21200.62,723.88
2020-03-13,7939.4,7519.6,2711.02,23185.62,762.6
2020-03-16,7023.44,6596.71,2386.13,20188.52,678.03
2020-03-17,7468.23,7059.9,2529.19,21237.38,769.69
2020-03-18,6971.44,6638.87,2398.1,19898.92,737.25
2020-03-19,7078.73,6621.89,2409.39,20087.19,695.92
2020-03-20,6837.72,6304.73,2304.92,19173.98,646.13
2020-03-23,6703.63,6100.31,2237.4,18591.93,610.89
2020-03-24,7540.8,6797.83,2447.33,20704.91,673.89
2020-03-25,7724.87,6975.88,2475.56,21200.55,697.96
2020-03-26,8045.47,7412.43,2630.07,22552.17,757.92
2020-03-27,7699.18,7165.62,2541.47,21636.78,758.93
2020-03-30,7790.91,7365.27,2626.65,22327.48,785.14
2020-03-31,7732.32,7221.21,2584.59,21917.16,756.16
2020-04-01,7352.58,6866.08,2470.5,20943.51,708.04
2020-04-02,7445.71,7014.83,2526.9,21413.44,729.36
2020-04-03,7305.31,6873.01,2488.65,21052.53,706.01
2020-04-06,7837.69,7392.72,2663.68,22679.99,758.06
2020-04-07,7865.49,7380.33,2659.41,22653.86,750.81
2020-04-08,8152.39,7660.88,2749.98,23433.57,789.15
2020-04-09,8236.92,7804.73,2789.82,23719.37,827.83
2020-04-13,8036.98,7650.63,2761.63,23390.77,801.39
2020-04-14,8177.69,7830.89,2846.06,23949.76,825.1
2020-04-15,8003.23,7656.83,2783.36,23504.35,796.95
2020-04-16,7981.93,7659.7,2799.55,23537.68,797.54
2020-04-17,8233.81,7896.55,2874.56,24242.49,823.98
2020-04-20,7969.73,7673.59,2823.16,23650.44,794.85
2020-04-21,7844.37,7500.98,2736.56,23018.88,780.99
2020-04-22,7840.59,7630.38,2799.31,23475.82,804.41
2020-04-23,7951.66,7636.44,2797.8,23515.26,790.75
2020-04-24,8092.4,7724.05,2836.74,23775.27,795.09
2020-04-27,8317.42,7860.19,2878.48,24133.78,805.8
2020-04-28,8407.32,7871.68,2863.39,24101.55,804.93
2020-04-29,8628.62,8008.44,2939.51,24633.86,798.48
2020-04-30,8377.08,7862.52,2912.43,24345.72,778.29
2020-05-01,8144.86,7658.99,2830.71,23723.69,759.08
2020-05-04,7980.96,7644.19,2842.74,23749.76,767.37
2020-05-05,8047.3,7694.53,2868.44,23883.09,773.21
2020-05-06,7931.83,7578.68,2848.42,23664.64,746.35
2020-05-07,8050.59,7654.66,2881.19,23875.89,751.97
2020-05-08,8332.5,7824.07,2929.8,24331.32,764.11
2020-05-11,8234.18,7778.02,2930.32,24221.99,761.83
2020-05-12,8000.55,7625.26,2870.12,23764.78,753.3
2020-05-13,7823.8,7478.46,2820.0,23247.97,747.54
2020-05-14,7861.34,7571.68,2852.5,23625.34,754.78
2020-05-15,7761.0,7542.66,2863.7,23685.42,744.49
2020-05-18,8322.86,7889.39,2953.91,24597.37,773.18
2020-05-19,8228.93,7773.22,2922.94,24206.86,761.4
2020-05-20,8488.98,7899.45,2971.61,24575.9,761.59
2020-05-21,8452.85,7858.37,2948.51,24474.12,754.02
2020-05-22,8470.09,7878.64,2955.45,24465.16,763.93
2020-05-26,8895.61,8079.96,2991.77,24995.11,769.03
2020-05-27,9151.39,8255.95,3036.13,25548.27,777.69
2020-05-28,9005.43,8239.27,3029.73,25400.64,800.8
2020-05-29,8969.79,8239.6,3044.31,25383.11,806.92
2020-06-01,8965.91,8271.8,3055.73,25475.02,815.33
2020-06-02,9134.88,8368.23,3080.82,25742.65,820.4
2020-06-03,9440.77,8554.09,3122.87,26269.89,831.27
2020-06-04,9575.25,8553.37,3112.35,26281.82,814.06
2020-06-05,9872.96,8797.87,3193.93,27110.98,826.52
2020-06-08,10052.85,8962.47,3232.39,27572.44,847.26
2020-06-09,9825.57,8825.49,3207.18,27272.3,830.34
2020-06-10,9579.07,8708.66,3190.14,26989.99,824.72
2020-06-11,8839.36,8137.92,3002.1,25128.17,793.23
2020-06-12,9081.9,8280.24,3041.31,25605.54,793.0
2020-06-15,9160.08,8339.43,3066.59,25763.16,799.76
2020-06-16,9259.63,8465.82,3124.74,26289.98,802.37
2020-06-17,9239.09,8425.29,3113.49,26119.61,800.36
2020-06-18,9207.63,8408.05,3115.34,26080.1,798.74
2020-06-19,9077.75,8288.65,3097.74,25871.46,770.61
2020-06-22,9061.98,8332.6,3117.86,26024.96,780.42
2020-06-23,9181.57,8370.31,3131.29,26156.1,773.47
2020-06-24,8899.24,8163.9,3050.33,25445.94,767.6
2020-06-25,9000.3,8223.63,3083.76,25745.6,757.34
2020-06-26,8805.74,8028.39,3009.05,25015.55,749.4
2020-06-29,9052.64,8219.33,3053.24,25595.8,764.39
2020-06-30,9172.72,8292.07,3100.29,25812.88,767.5
2020-07-01,9153.01,8305.59,3115.86,25734.97,785.15
2020-07-02,9235.7,8344.08,3130.01,25827.36,786.89
2020-07-06,9386.94,8449.43,3179.72,26287.03,779.03
2020-07-07,9278.61,8344.36,3145.32,25890.18,775.59
2020-07-08,9322.43,8401.4,3169.94,26067.28,783.15
2020-07-09,9140.43,8277.25,3152.05,25706.09,774.23
2020-07-10,9312.48,8415.93,3185.04,26075.3,791.35
2020-07-13,9305.95,8416.33,3155.22,26085.8,791.24
2020-07-14,9465.24,8572.4,3197.52,26642.59,799.91
2020-07-15,9737.44,8667.57,3226.56,26870.1,796.47
2020-07-16,9791.39,8677.43,3215.57,26734.71,809.52
2020-07-17,9900.09,8723.95,3224.73,26671.95,828.6
2020-07-20,9745.13,8671.17,3251.84,26680.87,817.04
2020-07-21,9810.31,8721.8,3257.3,26840.4,820.47
2020-07-22,9797.25,8767.16,3276.02,27005.84,829.5
2020-07-23,9763.69,8694.92,3235.66,26652.33,830.7
2020-07-24,9730.12,8643.85,3215.63,26469.89,825.74
2020-07-27,9817.42,8660.92,3239.41,26584.77,813.02
2020-07-28,9696.55,8618.93,3218.44,26379.28,825.47
2020-07-29,9906.38,8700.77,3258.44,26539.57,828.96
2020-07-30,9907.48,8656.46,3246.22,26313.65,828.13
2020-07-31,9994.81,8701.84,3271.12,26428.32,830.77
2020-08-03,10011.72,8734.84,3294.61,26664.4,822.34
2020-08-04,10086.66,8800.84,3306.51,26828.47,832.49
2020-08-05,10215.41,8886.24,3327.77,27201.52,825.37
2020-08-06,10331.09,8952.74,3349.16,27386.98,828.87
2020-08-07,10576.38,9040.58,3351.28,27433.48,843.23
2020-08-10,10864.94,9166.38,3360.47,27791.44,841.03
2020-08-11,10889.53,9116.6,3333.69,27686.91,821.99
2020-08-12,10936.1,9208.97,3380.35,27976.84,836.74
2020-08-13,10886.48,9178.77,3373.43,27896.72,834.39
2020-08-14,10959.54,9183.35,3372.85,27931.02,824.87
2020-08-17,10952.94,9163.87,3381.99,27844.91,823.96
2020-08-18,10865.12,9125.74,3389.78,27778.07,820.37
2020-08-19,10883.12,9107.45,3374.85,27692.88,817.16
2020-08-20,10893.93,9106.56,3385.51,27739.73,810.59
2020-08-21,10940.68,9151.03,3397.16,27930.33,809.61
2020-08-24,11148.61,9282.43,3431.28,28308.46,817.71
2020-08-25,11127.01,9253.63,3443.62,28248.44,810.8
2020-08-26,11126.55,9247.44,3478.73,28331.92,798.89
2020-08-27,11205.61,9298.2,3484.55,28492.27,800.69
2020-08-28,11322.0,9353.92,3508.01,28653.87,800.73
2020-08-31,11185.35,9286.56,3500.31,28430.05,803.22
2020-09-01,11316.69,9339.25,3526.65,28645.66,794.08
2020-09-02,11451.51,9499.77,3580.84,29100.5,818.68
2020-09-03,11168.57,9265.28,3455.06,28292.73,808.12
2020-09-04,11225.51,9238.33,3426.96,28133.31,803.7
2020-09-08,11080.87,9076.56,3331.84,27500.89,798.63
2020-09-09,11244.98,9215.53,3398.96,27940.47,809.51
2020-09-10,11178.97,9099.44,3339.19,27534.58,796.34
2020-09-11,11282.64,9152.92,3340.97,27665.64,799.93
2020-09-14,11380.84,9256.7,3383.54,27993.33,810.94
2020-09-15,11476.96,9291.14,3401.2,27995.6,818.68
2020-09-16,11555.14,9307.08,3385.49,28032.38,814.51
2020-09-17,11552.36,9274.59,3357.01,27901.98,810.81
2020-09-18,11431.92,9178.93,3319.47,27657.42,797.95
2020-09-21,11129.51,9009.48,3281.06,27147.7,793.72
2020-09-22,11215.01,9064.7,3315.57,27288.18,799.37
2020-09-23,11095.09,8912.4,3236.92,26763.13,785.16
2020-09-24,11117.48,8946.61,3246.59,26815.44,795.93
2020-09-25,11270.0,9069.85,3298.46,27173.96,808.13
2020-09-28,11440.95,9188.66,3351.6,27584.06,810.2
2020-09-29,11301.01,9131.83,3335.47,27452.66,808.99
2020-09-30,11229.72,9190.95,3363.0,27781.7,814.7
2020-10-01,11211.11,9211.11,3380.8,27816.9,824.27
2020-10-02,11297.1,9217.9,3348.44,27682.81,832.49
2020-10-05,11482.09,9368.48,3408.63,28148.64,844.57
2020-10-06,11399.14,9289.77,3360.95,27772.76,850.89
2020-10-07,11690.02,9469.63,3419.45,28303.46,859.99
2020-10-08,11762.56,9535.99,3446.83,28425.51,875.3
2020-10-09,11861.95,9588.9,3477.13,28586.9,875.81
2020-10-12,11880.44,9653.91,3534.22,28837.52,882.82
2020-10-13,11783.22,9590.89,3511.93,28679.81,876.05
2020-10-14,11887.49,9579.0,3488.67,28514.0,875.19
2020-10-15,11988.83,9596.37,3483.34,28494.2,875.22
2020-10-16,11836.43,9603.02,3483.81,28606.31,884.52
2020-10-19,11708.09,9484.21,3426.92,28195.42,877.6
2020-10-20,11860.3,9544.31,3443.12,28308.79,881.15
2020-10-21,11725.02,9489.82,3435.56,28210.82,877.1
2020-10-22,11748.55,9549.86,3453.49,28363.66,891.28
2020-10-23,11880.13,9576.2,3465.39,28335.57,893.68
2020-10-26,11604.82,9389.79,3400.97,27685.38,891.98
2020-10-27,11431.61,9307.29,3390.68,27463.19,890.68
2020-10-28,10945.62,8976.63,3271.03,26519.95,865.33
2020-10-29,11183.52,9058.22,3310.11,26659.11,867.65
2020-10-30,11106.19,8994.36,3269.96,26501.6,857.77
2020-11-02,11216.42,9132.36,3310.24,26925.05,876.56
2020-11-03,11559.96,9336.27,3369.02,27480.03,889.78
2020-11-04,11391.91,9352.63,3443.44,27847.66,877.69
2020-11-05,11669.58,9530.97,3510.45,28390.18,885.44
2020-11-06,11614.65,9500.04,3509.44,28323.4,881.76
2020-11-09,11900.46,9753.13,3550.5,29157.97,898.85
2020-11-10,12096.55,9875.34,3545.53,29420.92,916.18
2020-11-11,12006.71,9853.43,3572.66,29397.63,917.19
2020-11-12,11838.75,9730.23,3537.01,29080.17,902.1
2020-11-13,12085.32,9875.68,3585.15,29479.81,910.91
2020-11-16,12394.02,10044.34,3626.91,29950.44,917.38
2020-11-17,12434.97,9989.4,3609.53,29783.35,899.01
2020-11-18,12348.31,9873.75,3567.79,29438.42,881.37
2020-11-19,12350.75,9868.93,3581.87,29483.23,872.94
2020-11-20,12232.1,9801.24,3557.54,29263.48,873.29
2020-11-23,12424.11,9905.81,3577.59,29591.27,873.01
2020-11-24,12715.38,10072.95,3635.41,30046.24,882.62
2020-11-25,12621.42,10016.17,3629.65,29872.47,880.98
2020-11-27,12561.43,9997.83,3638.35,29910.37,873.18
2020-11-30,12450.17,9901.74,3621.63,29638.64,861.74
2020-12-01,12493.74,9958.26,3662.45,29823.92,868.25
2020-12-02,12546.54,9991.95,3669.01,29883.79,874.66
2020-12-03,12586.82,10004.29,3666.72,29969.52,866.89
2020-12-04,12742.08,10067.98,3699.12,30218.26,856.13
2020-12-07,12725.21,10041.5,3691.96,30069.79,859.85
2020-12-08,12777.05,10070.41,3702.25,30173.88,858.36
2020-12-09,12803.02,10052.59,3672.82,30068.81,856.76
2020-12-10,12689.17,10010.3,3668.1,29999.26,854.06
2020-12-11,12672.38,10017.75,3663.46,30046.37,855.1
2020-12-14,12382.97,9916.33,3647.49,29861.55,852.81
2020-12-15,12486.18,10035.91,3694.62,30199.31,871.54
2020-12-16,12497.95,10009.58,3701.17,30154.54,859.59
2020-12-17,12639.18,10080.77,3722.48,30303.37,866.78
2020-12-18,12566.07,10024.91,3709.41,30179.05,857.26
2020-12-21,12485.53,9994.59,3694.92,30216.45,844.96
2020-12-22,12459.81,9945.09,3687.26,30015.51,842.22
2020-12-23,12516.57,9976.14,3690.01,30129.83,840.18
2020-12-24,12522.92,10000.95,3703.06,30199.87,845.97
2020-12-28,12524.02,10047.26,3735.36,30403.97,849.55
2020-12-29,12429.48,10012.73,3727.04,30335.67,848.89
2020-12-30,12459.23,10036.39,3732.04,30409.56,850.59
2020-12-31,12506.93,10108.71,3756.07,30606.48,864.64
2021-01-04,12230.03,9938.66,3700.65,30223.89,843.0
2021-01-05,12359.23,9997.64,3726.86,30391.6,842.21
2021-01-06,12706.32,10182.87,3748.14,30829.4,857.58
2021-01-07,12811.39,10223.99,3803.79,31041.13,844.03
2021-01-08,12875.66,10260.92,3824.68,31097.97,851.28
2021-01-11,12869.55,10228.73,3799.61,31008.69,843.31
2021-01-12,13051.78,10272.4,3801.19,31068.69,839.33
2021-01-13,12971.81,10281.37,3809.84,31060.47,855.74
2021-01-14,13113.11,10290.21,3795.54,30991.52,851.26
2021-01-15,12946.28,10236.57,3768.25,30814.26,861.09
2021-01-19,12900.15,10243.54,3798.91,30930.52,857.45
2021-01-20,13126.0,10354.18,3851.85,31188.38,864.72
2021-01-21,12899.06,10292.29,3853.07,31176.01,857.9
2021-01-22,12856.54,10248.19,3841.47,30996.98,857.94
2021-01-25,12849.82,10263.35,3855.36,30960.0,872.17
2021-01-26,12643.27,10202.13,3849.62,30937.04,864.41
2021-01-27,12277.04,9966.52,3750.77,30303.17,844.37
2021-01-28,12404.96,10067.4,3787.38,30603.36,853.22
2021-01-29,12087.99,9877.01,3714.24,29982.62,852.4
2021-02-01,12250.0,9963.34,3773.86,30211.91,856.58
2021-02-02,12522.98,10125.83,3826.31,30687.48,863.32
2021-02-03,12527.57,10128.83,3830.17,30723.6,860.3
2021-02-04,12707.72,10244.48,3871.74,31055.86,867.61
2021-02-05,12788.51,10287.5,3886.83,31148.24,872.25
2021-02-08,12874.92,10340.99,3915.59,31385.76,865.41
2021-02-09,12959.9,10358.05,3911.23,31375.83,866.03
2021-02-10,12954.53,10377.77,3909.88,31437.8,871.21
2021-02-11,12953.73,10365.44,3916.38,31430.7,864.79
2021-02-12,13175.09,10404.83,3934.83,31458.4,857.1
2021-02-16,13180.74,10408.78,3932.59,31522.75,851.2
2021-02-17,13098.94,10412.33,3931.33,31613.02,853.06
2021-02-18,13049.7,10386.65,3913.97,31493.34,857.98
2021-02-19,13274.21,10415.12,3906.71,31494.32,846.51
2021-02-22,13381.42,10416.13,3876.5,31521.69,830.38
2021-02-23,13403.11,10432.98,3881.37,31537.35,835.85
2021-02-24,13630.55,10547.4,3925.43,31961.86,825.65
2021-02-25,13372.26,10363.89,3829.34,31402.01,814.39
2021-02-26,13331.27,10231.46,3811.15,30932.37,795.61
