date,workplaces,retail_and_recreation,grocery_and_pharmacy,residential,transit_stations,parks
2020-02-15,0.5024025627335825,6.7679180887372015,2.5682722050375606,-0.9881188118811881,4.553895410885806,17.078580481622307
2020-02-16,0.5670767428236673,8.225748770675011,2.7172093023255814,-0.9445407279029463,3.967670011148272,18.12236842105263
2020-02-17,-17.756043956043957,4.049697493517718,-0.3751131221719457,4.405906593406593,1.9032586558044806,28.271604938271604
2020-02-18,-0.006305170239596469,-0.2116591928251121,-1.3771532184950137,1.3457446808510638,2.440041710114703,5.466076696165191
2020-02-19,1.001656314699793,2.2228994340444057,0.6395563770794824,0.34545454545454546,2.6346153846153846,8.153166421207658
2020-02-20,-0.38744769874476986,0.19247404844290658,-0.16757000903342367,1.9222577209797658,2.0982599795291708,-1.3008474576271187
2020-02-21,0.5471621069824418,2.7863829787234042,-1.6326618088298328,1.082046332046332,3.6560077519379846,6.725381414701803
2020-02-22,3.2959390862944162,8.417085427135678,3.7671654929577465,-1.2933673469387754,6.792332268370607,35.68841544607191
2020-02-23,2.76644370122631,8.873594242015294,4.244025735294118,-1.1026058631921825,7.070077864293659,32.39262187088274
2020-02-24,3.010224144710971,1.7662222222222221,0.1295029639762882,0.641213389121339,0.9610655737704918,7.336244541484716
2020-02-25,1.3121434392828035,4.737201365187714,0.8459780621572212,0.33213429256594723,2.4335736354273942,8.347692307692308
2020-02-26,1.7344953384677746,11.062866722548199,4.140044742729306,-0.6142625607779578,4.942655935613682,5.11631419939577
2020-02-27,0.660056657223796,10.388680815647108,3.7782204515272246,-0.14394580863674852,6.108891108891109,10.587278106508876
2020-02-28,2.4504283965728275,10.96107544141252,5.6231884057971016,-1.3491666666666666,7.732758620689655,12.349794238683128
2020-02-29,3.204708290685773,14.824279835390946,8.500639113762249,-2.0836197021764034,10.230849947534104,23.419689119170986
2020-03-01,3.7910124526258797,19.652863436123347,11.94973309608541,-1.786649214659686,12.478405315614618,30.843055555555555
2020-03-02,3.766770670826833,10.73330515638208,6.039947322212467,-0.7693023255813953,3.424742268041237,12.423831070889895
2020-03-03,1.895582329317269,16.152083333333334,11.353759235115167,-1.0908326324642557,4.8516260162601625,22.03791469194313
2020-03-04,2.232699312019425,11.731554814506044,7.11495246326707,-0.7820919175911252,5.300507614213198,20.026113671274963
2020-03-05,2.0539235412474848,11.120987654320988,7.853986135181976,-0.7898089171974523,6.563618290258449,20.54872563718141
2020-03-06,2.320870994248151,8.331701346389229,4.402927249246664,-0.7155635062611807,7.804034582132565,16.74225352112676
2020-03-07,3.6365015166835186,14.061316872427984,9.924216765453005,-1.7715311004784688,12.796610169491526,38.94068965517241
2020-03-08,2.453585325180656,16.944665781319166,11.078641644325291,-1.4941520467836258,14.546265328874025,58.39497041420118
2020-03-09,0.9963384865744508,8.982256020278834,7.376589215256466,-0.018570102135561744,5.3861788617886175,39.13225806451613
2020-03-10,-0.4778387505276488,10.068429890848027,8.445220427760804,0.3129610115911486,5.025614754098361,28.35126582278481
2020-03-11,-0.3991561181434599,11.509166666666667,11.6629261976694,-0.5311244979919679,5.941414141414142,34.67353407290016
2020-03-12,-1.806191687871077,11.515463917525773,23.16508620689655,0.2182468694096601,5.297324083250743,29.145768025078368
2020-03-13,-3.737075928917609,6.502258726899384,26.415211970074814,2.063099041533546,2.3227969348659006,14.435393258426966
2020-03-14,-0.4119772844605059,0.16190075693860387,19.829196466133784,2.7639060568603213,1.118312757201646,14.128589263420723
2020-03-15,-5.097676874340021,-0.08359409924005365,17.98122485471614,3.1316818774445894,0.41776315789473684,18.044098573281453
2020-03-16,-12.523756495916853,-0.7056034482758621,25.655801825293352,5.726294552790854,-5.084158415841584,8.332335329341317
2020-03-17,-18.38236357065414,-12.222129783693843,17.94601654331737,8.552702702702703,-7.493545183714002,18.312302839116718
2020-03-18,-21.907460545193686,-18.098684210526315,13.667102966841187,10.26547455295736,-9.623791102514506,19.756211180124225
2020-03-19,-24.38593974175036,-22.801449859041483,12.03866203301477,12.105189340813464,-14.71264367816092,9.946646341463415
2020-03-20,-25.990538573508005,-27.663304887509696,9.802510460251046,14.08284023668639,-18.119416590701913,10.305013927576601
2020-03-21,-18.60274599542334,-33.65524113192507,5.297343616109683,10.389578163771713,-18.49851924975321,12.314249363867685
2020-03-22,-26.314489311163896,-36.77669902912621,-6.670818505338079,9.742857142857142,-25.579324462640738,5.246851385390428
2020-03-23,-29.924046076313896,-31.244435451234317,-3.0608315098468273,14.65659543109801,-25.329598506069093,-16.151898734177216
2020-03-24,-34.02285714285714,-34.608363490148776,-8.460344827586207,16.419068736141906,-24.055818353831597,0.6765578635014837
2020-03-25,-35.44789436117059,-33.50665590964098,-8.59410234171726,16.639198218262806,-25.216822429906543,3.4545454545454546
2020-03-26,-36.19550481626828,-33.93503387803906,-8.625053441641727,17.054599850411368,-26.73968835930339,16.025236593059937
2020-03-27,-35.89938472674629,-36.52556158017041,-10.539030402629416,18.624509033778477,-30.899733806566104,8.969444444444445
2020-03-28,-27.15426251691475,-40.80512204881953,-12.530434782608696,13.384514435695538,-33.45593869731801,-12.08272506082725
2020-03-29,-31.969768540387342,-38.105397365065876,-15.292651482595616,11.466467958271236,-35.235059760956176,-3.314060446780552
2020-03-30,-36.225493716337525,-33.76869918699187,-12.124260355029586,16.37433561123766,-30.70702402957486,-4.778761061946903
2020-03-31,-38.76797153024911,-34.82624398073836,-11.334188034188035,17.896577946768062,-28.351526364477337,-6.509544787077827
2020-04-01,-39.043462771642325,-30.132632430246662,-3.222077922077922,17.25056433408578,-26.94770642201835,5.449848024316109
2020-04-02,-39.653873489694384,-34.30870607028754,-5.031786941580756,18.34739263803681,-30.145569620253166,2.3273273273273274
2020-04-03,-39.38211968276857,-36.50135922330097,-4.411129568106312,20.061996779388085,-34.172413793103445,-9.215425531914894
2020-04-04,-30.168241115609536,-42.97968936678614,-8.18425460636516,14.052631578947368,-36.462345090562444,-9.441747572815533
2020-04-05,-34.26850984067479,-41.22015241320914,-12.36257562662057,11.796969696969697,-39.55291790306627,4.201324503311258
2020-04-06,-38.98137535816619,-37.762660619803476,-13.383898305084745,17.09189189189189,-32.748387096774195,8.414781297134239
2020-04-07,-41.01349431818182,-37.61457550713749,-11.606808510638297,17.88027628549501,-29.44506001846722,15.143769968051119
2020-04-08,-41.481876332622605,-37.278481012658226,-10.95446735395189,17.815689261233814,-29.68102658111824,11.513343799058084
2020-04-09,-42.05220170454545,-37.7731884057971,-9.307888040712468,19.03875968992248,-32.60826594788859,-6.790229885057471
2020-04-10,-47.46900752418488,-38.69440832249675,-8.944006309148264,21.8323301805675,-37.38447971781305,-4.747311827956989
2020-04-11,-31.458090542357688,-40.85382059800664,-4.025295109612141,13.26514131897712,-37.788022813688215,1.7002518891687657
2020-04-12,-40.76462395543175,-62.02212389380531,-39.985133020344286,12.488958990536277,-46.023529411764706,-22.51860465116279
2020-04-13,-40.48301751877011,-39.25482912332838,-18.041252864782276,18.423622047244095,-35.642595978062154,-22.147339699863576
2020-04-14,-39.26023495906016,-34.79926470588235,-12.63981409759876,17.973384030418252,-29.98165137614679,-0.93993993993994
2020-04-15,-38.963713980789755,-26.697986577181208,-6.684931506849315,17.355957767722472,-28.286501377410467,-2.824891461649783
2020-04-16,-38.91168091168091,-30.30933713471133,-7.974097331240189,18.063878326996196,-30.51177536231884,-0.7312775330396476
2020-04-17,-38.22410682064237,-35.00706486833654,-12.837625178826896,19.60431654676259,-33.19754170324846,-6.0958721704394145
2020-04-18,-26.79864559819413,-36.287779237844944,-10.543445121951219,12.556862745098039,-32.184645286686106,-3.612531969309463
2020-04-19,-31.564539007092197,-36.201062215478,-15.946369636963697,10.640648011782032,-36.372727272727275,7.965333333333334
2020-04-20,-36.73548387096774,-29.45263157894737,-11.588097102584182,16.106382978723403,-30.109563602599813,8.419306184012067
2020-04-21,-38.06098430813124,-29.43587842846553,-9.361022364217252,16.861654135338345,-27.295220243673853,6.587869362363919
2020-04-22,-38.4338078291815,-29.943340691685062,-8.917786561264823,17.02252252252252,-26.921803127874885,3.5640243902439024
2020-04-23,-38.722934472934476,-32.65860597439545,-10.118380062305295,18.23672230652504,-29.332415059687786,-4.550704225352113
2020-04-24,-37.47455792132804,-32.30135222150676,-10.358435916002897,18.543512658227847,-30.18656056587091,1.8109243697478992
2020-04-25,-25.842701722574795,-32.988118811881186,-7.127871362940276,11.154838709677419,-27.801792828685258,19.00138696255201
2020-04-26,-30.369245372567633,-32.01146788990825,-11.170588235294117,9.894890510948905,-31.408580183861083,4.64625850340136
2020-04-27,-34.83033788641265,-24.973384030418252,-7.585542168674698,15.345864661654135,-26.587958607714018,8.574961360123648
2020-04-28,-36.750534568781184,-24.392830470500375,-5.060113728675873,9.791022810890361,-23.38783269961977,21.726973684210527
2020-04-29,-36.9747241011036,-24.098360655737704,-4.470252648736756,16.093144560357675,-23.871028037383176,8.354887218045112
2020-04-30,-36.75098109168748,-24.188993482983346,-3.031050955414013,16.4407796101949,-24.18820224719101,3.2980910425844345
2020-05-01,-35.19168173598553,-22.086899275839368,0.1358574610244989,15.696594427244582,-22.063636363636363,24.153153153153152
2020-05-02,-22.690552259242356,-23.85819397993311,2.336206896551724,8.534912718204488,-18.641450777202074,44.48966613672496
2020-05-03,-25.602001906577694,-21.965732087227416,-1.816987740805604,7.4209039548022595,-22.803364879074657,43.734157650695515
2020-05-04,-32.465107913669065,-18.25115562403698,-1.1995153473344102,13.289512555391433,-22.350435624394965,20.3876582278481
2020-05-05,-33.893928571428575,-17.963636363636365,2.8181818181818183,14.343864805290227,-20.30635838150289,19.8330658105939
2020-05-06,-33.856274579907044,-19.13995485327314,1.1298274445357437,14.24835646457268,-19.640226628895185,23.111831442463533
2020-05-07,-33.761001788908764,-19.35272727272727,2.8485092667203866,14.161667885881492,-19.166034155597725,40.00511073253833
2020-05-08,-33.36939218523879,-23.511490479317136,0.1367713004484305,15.907421576128538,-22.01466544454629,12.23512747875354
2020-05-09,-20.17285648784961,-19.91785471826205,13.25,8.198765432098766,-18.173694779116467,24.718092566619916
2020-05-10,-22.066473988439306,-18.929632525410476,8.015943312666076,5.781767955801105,-21.0875386199794,31.266666666666666
2020-05-11,-30.84390771449171,-21.206923076923076,-4.688051323175621,13.312362838332113,-21.09353905496625,10.001557632398754
2020-05-12,-31.692032868881743,-18.72630780894617,-0.36619718309859156,13.529199711607786,-18.7487922705314,25.51864406779661
2020-05-13,-31.716893342877594,-16.71798780487805,0.9178981937602627,13.261494252873563,-17.641706161137442,36.3785594639866
2020-05-14,-31.989251164457183,-17.12043795620438,1.6778846153846154,13.03735632183908,-18.80552907530982,32.60299003322259
2020-05-15,-31.465892597968068,-18.793122886133034,-0.22800256904303148,13.802264150943396,-19.532033426183844,39.354166666666664
2020-05-16,-17.804956402019275,-18.127314814814813,3.7608856088560887,7.155339805825243,-16.11722731906218,49.01854714064915
2020-05-17,-20.371456030754445,-16.453841187863137,-1.2582508250825082,6.760601915184679,-19.554744525547445,36.688427299703264
2020-05-18,-28.653415251174557,-13.999357739242132,-0.9129540781357094,12.157205240174672,-19.615609756097562,14.827315541601257
2020-05-19,-29.858216970998924,-12.505389980976538,2.6112251882272415,12.484587813620072,-17.00881488736533,29.267886855241265
2020-05-20,-30.2783542039356,-10.854961832061068,4.426420260095825,12.067567567567568,-14.14437984496124,36.36198347107438
2020-05-21,-30.643394199785178,-10.346413243408952,6.683535762483131,11.90759312320917,-12.144508670520231,45.42275042444822
2020-05-22,-31.30359085963003,-12.705040091638029,6.205541237113402,12.209302325581396,-10.509073543457498,47.68360655737705
2020-05-23,-16.60405156537753,-13.79461673493271,9.084444444444445,5.688029020556227,-10.070749736008448,60.78130217028381
2020-05-24,-20.483606557377048,-8.299207397622192,7.770057899090157,4.216101694915254,-16.031948881789138,79.67667844522968
2020-05-25,-66.83416726233024,-15.876347495244135,-1.0584837545126353,18.83651804670913,-25.43398058252427,71.38640776699029
2020-05-26,-28.71295633500358,-9.937139191789608,4.4267386900742745,10.948936170212766,-15.529698149951315,43.84154929577465
2020-05-27,-28.26611747851003,-8.89470365699874,4.258904109589041,11.10056258790436,-13.04039408866995,49.84055459272097
2020-05-28,-27.900609974883388,-9.189975247524753,5.3517382413087935,11.409893992932862,-12.490272373540856,40.29081632653061
2020-05-29,-26.711321441572625,-12.342075256556443,2.3895424836601307,11.453216374269006,-11.635148042024833,47.76229508196721
2020-05-30,-7.605123247945867,-11.45694200351494,6.556457564575646,4.946236559139785,-5.946596858638744,64.49152542372882
2020-05-31,-11.226840260390587,-6.49667994687915,4.974485596707819,4.104979811574697,-6.979189485213581,78.15625
2020-06-01,-25.235698769007964,-3.154397394136808,7.04394861392833,8.890934844192634,-10.25273631840796,48.81949458483754
2020-06-02,-26.594052310999643,-4.014640356460853,7.883831521739131,9.566736547868624,-10.264471057884231,57.54212454212454
2020-06-03,-26.82789530297598,-1.8146496815286624,10.297515110812625,9.375348189415043,-9.340842311459353,54.60837887067395
2020-06-04,-26.93608617594255,-4.531481481481482,9.295347269049225,9.593837535014005,-9.107003891050583,58.75134168157424
2020-06-05,-26.904952658412235,-8.554723502304148,6.063624678663239,9.711988304093568,-9.724708171206226,54.0
2020-06-06,-9.300478468899522,-8.380199179847686,9.10514705882353,4.120098039215686,-5.46259220231823,66.4864406779661
2020-06-07,-12.67394540942928,-4.224934036939314,6.235927152317881,3.5868347338935576,-6.4644030668127055,71.30874785591767
2020-06-08,-25.355130057803468,-4.533116883116883,4.735694822888283,8.606360424028269,-10.429287863590773,51.64042933810376
2020-06-09,-26.394699140401148,-4.89980732177264,5.651907356948229,9.503511235955056,-10.268582755203171,50.41261261261261
2020-06-10,-26.256456241033,-2.4173580089342694,6.968707482993198,9.055594162612925,-8.162451361867705,58.421052631578945
2020-06-11,-26.39770279971285,-2.442379182156134,8.348617666891437,8.742657342657342,-6.729227761485826,63.526802218114604
2020-06-12,-26.508727272727274,-5.832760595647193,6.530144167758847,8.300582241630277,-4.733461169702781,72.92660550458716
2020-06-13,-6.788867562380038,-5.253958944281525,9.81245311327832,2.9909090909090907,0.05754614549402823,87.96715328467154
2020-06-14,-10.341329335332334,-0.7890520694259012,6.9715956558061825,2.4377682403433476,-0.4487750556792873,95.62118491921005
2020-06-15,-25.119202898550725,-1.585445094217024,5.743012951601909,7.961864406779661,-6.4964894684052155,60.72264150943396
2020-06-16,-26.0010756543564,-0.9067092651757188,7.945159106296547,8.50070126227209,-7.162487462387161,70.80343511450381
2020-06-17,-26.379928315412187,0.03974763406940063,8.482058226134056,8.075156576200417,-5.450292397660819,75.59375
2020-06-18,-26.81162540365985,-0.6053283767038414,8.753846153846155,7.999300699300699,-4.291176470588235,76.36520076481835
2020-06-19,-27.429298436932026,-4.252873563218391,7.817532467532468,7.614317019722425,-3.215339233038348,77.43382352941177
2020-06-20,-7.602752728998576,-3.5675990675990676,14.276041666666666,2.334625322997416,1.5373781148429035,84.82405745062836
2020-06-21,-9.74219536757301,-1.8745019920318724,10.837228714524207,0.9467455621301775,-0.8674033149171271,88.28646748681898
2020-06-22,-27.446608946608947,-3.612231620039037,2.7503410641200547,8.30879199428163,-5.447105788423154,57.680373831775704
2020-06-23,-27.892346208869814,-1.262684649967887,6.418243243243243,8.592383638928068,-5.654,70.34042553191489
2020-06-24,-26.725152493720845,0.05357142857142857,7.119128658951668,7.949860724233983,-4.343503937007874,74.54724409448819
2020-06-25,-27.01686401148188,-0.5699322242760321,8.26933514246947,7.944755244755245,-2.5631733594515183,78.82625482625483
2020-06-26,-27.29038112522686,-5.853477765108324,4.687540769732551,8.210526315789474,-1.965953307392996,73.9815157116451
2020-06-27,-8.659513590844062,-6.486910994764398,6.660687593423019,3.115869017632242,3.3063457330415753,78.18363636363637
2020-06-28,-9.357719475277497,-2.205706702057067,4.130686517783292,2.5722145804676755,2.3674832962138086,79.72183098591549
2020-06-29,-26.846625766871167,-0.37919684002633314,4.942955326460481,8.027817403708987,-4.8121212121212125,61.37873134328358
2020-06-30,-27.871198568872988,2.660280970625798,8.189830508474577,8.376669009135629,-4.3340060544904135,64.52115384615385
2020-07-01,-28.568458781362008,7.676154332700822,13.518243243243242,7.548771929824562,-0.4801192842942346,69.84007707129095
2020-07-02,-31.756167322130853,12.751851851851852,21.49633088725817,7.049893086243763,3.87891019172553,87.06653225806451
2020-07-03,-51.299072091363314,5.005790387955993,22.214193548387097,12.341379310344827,-5.086190009794319,93.47755102040816
2020-07-04,-25.605855855855857,-23.119074492099323,6.4395522388059705,3.56781914893617,-15.367875647668393,86.04322200392927
2020-07-05,-16.186159844054583,-6.000652741514361,-0.7983606557377049,2.1138328530259365,0.8008998875140607,77.3125
2020-07-06,-31.321338611011154,1.634553628773282,6.938858695652174,8.533576642335767,-2.6387755102040815,60.1472275334608
2020-07-07,-29.933523945675482,-0.2368919772583702,7.382716049382716,8.770596590909092,-5.19438877755511,64.88372093023256
2020-07-08,-28.622763063707946,0.435031847133758,7.467586206896551,8.364019676739284,-5.163690476190476,67.57925636007828
2020-07-09,-28.85202436402723,-0.8401234567901235,7.876358695652174,8.459802538787024,-4.5964912280701755,72.3409090909091
2020-07-10,-28.586357039187227,-6.377840909090909,3.803257328990228,8.9476401179941,-5.1726829268292684,59.20109689213894
2020-07-11,-8.487630827783065,-6.66532025389498,7.186936936936937,3.302992518703242,0.5735767991407089,77.16455696202532
2020-07-12,-11.807157057654075,-2.282680822826808,4.686776859504132,2.7163531114327064,0.5401129943502825,87.70181818181818
2020-07-13,-27.644893540238183,-1.2018170019467878,5.066252587991719,7.695714285714286,-6.48991935483871,66.63385826771653
2020-07-14,-28.817238912732474,-0.7600258732212161,6.451127819548872,8.288747346072187,-7.024630541871921,76.38522954091816
2020-07-15,-28.042339433082166,0.44565217391304346,7.61533196440794,8.021754385964913,-6.292352371732817,72.12572533849129
2020-07-16,-28.48368590892793,-1.637037037037037,7.6232179226069245,8.288231148696266,-5.213359920239282,75.41941747572815
2020-07-17,-28.584481508339376,-6.231990924560408,4.679921773142112,8.563421828908554,-4.538160469667319,68.99815498154982
2020-07-18,-9.701323251417769,-7.036697247706422,6.750373692077728,3.0930232558139537,0.6779475982532751,83.84469696969697
2020-07-19,-12.877218934911243,-3.1382488479262673,4.183927091963546,2.7113997113997113,-0.744943820224719,84.17710196779964
2020-07-20,-28.249009009009008,-2.848191214470284,3.956343792633015,7.9777936962750715,-6.801010101010101,61.78857142857143
2020-07-21,-29.179120486235252,-2.6796925048046125,4.647906657515443,8.636170212765958,-7.906281156530409,67.5873320537428
2020-07-22,-27.926829268292682,-1.7372122762148337,5.196159122085048,8.38877192982456,-6.6156862745098035,61.69886363636363
2020-07-23,-28.110632183908045,-2.711980136561142,5.909972299168975,8.316420014094433,-5.792527040314651,65.39238095238095
2020-07-24,-28.2453653217012,-6.811224489795919,3.370882740447958,8.407488986784141,-5.209347614410905,66.8195211786372
2020-07-25,-9.83909133932797,-7.561200923787529,5.474588938714499,2.862820512820513,0.3383947939262473,83.30401529636711
2020-07-26,-12.660891089108912,-3.304174950298211,3.17986798679868,2.365217391304348,-0.7396184062850729,85.75367647058823
2020-07-27,-28.322290241267556,-3.0696040868454664,2.8365253077975376,8.035919540229886,-7.530938123752495,58.03415559772296
2020-07-28,-28.435934144595564,-2.798975672215109,3.9679618268575325,8.413597733711049,-8.516898608349901,64.88212180746562
2020-07-29,-28.600500715307582,-1.6605793450881612,4.34716459197787,8.014035087719298,-7.111221449851043,69.0326923076923
2020-07-30,-28.993904625313732,-2.2982241273729334,4.715652768284348,8.184452296819789,-6.166502463054187,65.87947269303201
2020-07-31,-28.50072621641249,-3.4918604651162792,5.603058510638298,7.6708211143695015,-3.941348973607038,68.37453874538745
2020-08-01,-10.009863785814936,-4.7927612375948625,7.759370314842578,2.653944020356234,1.5880434782608697,82.02752293577981
2020-08-02,-12.528888888888888,-1.3618857901726427,4.782644628099174,2.611428571428571,0.3439635535307517,76.27094474153297
2020-08-03,-27.713150289017342,1.580117724002616,7.401509951956074,7.398141529664046,-6.250251256281407,56.76470588235294
2020-08-04,-29.300786838340485,-1.2043561819346573,4.960490463215259,8.307583274273565,-8.3698224852071,60.31153846153846
2020-08-05,-28.09172339663203,0.5982199618563255,6.4717630853994494,7.0867132867132865,-5.6722939424031775,75.91038696537679
2020-08-06,-28.372309899569583,-1.2475369458128078,5.651401230348599,7.272982456140351,-4.541584158415842,70.41666666666667
2020-08-07,-27.919607129865405,-4.901836969001148,2.631372549019608,7.340627279358133,-4.5112855740922475,69.62239089184061
2020-08-08,-9.34185606060606,-4.551483420593368,6.285285285285285,2.1460526315789474,1.4763995609220637,88.67112810707457
2020-08-09,-11.807139315815567,-0.580026455026455,4.398527004909984,1.8193832599118942,2.3643497757847536,85.76867030965391
2020-08-10,-27.721198988804623,-1.9251129761136216,2.0075290896646134,6.954935622317596,-7.090355329949238,56.137142857142855
2020-08-11,-28.4940839010398,-1.1519230769230768,4.218878248974009,7.220650636492221,-7.4595404595404595,70.404
2020-08-12,-27.947292936536392,-0.7866242038216561,4.188356164383562,7.214637579169599,-6.580708661417323,62.04563492063492
2020-08-13,-28.091529073941135,-2.2255685310387214,4.4200411805078925,7.339197748064743,-5.896551724137931,59.41634980988593
2020-08-14,-27.59112404510731,-5.440136830102623,1.7192182410423453,7.330893118594436,-5.449951409135083,66.30434782608695
2020-08-15,-10.38450704225352,-5.352941176470588,4.704511278195489,2.520565552699229,-0.3232104121475054,71.45289855072464
2020-08-16,-12.44863523573201,-1.487162606978275,2.9686727122835945,2.0409026798307477,0.05948372615039282,65.6789667896679
2020-08-17,-32.55760368663594,-10.352657004830919,-4.8961538461538465,6.630977872947894,-29.865853658536587,21.532258064516128
2020-08-18,-31.44786944696283,-10.303514376996805,-3.636,7.025783972125436,-30.8099173553719,27.487179487179485
2020-08-19,-31.68918918918919,-9.770833333333334,-3.7842003853564545,6.783448275862069,-30.262295081967213,21.089430894308943
2020-08-20,-31.83363471971067,-10.090076335877862,-3.1311787072243344,6.664350243224462,-28.971311475409838,24.144
2020-08-21,-31.597560975609756,-12.996057818659658,-3.923469387755102,6.972423802612482,-27.716535433070867,21.456521739130434
2020-08-22,-12.453382084095065,-14.885676741130093,-2.326007326007326,2.298313878080415,-22.90232558139535,32.00684931506849
2020-08-23,-14.360416666666667,-12.24294670846395,-4.469548133595285,1.9579242636746144,-26.331632653061224,30.657342657342657
2020-08-24,-31.40778498609824,-12.533123028391167,-6.132462686567164,6.90148830616584,-31.443089430894307,14.76984126984127
2020-08-25,-31.77958446251129,-11.96984126984127,-4.2810077519379846,7.202223766504517,-31.57201646090535,17.444444444444443
2020-08-26,-30.79406474820144,-10.985826771653544,-3.930188679245283,6.789035392088827,-30.54732510288066,23.169354838709676
2020-08-27,-31.882882882882882,-13.423652694610778,-5.846590909090909,7.187237026647966,-30.65447154471545,19.3671875
2020-08-28,-30.552930056710775,-14.397385620915033,-6.4468802698145025,7.085818181818182,-28.727272727272727,15.963503649635037
2020-08-29,-12.946886446886447,-15.409685863874346,-4.095070422535211,2.8874841972187104,-25.328703703703702,27.867549668874172
2020-08-30,-13.865828092243186,-11.205047318611987,-5.017716535433071,1.637444279346211,-25.605128205128207,35.58450704225352
2020-08-31,-30.295985060690942,-11.655394524959743,-6.2052730696798495,6.4175513092710545,-30.116935483870968,12.782945736434108
2020-09-01,-30.68090909090909,-8.632850241545894,-1.4036144578313252,6.327298050139276,-29.35655737704918,19.552845528455286
2020-09-02,-30.340847610459875,-9.5952,-3.326771653543307,6.278008298755187,-29.881632653061224,18.078125
2020-09-03,-30.57246376811594,-7.789719626168225,0.378698224852071,5.560595322466336,-26.10655737704918,21.826771653543307
2020-09-04,-32.20056497175141,-9.627210884353742,0.14616755793226383,5.399109792284866,-24.110655737704917,28.962406015037594
2020-09-05,-16.472370766488414,-13.376171352074966,0.37117117117117115,1.2092675635276533,-21.50467289719626,45.875
2020-09-06,-17.26086956521739,-9.052547770700636,-2.2292490118577075,0.3408360128617363,-27.597014925373134,54.6865671641791
2020-09-07,-69.1569992266048,-12.512820512820513,-6.570888468809073,15.277951933124347,-39.85770750988142,45.89090909090909
2020-09-08,-32.34267631103074,-12.7584,-3.9568627450980394,6.321152494729445,-30.253061224489795,8.323076923076924
2020-09-09,-30.26912691269127,-12.7015625,-5.2906309751434035,5.9680624556423,-30.771084337349397,6.192592592592592
2020-09-10,-30.500907441016334,-13.402694610778443,-5.334593572778828,5.672362555720654,-30.396,9.2
2020-09-11,-23.50383912248629,-7.495167708925526,-2.6785022595222725,5.002304147465438,-7.938461538461539,55.956239870340355
2020-09-12,-8.951909476661951,-5.614985590778098,1.5260837619397503,1.5897097625329815,-1.9766949152542372,77.52996845425868
2020-09-13,-12.157608695652174,-5.021825396825397,0.13669650122050447,1.9595808383233533,-2.7486278814489573,65.55954323001632
2020-09-14,-21.09206695778748,-4.448231511254019,-0.3421949556918882,5.119733924611974,-9.43996062992126,50.39590443686007
2020-09-15,-22.232683982683984,-2.7375,1.468215994531784,5.761598857958601,-10.061569016881828,55.99094202898551
2020-09-16,-23.301187477509895,-4.416300940438871,-1.9203296703296704,5.610169491525424,-10.208414872798434,54.94570928196147
2020-09-17,-23.19379285456514,-5.228952150211993,-1.4690444145356663,6.107372942018611,-9.142857142857142,48.0034188034188
2020-09-18,-21.49926793557833,-5.169239565465981,-1.8080155138978669,5.40597667638484,-7.029608404966571,54.464516129032255
2020-09-19,-8.567362428842504,-2.3751451800232286,3.382396449704142,1.2211538461538463,-0.6351063829787233,84.72622950819672
2020-09-20,-10.966135458167331,-1.47631754503002,1.0008210180623973,1.6615384615384616,-1.4547461368653423,75.67710049423394
2020-09-21,-22.1765988372093,-4.608695652173913,-1.4103612815269257,5.741415557112824,-9.736894164193867,46.483760683760686
2020-09-22,-22.18567830154732,-5.217884130982368,-0.9620951068228808,6.2939958592132506,-11.95617529880478,46.1891418563923
2020-09-23,-21.138067772170153,-5.4380113278791695,-1.107512060647829,5.819452207937395,-11.36531007751938,45.923986486486484
2020-09-24,-21.267702312138727,-6.213855421686747,-1.2617267165193746,6.071188340807175,-9.914645974781765,39.7504132231405
2020-09-25,-20.428780666422554,-6.952136752136752,-2.236893203883495,5.730251609128145,-8.704588910133843,42.89628482972136
2020-09-26,-6.980842911877395,-4.445344129554656,2.4033923303834808,1.3853564547206165,-3.530982905982906,73.78288431061807
2020-09-27,-10.345154845154845,-3.7634338138925294,-0.264026402640264,1.797969543147208,-2.7027624309392264,59.17391304347826
2020-09-28,-19.939051094890512,-7.163394553514883,-2.2796495956873315,6.1558441558441555,-11.284584980237154,29.312803889789304
2020-09-29,-20.687116564417177,-6.83625,-1.1519507186858315,6.144139091418957,-12.265547877591313,28.632107023411372
2020-09-30,-21.53546993158084,-3.902469917669411,0.7605244996549344,5.1883892999430845,-9.663414634146342,37.616026711185306
2020-10-01,-20.22150072150072,-1.4874310239117106,4.532926001357773,4.456745311554749,-7.224054316197866,40.444628099173556
2020-10-02,-19.91587068332109,-3.741880341880342,2.196520618556701,4.378658536585366,-5.839423076923077,37.88307692307692
2020-10-03,-9.167375886524823,-2.2939110070257613,5.206845238095238,0.6595121951219513,-0.8966986155484558,68.41358024691358
2020-10-04,-12.193389245189936,-2.1856010568031703,1.8949545078577337,1.4904171364148817,-1.5327413984461709,53.484162895927604
2020-10-05,-21.293134762077734,-4.862244897959184,0.9979452054794521,4.706547619047619,-9.097291875626881,34.39344262295082
2020-10-06,-21.845765765765766,-5.006277463904582,1.5504840940525588,4.726218097447796,-10.052052052052051,46.1317157712305
2020-10-07,-21.017638588912888,-5.305728518057285,0.7508555783709788,4.995394358088658,-9.403508771929825,44.696917808219176
2020-10-08,-21.037531577047996,-5.69043266301036,1.034013605442177,5.308873720136519,-7.041747572815534,47.74666666666667
2020-10-09,-21.870411160058737,-7.726598173515982,-1.7952910398953565,5.686320754716981,-6.661821705426356,48.79462875197472
2020-10-10,-8.969267139479905,-6.667626728110599,0.7887836853605243,2.0064516129032257,-3.823404255319149,60.72560975609756
2020-10-11,-11.506958250497018,-5.368010403120937,-1.2837285363859363,2.3033367037411527,-2.734065934065934,40.962852897473994
2020-10-12,-26.78821828695338,-7.448060075093867,-2.7291242362525456,7.277809147374365,-9.127744510978044,25.352657004830917
2020-10-13,-21.296176046176047,-7.383561643835616,-0.7675528289025222,6.038742279618192,-10.852882703777336,35.49498327759197
2020-10-14,-20.54971181556196,-5.065040650406504,0.5570145127850725,5.71875,-8.61078431372549,44.46733668341709
2020-10-15,-21.20851370851371,-5.576219512195122,1.2038303693570451,5.9821328866555,-7.440038684719536,38.94453507340946
2020-10-16,-21.28157121879589,-7.848209209778283,-2.093274111675127,6.348650201033888,-7.577712609970675,24.940564635958395
2020-10-17,-8.898441190363723,-5.474753337202554,1.804154302670623,2.027613412228797,-1.8855614973262032,61.64901664145234
2020-10-18,-11.97732873336619,-6.55685510071475,-1.9332247557003257,2.5069169960474307,-1.448237885462555,38.51457725947522
2020-10-19,-20.236,-9.624688279301745,-3.3544902093180284,6.290776152980877,-10.797830374753453,19.007861635220127
2020-10-20,-20.519494584837545,-9.261978842563783,-2.280163599182004,6.602686066032456,-12.05923000987167,26.145833333333332
2020-10-21,-19.759552992069214,-6.834371108343711,-1.0652920962199313,6.04381586245147,-10.434611602753195,30.823338735818478
2020-10-22,-20.171418260555757,-7.582829504232165,-1.4920962199312715,6.072676056338028,-9.511695906432749,34.29934210526316
2020-10-23,-20.134065934065934,-9.001701644923426,-3.6242737249838606,6.417241379310345,-8.989433237271854,25.516369047619047
2020-10-24,-8.464795432921028,-8.424942263279446,-0.19324026451138868,2.559090909090909,-6.143007360672976,46.2972972972973
2020-10-25,-12.704724409448819,-10.015493867010974,-3.870967741935484,3.099904852521408,-7.447712418300654,17.831955922865014
2020-10-26,-20.215272727272726,-11.370231394621639,-4.350984385607603,6.909346846846847,-13.754437869822485,2.553544494720965
2020-10-27,-21.465367965367964,-10.250775915580386,-2.6584531143052703,7.091973244147157,-13.26197458455523,14.518053375196232
2020-10-28,-20.740447007930786,-9.011764705882353,-2.5941734417344176,6.9446902654867255,-13.521613832853026,10.44104134762634
2020-10-29,-21.725405405405404,-8.866465256797584,-3.0371621621621623,7.052367688022284,-13.050912584053794,2.789865871833085
2020-10-30,-20.33149577361264,-6.3657407407407405,-0.0940337224383917,5.730232558139535,-11.31081081081081,14.520114942528735
2020-10-31,-8.010076775431862,-7.008700696055684,6.423529411764706,1.5399239543726235,-8.880927291886197,47.75609756097561
2020-11-01,-12.680356259277586,-9.818713450292398,-4.536267318663406,3.1071098799630654,-11.668817204301074,8.295945945945945
2020-11-02,-19.88953488372093,-9.312933753943218,-3.0034059945504086,6.343468468468468,-14.757665677546983,5.822458270106222
2020-11-03,-22.89185291997116,-0.17803030303030304,4.031778228532793,6.152551878855861,-13.728164867517174,28.874794069192752
2020-11-04,-20.2858687815429,-10.443478260869565,-4.435286103542234,7.011098779134295,-14.84073359073359,19.276131045241808
2020-11-05,-20.011564871702205,-9.862627474505098,-2.690427698574338,6.703168426903836,-14.161413562559694,20.67550702028081
2020-11-06,-19.768779772810554,-10.783098591549296,-5.9030186255619785,6.990846681922196,-14.13632030505243,24.059941520467838
2020-11-07,-6.908437200383509,-8.643187066974596,-2.026315789473684,3.1850564726324935,-10.968911917098445,44.464080459770116
2020-11-08,-11.369382716049383,-7.978021978021978,-3.8844589096826687,3.0743565300285987,-11.304956896551724,38.21834061135371
2020-11-09,-20.25901639344262,-10.917877447883765,-4.286005434782608,7.011811023622047,-16.17106549364614,12.574923547400612
2020-11-10,-21.49892008639309,-10.23167701863354,-2.7270861833105333,7.445125348189415,-15.75638506876228,10.141524105754277
2020-11-11,-29.07530335474661,-8.634990560100693,-3.7487989018531227,9.644134078212291,-16.827751196172247,0.37858220211161386
2020-11-12,-21.99099099099099,-13.029744199881023,-4.410533423362593,8.352842809364548,-16.466985645933015,-4.224669603524229
2020-11-13,-20.99010989010989,-12.881696428571429,-4.713472485768501,8.23407917383821,-16.337748344370862,0.15491009681881052
2020-11-14,-8.650260293421676,-11.858371559633028,-3.0279206465833948,4.315745393634841,-14.905544147843942,13.587615283267457
2020-11-15,-13.2451171875,-13.030749519538757,-5.68663967611336,4.242124212421242,-15.202572347266882,0.7241379310344828
2020-11-16,-21.029774872912128,-12.410658307210031,-4.046195652173913,7.349689791314157,-16.651750972762645,-1.0555555555555556
2020-11-17,-22.230437903804738,-12.60818350898946,-2.7396329027872195,8.069754464285714,-16.96673189823875,-1.7625570776255708
2020-11-18,-22.37935994246674,-11.876856435643564,-1.9609321453050035,8.090909090909092,-15.909796314258003,-2.578635014836795
2020-11-19,-22.279136690647483,-12.875,-1.5699658703071673,8.114571746384872,-15.139826422372227,3.104321907600596
2020-11-20,-21.426749271137027,-14.086495535714286,-3.9306803594351734,8.35304247990815,-12.935483870967742,9.159663865546218
2020-11-21,-8.131054131054132,-14.728735632183907,-1.0915129151291514,4.53568429890848,-6.861746361746362,18.211286089238847
2020-11-22,-11.91930693069307,-14.293890675241158,-3.6129827444535745,4.525838621940164,-12.540772532188841,-1.1553524804177546
2020-11-23,-25.6566678713408,-9.104392106938256,2.4708304735758406,8.279661016949152,-15.461614173228346,-3.529673590504451
2020-11-24,-27.730714285714285,-4.9683944374209865,10.267201068804276,8.436627582356225,-11.996027805362463,-0.45209580838323354
2020-11-25,-34.566713981547196,7.247148288973384,32.806559571619815,8.469604015616286,-9.253644314868804,1.6260997067448681
2020-11-26,-78.81520912547529,-75.0183908045977,-31.86594982078853,22.09537741369222,-44.47712418300654,-5.811428571428571
2020-11-27,-56.094038325053226,-18.85730149916713,-14.883489096573209,17.242011834319527,-34.202925045703836,15.035612535612536
2020-11-28,-16.909506398537477,-19.366364665911664,-11.061310782241014,6.300165837479271,-15.339193381592555,14.045454545454545
2020-11-29,-15.096805421103582,-16.266283524904214,-10.37758346581876,4.922522522522523,-4.176728869374314,0.6161745827984596
2020-11-30,-22.742545454545454,-13.850062735257215,-6.456021650879567,9.088335220838053,-17.242574257425744,-19.980716253443525
2020-12-01,-23.372619475386273,-10.943644333124608,-1.0041039671682626,8.920358945597307,-15.9130859375,-9.94356005788712
2020-12-02,-22.265754411235147,-11.812034739454095,-2.8214285714285716,8.813927576601671,-16.84149855907781,-5.453608247422681
2020-12-03,-21.781418797263235,-10.738656987295826,0.27137042062415195,8.610678531701891,-16.542145593869733,-4.193313953488372
2020-12-04,-20.4011734506784,-14.395075545607163,-5.787610619469026,9.257323377369328,-19.205103969754255,-5.38903743315508
2020-12-05,-6.501904761904762,-13.147550432276658,-2.5207877461706785,5.0363336085879435,-16.80267214799589,1.9371859296482412
2020-12-06,-11.862783810463968,-13.445019404915913,-5.122186495176849,4.6372637263726375,-18.875,-1.7822685788787485
2020-12-07,-21.569763205828778,-13.448189762796504,-4.463826910074374,8.137210615471485,-20.236893203883493,-12.374647887323944
2020-12-08,-21.061195104391647,-13.000616142945164,-3.446343130553657,8.37890625,-18.70514064015519,-8.04264705882353
2020-12-09,-21.598342939481267,-11.971622455274522,-2.4910591471801924,8.315030504714365,-17.581016299137104,-0.6292466765140325
2020-12-10,-21.402020931071814,-12.232711966325917,-1.0157318741450068,8.449720670391061,-17.49904397705545,1.2485119047619047
2020-12-11,-20.508810572687224,-14.829513694801566,-4.900255754475704,9.43210586881473,-19.281954887218046,-4.831292517006803
2020-12-12,-7.34349690328728,-14.162764134780126,-1.549234135667396,5.3625103220478945,-16.064881565396497,0.28914141414141414
2020-12-13,-12.824889326119036,-15.22669220945083,-4.201775625504439,5.1292947558770345,-18.51961823966066,-3.763496143958869
2020-12-14,-21.910247093023255,-13.32332707942464,-3.155525238744884,8.994334277620396,-20.03216374269006,-21.272108843537413
2020-12-15,-22.405969075871987,-9.236660389202761,3.4757347915242653,8.612073784237005,-17.211089494163424,-13.577142857142857
2020-12-16,-23.803019410496045,-14.217526413921691,-2.0157211209842787,10.475014037057832,-19.29293893129771,-21.98489010989011
2020-12-17,-24.740807498197547,-15.124546553808948,-3.741649625085208,10.902754356379988,-19.804410354745926,-18.05777166437414
2020-12-18,-21.756240822320116,-12.603263927968486,-2.1529947916666665,9.646278130409694,-14.473484848484848,-12.506544502617801
2020-12-19,-7.05515587529976,-11.353110599078342,3.004398826979472,4.805601317957167,-4.447340980187695,-7.033333333333333
2020-12-20,-10.44041708043694,-9.262402088772847,0.5,4.552252252252252,-9.836047774158523,-10.313065976714102
2020-12-21,-27.216763005780347,0.7425227568270482,9.10976430976431,8.212344280860702,-13.774257425742574,-0.6277695716395865
2020-12-22,-29.556468906361687,5.36941472624292,16.3804780876494,8.315466219988833,-12.047197640117995,4.4169184290030215
2020-12-23,-34.12322443181818,13.917245735944409,32.7491661107405,8.517797552836486,-11.57976653696498,1.7042459736456808
2020-12-24,-58.48909218859958,-10.266788766788768,32.144570286475684,15.714695752009185,-31.182070240295747,-15.348005502063273
2020-12-25,-81.1571654790182,-85.80424528301887,-63.58200382897256,26.579683698296837,-51.829450139794965,-33.880145278450364
2020-12-26,-24.716718960107574,-24.831549295774646,-13.67601683029453,8.563179916317992,-23.328282828282827,-11.864077669902912
2020-12-27,-17.233478051133623,-19.512722646310433,-13.57176287051482,5.94464609800363,-11.514038876889849,1.254617414248021
2020-12-28,-36.10454708199069,-8.44359464627151,-3.2995298858294158,12.024599542334096,-17.729227761485827,-0.18020679468242246
2020-12-29,-37.5805535841022,-10.27489041953663,-1.9332425068119892,12.8950056753689,-19.69493177387914,0.48343373493975905
2020-12-30,-37.02982954545455,-5.089930335655478,4.328551912568306,12.567950169875425,-18.16714422158548,-4.560357675111773
2020-12-31,-44.91218130311615,1.9709158415841583,25.482438701126576,12.830402722631877,-26.683768656716417,-6.378531073446328
2021-01-01,-70.67609254498714,-43.14270152505446,-33.734375,26.145112325440195,-47.086837294332724,-18.382978723404257
2021-01-02,-18.35200364298725,-19.208972174900623,-9.3686797752809,8.251046025104603,-18.005117707267143,-5.957160342717258
2021-01-03,-14.713796477495107,-18.79758115849777,-11.829133858267717,6.590744101633394,-13.872317596566523,-15.891443167305237
2021-01-04,-22.86,-8.436655948553055,-1.515997277059224,8.947427925381572,-19.00880626223092,-15.182584269662922
2021-01-05,-22.79899135446686,-10.41993769470405,-0.9972583961617546,9.290106204583566,-18.605882352941176,-11.759071117561684
2021-01-06,-22.217579250720462,-13.794427244582044,-5.278455284552845,9.849972113775795,-19.895693779904306,-15.9056338028169
2021-01-07,-22.204767063921995,-16.046483909415972,-5.072655217965654,10.400336889387985,-21.050332383665715,-16.393732970027248
2021-01-08,-21.252936857562407,-19.704318936877076,-10.991940483570986,11.275782155272307,-23.25512104283054,-21.79345088161209
2021-01-09,-9.175829383886256,-16.63568985176739,-6.656716417910448,6.754545454545455,-19.338792221084955,-11.433491686460808
2021-01-10,-13.919664859536718,-17.306017925736235,-8.757097791798108,6.232579185520362,-21.54736842105263,-12.145341614906833
2021-01-11,-22.34616781692699,-16.784653465346533,-7.787135278514588,9.82396365701306,-22.683653846153845,-22.844086021505376
2021-01-12,-22.221902017291065,-15.64039408866995,-5.949186991869919,9.570386988222097,-20.740058195926284,-14.101428571428572
2021-01-13,-21.98488120950324,-15.624,-7.014666666666667,8.93652561247216,-20.184971098265898,-8.040287769784173
2021-01-14,-22.648201438848922,-18.33629893238434,-9.018433179723502,9.372824256035935,-20.54433962264151,-9.560393258426966
2021-01-15,-24.247080291970804,-21.88925619834711,-13.052825552825553,10.742142025611177,-22.353874883286647,-17.462986198243414
2021-01-16,-11.631431244153415,-20.18876404494382,-10.517433751743376,6.405450041288192,-20.177685950413224,-7.875894988066825
2021-01-17,-15.379444715051145,-18.41101963267891,-12.277995301487863,5.457994579945799,-21.846971307120086,-2.696774193548387
2021-01-18,-36.5426523297491,-15.831891223733004,-10.86472148541114,12.131232091690544,-21.986341463414636,-1.7109826589595376
2021-01-19,-22.52307137707282,-18.847230675593426,-8.204651162790698,8.949551569506726,-21.447162426614483,-12.32905982905983
2021-01-20,-22.081022686352178,-18.95644283121597,-10.83,9.388268156424582,-21.815206929740135,-13.711048158640226
2021-01-21,-21.554834054834053,-18.741592920353984,-9.83005249343832,9.343082114735658,-21.34188034188034,-13.11511789181692
2021-01-22,-20.17931793179318,-19.835274542429286,-11.145872129112352,9.865473441108545,-22.263011152416357,-15.218390804597702
2021-01-23,-9.678942398489141,-18.32274532047646,-9.641949152542374,6.101652892561983,-20.843654822335026,-6.372148859543818
2021-01-24,-13.932876041156296,-22.02202643171806,-13.407582938388625,5.905797101449275,-23.694179894179893,-18.549436795994993
2021-01-25,-22.444969124591356,-22.03063725490196,-13.110602094240837,9.702671972711768,-24.565510597302506,-23.108
2021-01-26,-24.041007194244603,-21.664421310471525,-13.24457593688363,10.177627880831928,-23.859632139399807,-20.430379746835442
2021-01-27,-22.330694494422453,-18.964827167980594,-10.590369393139841,9.559037493005036,-21.802281368821294,-19.354166666666668
2021-01-28,-22.39121037463977,-19.13435474366529,-11.282794990112063,9.631253513209668,-21.252362948960304,-20.093622795115333
2021-01-29,-19.840733944954128,-17.662409772348695,-10.912989434431324,9.281268011527377,-21.318949343339586,-17.27225806451613
2021-01-30,-9.018832391713747,-16.04375,-5.415107913669065,5.706028075970273,-19.891864057672503,-7.942583732057416
2021-01-31,-16.29746835443038,-23.19609079445145,-14.880914826498422,6.32484076433121,-23.06421052631579,-19.807213930348258
2021-02-01,-23.553571428571427,-20.689483509645303,-12.948837209302326,10.294284097340125,-25.52895752895753,-27.367021276595743
2021-02-02,-23.814414414414415,-18.79778051787916,-11.054376657824934,10.007286995515695,-23.684057971014493,-18.07607192254495
2021-02-03,-20.719165767709455,-11.765,-3.530446549391069,7.887402452619844,-19.50574712643678,-11.248939179632249
2021-02-04,-22.123110151187905,-17.076281287246722,-7.057961359093937,8.962837837837839,-20.85188679245283,-16.262723521320495
2021-02-05,-20.45321100917431,-17.975582685904552,-9.716791979949875,9.538818076477405,-21.93626991565136,-17.83312101910828
2021-02-06,-8.825471698113208,-16.521987435751,-3.7214182344428366,5.723738626964433,-20.352820512820514,-11.807646356033453
2021-02-07,-14.845441248171623,-26.33040752351097,-11.366613418530351,5.703266787658802,-26.92075078206465,-26.501800720288117
2021-02-08,-22.321207711895234,-19.493522516964838,-10.993403693931398,8.79683078664403,-21.73904576436222,-20.646657571623464
2021-02-09,-22.759625764663546,-18.14119804400978,-8.380984042553191,9.40625,-21.19573643410853,-18.01123595505618
2021-02-10,-23.010416666666668,-16.65236051502146,-5.521534320323015,9.2908787541713,-20.160765550239233,-16.73006993006993
2021-02-11,-25.980582524271846,-20.24735605170388,-8.794786096256685,11.177200902934537,-22.326723323890462,-28.574772431729517
2021-02-12,-24.434719183078045,-18.57547169811321,-7.198352344740178,11.36316095293434,-21.09794776119403,-27.621489621489623
2021-02-13,-12.94245939675174,-18.13431986340353,-0.9913482335976929,7.193333333333333,-22.49747729566095,-29.565656565656564
2021-02-14,-18.593810444874276,-19.208545918367346,-6.467677573822825,6.735970561177553,-27.512320328542096,-30.644628099173552
2021-02-15,-46.867176128093156,-32.81189320388349,-20.426361802286483,16.989467524868346,-34.62368672397326,-33.29032258064516
2021-02-16,-40.64155749636099,-30.67329716696805,-16.833785617367706,15.855747126436782,-32.699905033238366,-26.40835579514825
2021-02-17,-32.08472121650978,-21.387311178247735,-6.487821380243572,12.13502824858757,-27.661668228678536,-22.5149863760218
2021-02-18,-34.42309084328628,-28.33450497949619,-16.619615639496356,14.823529411764707,-30.859519408502774,-32.70012706480305
2021-02-19,-26.703296703296704,-20.935180055401663,-12.50341827221877,12.225712623618383,-25.787372330547818,-26.59975369458128
2021-02-20,-7.273163706192991,-13.614499424626008,-5.489469862018882,5.2574013157894735,-16.24871001031992,-2.540507859733978
2021-02-21,-10.41284860557769,-12.891318327974277,-7.242375601926164,4.608499095840868,-15.497314715359828,-6.427480916030534
2021-02-22,-19.689617486338797,-14.583489681050656,-8.355704697986576,8.119503945885006,-18.301960784313724,-17.634278002699055
2021-02-23,-19.32418772563177,-8.92364990689013,-3.151351351351351,6.976640711902114,-14.679207920792079,2.265553869499241
2021-02-24,-18.923493323709852,-6.4427050720100185,-2.626381215469613,6.734818941504178,-12.945525291828794,7.21969696969697
2021-02-25,-19.02922077922078,-8.706634205721242,-3.693143245078072,7.026578073089701,-13.38953488372093,-2.2231884057971016
2021-02-26,-18.12205882352941,-11.026121521862578,-7.390536277602524,7.725445146467547,-13.963636363636363,-8.750972762645915
2021-02-27,-7.028978622327791,-7.173963806187975,-3.032665181885672,3.7710241465445464,-10.16961498439126,8.134422110552764
2021-02-28,-10.865575396825397,-7.5267275097783575,-5.262815296989422,3.6871055004508566,-9.38901098901099,0.22626788036410922
2021-03-01,-18.512951477562932,-8.222857142857142,-3.4904891304347827,6.898305084745763,-13.62438057482656,-11.995798319327731
2021-03-02,-19.297541576283443,-7.359198998748435,-2.26566757493188,7.0,-13.33300395256917,-3.674521354933726
