,bp_plc,chevron_corporation,conocophillips,exxon_mobil_corporation,marathon_oil_corporation,marathon_petroleum_corporation,occidental_petroleum_corporation,phillips_66,pioneer_natural_resources_company,valero_energy_corporation
2017-03-01,113.88,113.88,49.05,83.02,16.45,50.99,66.24,79.37,193.52,68.48
2017-03-02,113.36,113.36,48.21,83.3,16.14,51.04,65.5,78.33,191.17,66.45
2017-03-03,113.55,113.55,47.82,82.46,16.18,51.27,64.86,78.34,194.18,66.08
2017-03-06,113.17,113.17,48.32,82.83,16.47,51.15,64.73,78.72,194.01,66.44
2017-03-07,111.81,111.81,47.72,82.52,16.28,50.15,64.7,77.48,193.94,65.62
2017-03-08,109.61,109.61,45.91,81.03,14.87,50.22,62.06,77.25,184.25,66.87
2017-03-09,110.04,110.04,46.48,81.67,16.07,49.28,62.5,76.84,187.75,66.48
2017-03-10,110.61,110.61,45.67,81.61,16.16,49.87,62.6,78.86,184.72,66.57
2017-03-13,109.35,109.35,45.84,81.42,15.84,50.99,62.88,79.01,184.41,67.66
2017-03-14,107.36,107.36,44.94,80.99,15.32,50.01,63.04,78.51,179.31,67.44
2017-03-15,108.88,108.88,45.84,82.0,15.56,51.56,65.06,80.15,184.14,68.73
2017-03-16,107.86,107.86,45.84,82.07,15.55,51.18,63.82,79.69,183.36,68.55
2017-03-17,107.68,107.68,45.69,82.0,15.46,50.79,64.09,79.94,184.79,68.9
2017-03-20,107.66,107.66,45.86,82.0,15.48,50.5,63.66,79.41,183.99,68.53
2017-03-21,108.04,108.04,45.18,81.83,15.05,49.26,63.36,78.6,182.3,67.15
2017-03-22,108.39,108.39,44.65,81.76,15.02,49.57,63.51,78.83,182.33,67.57
2017-03-23,107.87,107.87,44.48,81.86,14.68,49.3,63.04,78.48,181.55,67.1
2017-03-24,107.99,107.99,44.1,81.23,14.61,48.87,62.83,77.27,180.91,65.78
2017-03-27,106.28,106.28,44.29,81.25,14.75,48.83,62.87,77.25,180.4,66.23
2017-03-28,107.17,107.17,45.38,81.84,15.23,49.03,63.4,77.92,185.37,66.29
2017-03-29,108.07,108.07,45.95,82.02,15.85,50.55,63.78,78.32,188.32,67.14
2017-03-30,107.78,107.78,50.0,83.7,15.85,50.14,64.27,78.59,182.48,66.23
2017-03-31,107.37,107.37,49.87,82.01,15.8,50.54,63.36,79.22,186.23,66.29
2017-04-03,107.8,107.8,49.45,82.07,15.82,49.94,63.74,78.29,185.48,66.23
2017-04-04,108.66,108.66,49.73,82.37,16.14,50.3,64.01,78.43,187.81,65.81
2017-04-05,108.64,108.64,49.11,82.53,15.98,49.44,63.43,77.57,188.3,65.09
2017-04-06,109.29,109.29,49.81,83.01,16.31,49.84,63.28,76.88,190.44,65.07
2017-04-07,108.86,108.86,49.54,82.76,16.26,50.02,62.99,77.15,189.83,65.57
2017-04-10,109.43,109.43,50.15,83.13,16.56,50.14,64.14,78.05,190.34,65.35
2017-04-11,108.97,108.97,50.15,82.84,16.6,50.43,64.98,77.88,189.95,65.63
2017-04-12,108.97,108.97,49.44,82.97,16.41,49.94,65.06,77.38,186.9,65.13
2017-04-13,106.1,106.1,48.62,81.69,15.91,49.24,64.09,76.67,182.06,64.68
2017-04-14,,,,,,,,,,
2017-04-17,106.17,106.17,48.95,81.58,16.02,49.9,64.03,77.01,183.01,65.19
2017-04-18,105.68,105.68,48.69,81.05,15.74,48.94,62.7,75.93,180.63,64.15
2017-04-19,104.23,104.23,48.0,80.49,15.06,48.19,61.96,75.33,175.06,63.49
2017-04-20,104.88,104.88,47.95,81.01,15.09,48.54,61.93,75.75,174.44,64.1
2017-04-21,104.89,104.89,47.74,80.69,15.16,48.56,61.86,76.35,174.63,65.23
2017-04-24,105.93,105.93,47.91,81.11,15.15,50.19,62.07,77.51,175.72,66.82
2017-04-25,106.73,106.73,48.79,81.73,15.61,50.03,62.5,78.08,178.35,65.83
2017-04-26,106.08,106.08,48.34,81.4,15.31,49.6,62.43,78.11,176.91,64.9
2017-04-27,105.47,105.47,47.86,81.26,14.88,51.02,61.52,78.05,172.36,65.32
2017-04-28,106.7,106.7,47.91,81.65,14.87,50.94,61.54,79.56,172.99,64.61
2017-05-01,105.92,105.92,47.48,82.06,14.82,50.86,60.82,79.56,172.43,64.36
2017-05-02,105.36,105.36,46.7,82.05,14.64,51.42,60.04,79.26,170.44,64.49
2017-05-03,106.72,106.72,47.08,82.7,14.85,51.24,60.17,79.59,170.81,64.9
2017-05-04,104.81,104.81,45.92,81.64,14.17,49.56,58.02,78.24,165.63,64.37
2017-05-05,105.79,105.79,46.77,82.02,14.29,50.66,60.4,79.35,169.61,65.34
2017-05-08,106.68,106.68,47.13,82.89,14.59,51.34,60.6,79.64,172.46,66.11
2017-05-09,105.08,105.08,46.27,82.31,14.4,51.46,59.88,79.6,169.48,66.63
2017-05-10,106.5,106.5,47.61,81.91,14.7,52.34,61.33,79.75,171.27,66.68
2017-05-11,106.21,106.21,47.42,82.61,14.48,52.51,61.07,79.52,171.26,66.35
2017-05-12,105.96,105.96,46.97,82.55,14.33,52.67,60.87,79.79,171.64,66.42
2017-05-15,106.85,106.85,47.44,82.8,14.54,52.99,61.31,80.12,173.85,65.55
2017-05-16,107.25,107.25,47.13,82.55,14.43,52.48,60.53,78.54,174.79,64.54
2017-05-17,104.7,104.7,46.41,81.99,14.35,52.05,60.27,77.67,173.24,63.8
2017-05-18,105.17,105.17,46.42,81.75,14.12,51.94,60.29,77.55,172.75,63.54
2017-05-19,106.52,106.52,47.48,81.93,14.53,52.78,60.64,78.25,176.62,63.87
2017-05-22,106.12,106.12,46.93,82.29,14.44,52.98,60.59,78.55,173.56,63.84
2017-05-23,106.27,106.27,46.76,82.58,14.56,53.08,61.56,78.14,173.74,64.12
2017-05-24,106.22,106.22,46.67,82.29,14.53,53.13,61.16,78.28,173.66,63.81
2017-05-25,105.11,105.11,45.05,81.75,13.5,52.45,60.71,77.42,168.62,63.19
2017-05-26,104.72,104.72,45.35,81.55,13.52,52.82,61.0,77.44,170.24,62.45
2017-05-29,,,,,,,,,,
2017-05-30,104.06,104.06,44.79,81.1,13.12,52.42,60.12,77.0,165.08,62.09
2017-05-31,103.48,103.48,44.69,80.5,13.02,52.04,58.93,76.11,166.86,61.47
2017-06-01,104.27,104.27,44.86,80.7,13.1,53.13,60.51,76.62,166.97,62.12
2017-06-02,103.11,103.11,44.26,79.5,12.72,52.7,60.7,76.37,164.88,62.1
2017-06-05,103.19,103.19,44.02,80.12,12.78,52.8,60.06,76.86,165.51,62.4
2017-06-06,104.17,104.17,44.48,81.21,12.88,53.09,61.65,77.04,168.71,62.29
2017-06-07,103.77,103.77,43.56,80.91,12.21,52.97,60.13,76.96,164.96,62.3
2017-06-08,104.0,104.0,43.07,80.62,12.09,53.43,58.61,77.4,163.43,63.18
2017-06-09,106.4,106.4,44.82,82.13,12.54,54.71,61.01,79.57,169.45,65.26
2017-06-12,108.04,108.04,45.72,82.93,12.62,54.47,60.85,80.21,167.81,65.92
2017-06-13,108.13,108.13,46.43,82.96,13.01,55.03,61.0,80.63,168.75,66.53
2017-06-14,106.6,106.6,45.42,82.07,12.64,53.35,60.12,78.78,164.86,64.75
2017-06-15,106.33,106.33,45.39,82.26,12.37,52.99,59.4,79.08,158.02,64.69
2017-06-16,108.35,108.35,46.53,83.49,12.52,53.77,61.83,80.94,158.79,65.8
2017-06-19,107.46,107.46,46.36,82.76,12.49,54.29,62.03,81.24,158.79,66.61
2017-06-20,106.48,106.48,45.82,82.31,12.06,52.85,60.77,79.55,157.88,65.65
2017-06-21,104.49,104.49,44.95,81.44,11.61,51.73,59.88,78.89,155.03,64.68
2017-06-22,104.45,104.45,44.81,81.08,11.59,51.17,60.21,78.91,154.75,64.82
2017-06-23,105.0,105.0,44.83,81.61,11.53,51.5,60.12,80.27,155.93,65.98
2017-06-26,104.14,104.14,44.23,81.24,11.53,51.33,60.01,80.24,155.21,66.04
2017-06-27,104.07,104.07,43.97,81.11,11.35,51.85,59.63,80.54,154.27,66.81
2017-06-28,104.28,104.28,43.96,81.53,11.45,52.62,59.57,81.79,155.66,67.47
2017-06-29,104.12,104.12,44.08,80.7,11.71,51.81,59.8,81.87,158.47,67.09
2017-06-30,104.33,104.33,43.96,80.73,11.85,52.33,59.87,82.69,159.58,67.46
2017-07-03,106.3,106.3,45.66,82.1,12.14,53.1,61.26,83.34,162.77,68.02
2017-07-04,,,,,,,,,,
2017-07-05,104.62,104.62,44.16,80.85,11.74,52.9,59.75,82.33,159.41,67.07
2017-07-06,103.82,103.82,43.31,80.12,11.59,52.85,58.87,81.89,156.99,66.46
2017-07-07,103.49,103.49,43.0,80.22,11.47,54.07,58.68,82.6,156.03,68.18
2017-07-10,103.04,103.04,43.24,80.16,11.52,54.08,58.77,82.46,158.47,68.09
2017-07-11,103.12,103.12,43.35,80.6,11.59,54.2,58.94,82.36,160.38,67.93
2017-07-12,103.89,103.89,43.24,80.96,11.43,53.76,59.16,82.24,160.11,68.03
2017-07-13,104.13,104.13,43.25,80.97,11.45,53.84,59.5,81.72,160.65,67.78
2017-07-14,104.44,104.44,43.45,81.28,11.65,53.81,59.82,82.2,160.94,68.04
2017-07-17,104.21,104.21,43.19,80.86,11.59,54.31,60.04,81.81,162.83,67.43
2017-07-18,103.72,103.72,43.07,80.6,11.68,54.83,60.24,81.96,161.5,67.51
2017-07-19,104.46,104.46,43.66,80.85,12.25,55.55,60.89,82.92,163.94,68.03
2017-07-20,104.63,104.63,43.23,80.86,12.1,55.4,60.52,82.36,163.28,67.52
2017-07-21,103.25,103.25,42.65,80.12,11.85,55.34,60.03,82.85,160.21,67.78
2017-07-24,103.2,103.2,42.61,79.87,11.88,55.56,59.41,82.65,160.1,67.68
2017-07-25,104.39,104.39,43.65,80.27,12.34,56.02,61.01,84.45,162.6,68.44
2017-07-26,105.12,105.12,43.7,80.37,12.18,55.66,61.59,83.7,162.6,67.99
2017-07-27,106.11,106.11,44.66,80.83,12.23,56.15,62.14,84.51,163.9,67.59
2017-07-28,108.12,108.12,45.26,79.6,12.36,54.98,62.73,83.65,161.41,66.69
2017-07-31,109.19,109.19,45.37,80.04,12.23,55.99,61.93,83.75,163.1,68.97
2017-08-01,110.78,110.78,44.75,80.17,11.91,56.53,61.53,85.63,163.27,68.82
2017-08-02,110.46,110.46,45.61,80.6,12.04,56.2,61.37,86.67,145.68,68.5
2017-08-03,109.43,109.43,44.91,80.49,12.51,55.89,61.55,85.65,135.12,68.5
2017-08-04,110.11,110.11,45.56,80.21,12.9,55.79,62.09,85.6,135.34,68.53
2017-08-07,109.78,109.78,45.17,80.16,12.35,54.9,61.83,85.07,129.64,68.0
2017-08-08,110.35,110.35,45.63,79.96,12.37,54.44,61.35,85.02,135.38,67.79
2017-08-09,110.89,110.89,45.65,80.21,12.2,52.99,61.66,84.49,137.55,66.93
2017-08-10,110.11,110.11,44.97,78.97,12.05,52.21,61.34,83.64,135.26,66.2
2017-08-11,109.23,109.23,44.79,78.21,12.12,52.16,61.13,83.44,134.02,66.15
2017-08-14,108.71,108.71,44.54,78.23,11.63,52.31,61.24,83.88,132.84,66.79
2017-08-15,108.57,108.57,44.5,78.04,11.53,51.89,60.62,83.68,133.7,67.15
2017-08-16,106.84,106.84,43.69,77.47,11.19,51.06,59.7,83.03,131.63,65.99
2017-08-17,105.92,105.92,43.0,76.26,10.82,49.7,58.92,80.89,131.27,64.55
2017-08-18,106.48,106.48,43.11,76.64,10.87,50.11,59.15,81.56,131.95,64.75
2017-08-21,105.78,105.78,42.5,76.38,10.77,49.45,58.84,81.9,127.94,64.7
2017-08-22,106.36,106.36,43.19,76.74,10.89,49.67,59.16,82.23,128.06,65.58
2017-08-23,106.61,106.61,43.69,76.61,11.02,50.17,59.6,82.36,129.71,65.71
2017-08-24,107.44,107.44,43.3,76.33,10.99,51.13,59.13,83.87,128.41,67.44
2017-08-25,108.23,108.23,43.58,76.72,11.05,51.72,59.22,83.42,129.2,67.67
2017-08-28,107.76,107.76,43.05,76.47,10.92,52.52,59.13,83.65,128.46,68.42
2017-08-29,107.86,107.86,42.85,76.45,10.88,51.43,59.08,83.5,127.96,67.92
2017-08-30,107.73,107.73,43.41,76.1,10.9,52.33,59.17,83.6,128.8,68.41
2017-08-31,107.62,107.62,43.66,76.33,11.12,52.45,59.7,83.81,129.65,68.1
2017-09-01,108.76,108.76,44.24,76.57,11.27,54.28,59.75,84.43,130.64,69.2
2017-09-04,,,,,,,,,,
2017-09-05,109.44,109.44,44.39,77.18,11.29,51.79,60.72,83.24,131.13,67.91
2017-09-06,111.79,111.79,45.06,78.78,11.73,52.37,61.62,83.36,133.08,68.11
2017-09-07,111.8,111.8,45.11,79.03,11.78,52.63,61.86,84.04,131.78,68.86
2017-09-08,110.78,110.78,44.47,78.82,11.31,53.42,60.24,84.7,128.5,69.54
2017-09-11,112.52,112.52,44.93,79.25,11.49,53.75,60.41,85.19,129.69,69.81
2017-09-12,112.49,112.49,44.93,79.5,11.59,53.77,60.78,85.73,129.92,70.21
2017-09-13,114.18,114.18,45.56,79.77,11.91,53.21,61.55,86.35,135.51,71.0
2017-09-14,114.45,114.45,45.83,80.09,11.93,52.34,61.58,86.24,136.93,69.94
2017-09-15,114.63,114.63,46.51,80.07,12.0,52.96,61.35,87.67,136.93,71.13
2017-09-18,115.19,115.19,47.09,80.09,12.02,53.58,61.8,88.31,137.0,72.2
2017-09-19,116.34,116.34,47.55,80.22,12.0,54.2,61.86,89.09,137.09,72.71
2017-09-20,116.37,116.37,48.33,80.55,12.42,54.43,62.49,89.07,141.27,73.18
2017-09-21,116.47,116.47,48.69,79.89,12.73,54.37,62.75,89.14,142.01,73.36
2017-09-22,117.29,117.29,49.08,79.92,12.79,54.73,62.94,89.89,144.01,74.29
2017-09-25,117.99,117.99,49.98,80.98,13.19,55.53,64.58,91.01,146.66,75.12
2017-09-26,117.52,117.52,49.67,80.89,13.4,55.38,64.44,91.35,147.58,74.96
2017-09-27,117.45,117.45,50.22,81.43,13.73,55.24,65.19,91.8,149.58,75.47
2017-09-28,117.62,117.62,50.0,82.19,13.53,55.47,64.97,91.79,147.55,76.74
2017-09-29,117.5,117.5,50.05,81.98,13.56,56.08,64.21,91.61,147.54,76.93
2017-10-02,117.43,117.43,50.31,81.63,13.59,55.89,64.11,92.38,151.29,77.05
2017-10-03,117.82,117.82,49.24,81.76,13.76,56.14,63.98,93.63,153.01,77.57
2017-10-04,117.58,117.58,49.31,81.79,13.9,56.31,64.39,93.43,151.76,77.69
2017-10-05,118.58,118.58,49.7,82.02,13.88,56.25,64.35,93.33,151.16,77.27
2017-10-06,117.03,117.03,48.86,81.71,13.55,56.02,63.91,92.82,150.47,77.23
2017-10-09,117.71,117.71,48.91,82.03,13.58,56.14,64.0,93.32,150.96,77.13
2017-10-10,118.8,118.8,49.19,82.26,13.62,56.25,64.5,93.47,150.67,77.37
2017-10-11,119.33,119.33,49.6,82.6,13.68,56.22,64.39,93.68,149.01,77.92
2017-10-12,119.14,119.14,49.81,82.43,13.62,56.55,64.22,94.34,146.24,77.91
2017-10-13,119.16,119.16,49.4,82.41,13.75,56.37,64.73,94.43,143.92,78.08
2017-10-16,120.13,120.13,49.72,82.81,13.85,55.72,64.77,90.87,143.69,77.42
2017-10-17,120.22,120.22,49.72,82.96,13.96,56.51,64.64,90.63,145.35,77.62
2017-10-18,118.15,118.15,49.71,82.76,13.77,56.75,64.63,90.24,145.09,77.62
2017-10-19,118.2,118.2,49.71,82.74,13.74,57.1,64.84,90.39,142.98,77.63
2017-10-20,118.64,118.64,50.25,83.11,13.93,57.49,65.47,90.8,144.75,77.54
2017-10-23,118.93,118.93,50.26,83.24,13.63,56.34,65.05,91.24,143.93,77.4
2017-10-24,119.23,119.23,50.99,83.47,13.71,56.99,65.82,91.83,143.22,77.69
2017-10-25,118.44,118.44,49.96,83.17,13.48,56.44,65.35,91.71,142.16,77.68
2017-10-26,118.44,118.44,51.46,83.47,13.56,57.27,64.62,91.18,142.31,76.29
2017-10-27,113.54,113.54,51.21,83.71,13.81,58.47,65.05,91.99,145.38,77.75
2017-10-30,114.39,114.39,51.39,83.54,14.16,59.06,64.96,91.02,146.26,78.4
2017-10-31,115.89,115.89,51.15,83.35,14.22,59.74,64.57,91.08,149.67,78.89
2017-11-01,115.9,115.9,52.1,83.87,14.87,60.89,65.46,92.3,153.97,80.71
2017-11-02,115.33,115.33,52.48,83.53,15.44,62.17,67.9,93.46,147.8,81.59
2017-11-03,114.99,114.99,52.96,83.18,15.58,62.2,68.26,93.58,150.29,80.88
2017-11-06,117.04,117.04,53.67,83.75,16.33,62.35,68.82,94.43,158.8,81.45
2017-11-07,117.24,117.24,53.48,83.58,16.16,63.11,68.75,94.57,161.67,81.83
2017-11-08,116.67,116.67,53.52,83.47,15.75,63.22,68.17,94.55,159.57,81.67
2017-11-09,117.24,117.24,53.53,83.97,15.78,61.66,68.7,94.42,161.14,81.28
2017-11-10,117.18,117.18,52.99,82.94,15.62,61.72,68.17,93.66,158.93,81.37
2017-11-13,117.23,117.23,52.57,82.89,15.55,62.2,67.93,93.32,156.92,80.67
2017-11-14,116.92,116.92,51.23,82.24,14.84,62.87,67.32,92.83,152.81,81.37
2017-11-15,116.45,116.45,50.49,81.21,14.79,61.5,66.67,92.57,151.51,81.48
2017-11-16,114.57,114.57,50.22,80.56,14.52,62.01,67.17,92.46,151.04,82.12
2017-11-17,114.71,114.71,50.13,80.24,15.05,62.27,68.4,92.65,152.22,82.88
2017-11-20,114.72,114.72,50.08,80.55,14.47,61.94,67.81,92.62,151.51,82.09
2017-11-21,115.17,115.17,50.01,80.87,14.52,62.29,67.88,93.62,152.23,83.8
2017-11-22,115.91,115.91,50.22,81.1,14.88,62.01,68.23,93.29,154.08,82.35
2017-11-23,,,,,,,,,,
2017-11-24,116.51,116.51,50.47,81.42,15.13,62.03,68.42,93.64,154.1,82.25
2017-11-27,115.59,115.59,49.16,81.11,14.48,61.88,68.08,92.81,150.58,82.12
2017-11-28,116.45,116.45,50.13,81.67,14.56,62.22,68.96,94.05,151.09,83.24
2017-11-29,117.18,117.18,50.73,82.27,14.75,61.4,69.9,94.91,151.16,83.34
2017-11-30,118.99,118.99,50.88,83.29,14.84,62.63,70.5,97.56,156.04,85.62
2017-12-01,119.51,119.51,51.74,83.46,15.08,62.84,70.24,97.57,157.16,84.17
2017-12-04,120.84,120.84,51.29,83.57,14.9,63.3,70.06,97.53,156.35,83.63
2017-12-05,120.39,120.39,51.23,82.89,14.88,64.54,70.0,98.27,153.86,85.78
2017-12-06,119.61,119.61,50.38,82.28,14.45,63.46,69.27,97.59,150.66,84.97
2017-12-07,119.63,119.63,50.54,82.55,14.74,64.0,69.41,97.86,154.25,85.59
2017-12-08,119.92,119.92,51.57,82.66,15.15,64.75,68.87,99.55,155.9,87.6
2017-12-11,120.42,120.42,51.69,83.03,15.15,64.46,69.5,99.72,158.67,87.2
2017-12-12,119.68,119.68,51.96,82.76,15.18,64.49,70.03,99.07,158.99,86.94
2017-12-13,119.93,119.93,51.68,83.12,15.2,64.15,69.97,99.99,157.06,87.45
2017-12-14,119.53,119.53,52.31,82.9,15.12,64.66,70.55,99.55,156.58,87.48
2017-12-15,119.73,119.73,52.17,83.03,15.01,65.75,70.62,99.92,155.83,88.19
2017-12-18,119.7,119.7,52.34,82.94,15.43,66.01,70.97,99.98,159.31,88.93
2017-12-19,119.84,119.84,52.68,82.44,16.02,64.75,70.9,99.14,160.2,88.07
2017-12-20,120.89,120.89,54.25,82.87,16.32,65.66,71.88,100.72,167.2,90.16
2017-12-21,124.82,124.82,55.95,83.85,17.05,66.33,72.58,100.08,168.82,90.72
2017-12-22,124.98,124.98,55.5,83.97,16.9,66.36,72.99,100.89,171.12,91.13
2017-12-25,,,,,,,,,,
2017-12-26,125.98,125.98,56.23,83.98,17.26,66.84,73.54,101.64,173.99,91.86
2017-12-27,125.55,125.55,55.59,83.9,17.01,66.42,73.32,102.06,172.44,92.14
2017-12-28,125.58,125.58,55.18,84.02,17.07,66.4,73.7,101.96,172.58,92.3
2017-12-29,125.19,125.19,54.89,83.64,16.93,65.98,73.66,101.15,172.85,91.91
2018-01-01,,,,,,,,,,
2018-01-02,127.58,127.58,55.32,85.03,17.38,67.18,73.98,101.75,172.92,92.8
2018-01-03,128.51,128.51,56.34,86.7,17.67,68.61,75.0,102.43,176.34,93.29
2018-01-04,128.11,128.11,56.99,86.82,18.12,68.68,74.96,102.15,177.27,93.59
2018-01-05,127.9,127.9,56.88,86.75,17.89,69.34,74.55,102.16,176.51,94.03
2018-01-08,128.53,128.53,57.46,87.14,17.97,69.39,75.19,102.06,178.53,94.22
2018-01-09,127.84,127.84,57.93,86.77,18.05,69.0,74.89,101.72,177.95,94.1
2018-01-10,128.66,128.66,57.65,86.08,17.9,69.51,74.25,102.08,178.7,94.15
2018-01-11,132.57,132.57,59.18,86.93,18.6,70.25,75.82,102.37,184.17,94.55
2018-01-12,133.6,133.6,60.05,87.52,18.82,71.42,76.53,104.97,186.15,96.75
2018-01-15,,,,,,,,,,
2018-01-16,132.01,132.01,58.84,86.97,18.24,70.78,75.27,103.5,182.51,96.15
2018-01-17,132.36,132.36,59.86,88.0,18.84,71.98,75.86,106.16,184.32,97.56
2018-01-18,131.59,131.59,59.76,87.43,18.69,71.49,75.39,105.29,184.38,96.46
2018-01-19,131.3,131.3,59.75,87.15,18.58,71.89,75.55,105.63,183.17,97.26
2018-01-22,132.56,132.56,60.67,88.25,19.28,73.16,77.63,106.66,186.3,98.95
2018-01-23,131.02,131.02,60.47,88.3,19.22,73.12,77.42,106.9,186.01,98.69
2018-01-24,131.39,131.39,60.49,88.53,19.28,71.59,77.56,104.63,188.33,97.66
2018-01-25,130.65,130.65,59.48,88.37,18.68,71.08,76.74,104.17,188.5,97.18
2018-01-26,131.19,131.19,60.39,89.0,18.84,71.74,77.18,106.59,188.36,98.69
2018-01-29,128.48,128.48,59.66,88.01,18.62,70.15,76.24,104.25,187.0,96.39
2018-01-30,125.23,125.23,58.46,86.78,18.06,69.13,74.76,102.28,182.66,94.34
2018-01-31,125.35,125.35,58.81,87.3,18.19,69.27,74.97,102.4,182.91,95.97
2018-02-01,125.57,125.57,59.35,89.07,18.43,68.69,76.1,100.86,186.65,94.69
2018-02-02,118.58,118.58,57.72,84.53,17.52,67.41,73.58,97.01,178.74,93.19
2018-02-05,112.62,112.62,55.94,79.72,16.78,64.58,70.91,95.21,171.82,89.77
2018-02-06,117.18,117.18,55.94,78.35,17.23,65.69,71.22,96.88,173.95,90.46
2018-02-07,115.29,115.29,55.63,76.94,16.33,65.09,69.87,95.61,176.2,89.84
2018-02-08,112.3,112.3,53.24,76.07,15.68,62.79,68.47,92.44,169.16,86.77
2018-02-09,113.5,113.5,52.02,75.78,15.51,63.84,68.18,92.6,165.05,88.22
2018-02-12,113.98,113.98,53.41,76.42,16.27,64.77,69.87,93.59,171.03,88.84
2018-02-13,113.29,113.29,53.32,76.3,16.07,66.08,69.72,93.76,172.17,89.48
2018-02-14,113.63,113.63,55.51,76.46,16.95,68.16,69.85,93.33,179.5,92.63
2018-02-15,112.53,112.53,54.54,76.21,16.32,67.8,69.43,92.77,179.59,93.0
2018-02-16,112.14,112.14,54.65,76.54,15.65,67.93,68.16,91.99,178.79,93.27
2018-02-19,,,,,,,,,,
2018-02-20,110.98,110.98,54.84,75.75,15.85,66.25,67.99,90.99,178.25,91.58
2018-02-21,109.06,109.06,53.75,74.89,15.3,66.27,67.21,89.58,174.73,90.83
2018-02-22,109.89,109.89,54.91,75.86,15.18,66.46,67.92,90.13,177.41,92.05
2018-02-23,112.59,112.59,57.05,77.53,15.54,66.81,68.32,91.83,180.0,92.46
2018-02-26,114.6,114.6,56.59,78.84,15.34,66.29,67.27,92.52,179.69,93.31
2018-02-27,113.61,113.61,55.83,77.5,15.0,65.6,66.75,92.12,174.67,92.77
2018-02-28,111.92,111.92,54.31,75.74,14.52,64.06,65.6,90.37,170.23,90.42
2018-03-01,112.04,112.04,53.88,75.2,14.53,64.79,65.63,90.87,169.16,90.82
2018-03-02,111.64,111.64,54.06,75.55,14.86,65.19,65.64,91.37,168.89,92.2
2018-03-05,113.15,113.15,53.99,76.27,15.15,66.16,65.92,93.06,171.69,91.56
2018-03-06,113.65,113.65,54.06,76.18,15.03,67.39,65.66,93.93,169.96,91.72
2018-03-07,113.84,113.84,54.07,74.26,14.8,67.68,65.19,94.22,170.17,92.04
2018-03-08,113.35,113.35,53.57,74.12,14.83,69.03,62.96,95.19,167.68,93.31
2018-03-09,117.22,117.22,55.06,74.56,15.22,70.22,63.67,95.91,171.53,94.32
2018-03-12,116.79,116.79,54.74,75.24,15.09,69.27,63.89,94.99,171.19,92.69
2018-03-13,116.46,116.46,53.96,74.53,14.82,69.24,64.2,94.55,169.56,93.49
2018-03-14,115.13,115.13,53.96,73.6,14.87,69.36,64.04,94.21,169.04,92.66
2018-03-15,115.58,115.58,54.03,74.42,14.91,68.63,63.91,94.46,166.57,92.33
2018-03-16,115.4,115.4,54.93,75.12,15.12,69.68,64.45,95.79,169.34,93.79
2018-03-19,113.89,113.89,53.57,74.15,14.85,69.21,63.65,94.4,166.24,92.94
2018-03-20,114.5,114.5,54.7,73.99,15.26,71.46,63.91,95.1,169.86,94.47
2018-03-21,117.04,117.04,57.04,75.04,16.32,73.21,66.04,96.15,175.37,95.45
2018-03-22,113.7,113.7,56.5,73.5,15.84,72.97,65.18,94.7,172.34,93.04
2018-03-23,112.98,112.98,57.74,72.89,15.76,71.28,65.49,93.39,172.47,91.22
2018-03-26,115.35,115.35,59.08,74.0,16.27,73.68,67.2,96.0,175.57,94.25
2018-03-27,114.66,114.66,59.14,73.7,15.82,72.88,65.82,95.71,171.75,92.27
2018-03-28,112.1,112.1,58.73,72.81,15.32,71.82,63.15,94.33,167.52,90.28
2018-03-29,114.04,114.04,59.29,74.61,16.13,73.11,64.96,95.92,171.78,92.77
2018-03-30,,,,,,,,,,
2018-04-02,112.24,112.24,58.09,73.22,15.57,71.8,64.67,94.95,166.91,91.56
2018-04-03,114.83,114.83,60.03,75.02,16.0,72.6,66.63,96.18,169.46,92.7
2018-04-04,114.48,114.48,59.56,74.87,15.89,72.57,66.62,95.99,169.28,93.35
2018-04-05,117.29,117.29,60.46,76.02,16.8,73.41,67.77,97.77,172.43,95.86
2018-04-06,114.76,114.76,59.26,74.87,16.24,72.45,67.53,96.97,168.13,95.18
2018-04-09,115.98,115.98,60.62,74.87,16.35,71.67,68.93,97.74,169.35,96.01
2018-04-10,118.85,118.85,62.34,77.07,17.06,73.7,70.51,100.25,178.32,98.89
2018-04-11,119.25,119.25,63.23,77.43,17.52,74.02,71.68,102.55,181.78,100.31
2018-04-12,119.23,119.23,63.24,77.22,17.63,74.25,71.78,102.63,182.61,100.53
2018-04-13,119.92,119.92,64.9,77.84,18.16,74.59,73.63,103.74,188.32,101.83
2018-04-16,120.7,120.7,65.73,78.54,18.19,77.52,74.91,106.82,191.13,105.49
2018-04-17,121.46,121.46,66.51,78.33,18.15,78.55,75.22,107.86,191.13,106.69
2018-04-18,123.82,123.82,66.42,79.22,18.23,78.78,75.92,108.89,194.45,107.54
2018-04-19,123.71,123.71,66.31,79.42,17.99,79.4,75.99,110.64,195.47,108.2
2018-04-20,122.31,122.31,65.79,79.0,18.02,79.76,76.47,110.99,194.95,108.55
2018-04-23,123.58,123.58,65.48,79.57,17.98,79.85,77.24,111.45,197.35,109.26
2018-04-24,122.54,122.54,65.31,78.35,17.71,79.78,77.34,109.23,196.06,108.29
2018-04-25,122.72,122.72,65.06,79.5,17.97,80.23,77.36,109.79,198.9,108.68
2018-04-26,124.22,124.22,66.97,80.86,18.46,82.93,77.6,112.52,200.73,111.54
2018-04-27,126.62,126.62,64.95,77.79,18.11,81.43,77.04,111.34,199.29,109.78
2018-04-30,125.11,125.11,65.5,77.75,18.25,74.91,77.26,111.31,201.55,110.93
2018-05-01,124.86,124.86,65.71,76.95,18.2,72.9,76.58,111.85,198.86,110.72
2018-05-02,125.49,125.49,65.45,76.8,18.3,75.84,76.83,114.52,196.33,112.25
2018-05-03,126.01,126.01,65.99,76.54,19.44,77.46,77.29,115.59,192.14,113.37
2018-05-04,125.53,125.53,66.86,76.9,19.72,76.94,77.71,115.61,194.19,113.39
2018-05-07,124.94,124.94,66.77,77.74,19.77,76.5,77.28,115.41,195.8,113.67
2018-05-08,126.57,126.57,67.74,78.09,20.44,75.31,78.2,116.25,197.65,113.19
2018-05-09,128.72,128.72,68.7,79.93,21.26,77.11,82.4,117.5,201.52,114.82
2018-05-10,128.82,128.82,69.34,81.72,21.14,77.54,83.86,117.96,203.19,114.49
2018-05-11,129.84,129.84,69.44,81.28,21.0,77.33,84.97,117.76,202.17,114.63
2018-05-14,130.39,130.39,69.59,81.83,21.42,78.34,84.89,118.29,201.62,115.87
2018-05-15,129.74,129.74,70.09,81.79,21.27,77.29,84.27,118.32,203.05,115.9
2018-05-16,129.56,129.56,69.85,82.02,21.18,76.73,84.26,118.16,206.08,114.99
2018-05-17,129.46,129.46,70.66,81.88,21.65,80.71,86.16,121.87,212.31,119.71
2018-05-18,127.86,127.86,70.66,81.3,21.41,79.53,86.16,120.33,209.64,120.56
2018-05-21,129.37,129.37,70.66,82.28,21.9,78.85,85.79,121.44,209.84,122.06
2018-05-22,128.23,128.23,70.13,81.64,21.54,78.49,84.95,118.75,202.68,120.15
2018-05-23,128.7,128.7,69.12,82.15,21.63,78.87,85.33,118.95,199.5,121.05
2018-05-24,126.61,126.61,68.45,80.27,21.47,79.11,83.86,118.82,193.23,121.88
2018-05-25,122.19,122.19,65.47,78.71,20.71,77.0,82.4,115.6,190.64,118.73
2018-05-28,,,,,,,,,,
2018-05-29,121.39,121.39,65.71,78.42,20.68,77.61,81.83,116.81,190.88,119.47
2018-05-30,125.16,125.16,68.05,81.5,21.53,79.55,84.07,119.18,196.62,122.21
2018-05-31,124.3,124.3,67.39,81.24,21.43,79.03,84.2,116.49,193.1,121.2
2018-06-01,123.85,123.85,68.29,81.83,21.52,81.92,85.1,119.0,191.91,123.78
2018-06-04,122.26,122.26,67.9,80.97,21.08,81.93,85.36,119.2,190.65,124.44
2018-06-05,122.73,122.73,67.56,80.68,20.58,80.33,85.51,118.83,191.16,123.33
2018-06-06,123.38,123.38,67.88,82.06,20.7,78.76,86.46,116.65,190.98,121.2
2018-06-07,126.96,126.96,69.48,82.88,21.1,79.15,86.48,117.44,195.42,121.49
2018-06-08,126.44,126.44,69.43,83.6,20.99,78.99,85.47,116.84,193.24,119.72
2018-06-11,127.56,127.56,70.49,83.1,21.47,77.77,86.15,117.02,191.54,120.57
2018-06-12,127.08,127.08,69.43,82.42,21.36,75.46,84.93,115.55,192.95,118.02
2018-06-13,127.07,127.07,69.62,81.51,21.47,74.88,84.33,115.75,192.86,117.88
2018-06-14,126.51,126.51,68.13,81.89,21.12,75.19,84.35,115.55,191.45,116.82
2018-06-15,124.04,124.04,65.36,80.66,19.99,73.56,83.33,114.3,184.2,115.18
2018-06-18,125.97,125.97,66.6,80.82,20.32,74.79,83.79,114.94,184.6,116.54
2018-06-19,125.54,125.54,66.26,80.7,20.53,74.52,82.58,114.58,180.14,116.62
2018-06-20,125.29,125.29,66.26,80.45,20.53,73.82,83.24,114.59,183.24,115.73
2018-06-21,122.59,122.59,65.11,79.69,19.92,72.48,82.09,111.45,178.02,111.22
2018-06-22,125.1,125.1,67.78,81.38,21.48,72.62,83.33,112.02,185.65,112.24
2018-06-25,122.61,122.61,66.14,79.74,20.3,69.97,81.35,110.45,182.27,109.26
2018-06-26,124.16,124.16,67.34,80.64,20.73,70.54,82.68,110.81,186.28,110.25
2018-06-27,126.0,126.0,68.74,81.71,21.22,69.2,83.77,110.71,192.8,109.52
2018-06-28,125.66,125.66,68.41,81.97,20.7,69.49,83.4,111.74,188.85,109.11
2018-06-29,126.43,126.43,69.62,82.73,20.86,70.16,83.68,112.31,189.24,110.83
2018-07-02,124.25,124.25,68.59,81.76,20.66,70.27,82.52,110.61,185.21,109.23
2018-07-03,124.73,124.73,69.56,82.24,21.27,70.82,83.86,110.51,186.19,108.17
2018-07-04,,,,,,,,,,
2018-07-05,123.98,123.98,68.93,82.31,20.7,69.6,84.19,110.15,183.33,107.53
2018-07-06,124.14,124.14,69.65,82.33,21.09,70.2,84.25,111.18,185.02,107.83
2018-07-09,125.99,125.99,71.0,82.9,21.91,71.82,85.25,112.59,189.24,109.27
2018-07-10,127.59,127.59,71.74,83.66,21.98,71.87,85.7,113.19,189.82,108.62
2018-07-11,123.52,123.52,70.05,82.59,21.3,69.96,83.93,110.66,182.59,106.36
2018-07-12,124.26,124.26,71.45,82.69,21.43,70.51,84.56,111.14,182.36,106.79
2018-07-13,124.04,124.04,72.0,83.31,21.48,71.74,83.64,111.81,184.55,107.34
2018-07-16,122.98,122.98,70.58,82.49,20.04,71.42,82.53,111.32,183.0,106.3
2018-07-17,121.91,121.91,70.28,82.31,20.06,71.7,82.69,111.06,182.64,106.09
2018-07-18,121.53,121.53,70.35,82.22,20.37,72.56,82.96,110.9,182.24,106.65
2018-07-19,121.67,121.67,69.69,82.01,20.54,72.86,82.98,110.9,182.97,107.0
2018-07-20,122.27,122.27,70.01,81.4,20.48,72.52,83.08,110.36,180.95,106.21
2018-07-23,121.33,121.33,69.98,81.4,20.46,73.0,82.45,110.44,181.31,106.28
2018-07-24,123.85,123.85,70.85,83.01,20.85,73.74,83.46,111.22,187.17,107.27
2018-07-25,124.9,124.9,71.51,83.59,21.18,74.72,84.33,112.35,188.65,109.33
2018-07-26,123.95,123.95,71.8,84.24,21.24,80.16,84.16,116.0,188.45,116.83
2018-07-27,125.97,125.97,71.45,81.92,20.83,80.99,83.47,118.79,186.02,116.35
2018-07-30,127.83,127.83,72.27,81.74,21.11,81.5,83.31,122.15,191.27,117.26
2018-07-31,126.27,126.27,72.17,81.51,21.12,80.83,83.93,123.34,189.27,118.35
2018-08-01,125.39,125.39,71.81,80.39,20.31,80.76,82.64,123.01,187.66,116.78
2018-08-02,123.76,123.76,71.56,79.91,20.83,79.73,82.24,122.05,188.58,115.33
2018-08-03,124.05,124.05,71.29,80.2,20.54,79.09,82.29,121.66,184.11,115.38
2018-08-06,124.3,124.3,71.73,80.18,20.61,79.84,82.3,122.54,186.11,114.89
2018-08-07,125.18,125.18,72.9,81.27,20.72,81.27,81.94,122.72,186.57,116.71
2018-08-08,123.88,123.88,71.39,80.73,20.14,81.69,81.2,122.98,188.03,115.9
2018-08-09,122.53,122.53,71.75,80.32,20.09,80.75,77.79,122.18,185.65,115.14
2018-08-10,123.34,123.34,71.94,79.42,20.38,80.93,78.78,122.59,186.14,115.37
2018-08-13,122.44,122.44,71.07,78.56,20.08,80.09,78.14,121.57,183.12,114.79
2018-08-14,122.58,122.58,72.15,78.31,20.45,80.11,79.66,120.94,183.34,115.05
2018-08-15,117.94,117.94,67.82,76.94,19.0,77.18,76.93,115.38,173.69,111.52
2018-08-16,117.66,117.66,69.41,78.0,19.32,76.69,78.02,114.94,173.09,111.32
2018-08-17,117.8,117.8,69.77,78.26,19.83,77.11,78.55,115.44,173.2,111.0
2018-08-20,117.75,117.75,70.52,78.81,19.98,78.76,79.01,116.08,172.51,113.4
2018-08-21,117.94,117.94,70.89,78.83,20.21,79.01,78.89,116.51,173.74,114.14
2018-08-22,118.92,118.92,72.0,79.96,20.87,80.21,79.33,117.02,176.05,115.68
2018-08-23,118.1,118.1,72.05,79.08,20.78,81.62,78.98,118.37,174.86,118.06
2018-08-24,119.01,119.01,72.61,79.62,20.61,83.82,79.34,119.25,176.04,120.55
2018-08-27,120.35,120.35,72.84,80.4,20.87,83.68,80.21,120.03,177.39,121.21
2018-08-28,119.86,119.86,72.05,80.28,20.7,83.91,80.11,119.75,175.79,120.39
2018-08-29,120.22,120.22,73.54,80.86,21.77,83.72,80.23,120.44,175.62,120.61
2018-08-30,119.81,119.81,73.56,80.51,21.63,83.12,80.13,119.55,174.74,119.05
2018-08-31,118.46,118.46,73.43,80.17,21.51,82.29,79.87,118.51,174.7,117.88
2018-09-03,,,,,,,,,,
2018-09-04,118.87,118.87,73.11,80.29,21.06,84.28,79.27,118.96,171.1,120.24
2018-09-05,118.92,118.92,73.0,81.36,21.21,83.94,79.14,117.99,169.22,116.91
2018-09-06,115.23,115.23,70.54,80.46,20.36,82.8,77.57,116.7,164.63,116.07
2018-09-07,114.6,114.6,70.22,81.83,20.52,82.51,76.65,114.3,162.19,115.08
2018-09-10,114.48,114.48,71.15,81.71,20.35,82.43,76.88,113.95,163.22,115.25
2018-09-11,115.02,115.02,71.47,82.86,20.54,83.52,77.12,112.55,166.42,115.1
2018-09-12,115.79,115.79,71.97,83.13,20.56,84.2,75.74,112.16,169.97,116.31
2018-09-13,116.3,116.3,72.55,82.32,20.67,84.09,76.64,113.02,170.17,116.83
2018-09-14,117.38,117.38,73.5,82.92,20.88,84.34,77.58,113.6,170.43,117.13
2018-09-17,117.51,117.51,74.24,83.41,20.87,83.82,77.6,112.81,171.11,115.46
2018-09-18,118.13,118.13,75.04,83.63,21.5,83.97,78.88,113.3,173.79,115.33
2018-09-19,119.51,119.51,75.53,84.63,21.76,80.54,79.38,109.36,174.0,109.7
2018-09-20,119.42,119.42,75.36,84.82,21.55,81.93,79.23,110.33,171.39,110.48
2018-09-21,121.13,121.13,76.28,85.17,21.86,83.37,79.6,111.66,172.52,112.24
2018-09-24,122.62,122.62,77.06,86.6,22.34,85.79,80.75,113.46,174.85,114.96
2018-09-25,123.37,123.37,78.11,86.5,22.49,85.05,81.31,114.88,177.38,116.76
2018-09-26,121.95,121.95,77.28,85.78,22.44,84.53,81.01,113.89,174.0,116.52
2018-09-27,122.47,122.47,77.52,85.77,22.73,83.04,81.17,112.88,172.0,115.29
2018-09-28,122.28,122.28,77.4,85.02,23.28,79.97,82.17,112.72,174.19,113.75
2018-10-01,124.39,124.39,79.89,85.81,23.86,82.43,83.13,114.48,178.22,113.88
2018-10-02,124.74,124.74,78.28,86.46,23.51,83.28,82.87,114.69,178.19,115.52
2018-10-03,125.31,125.31,78.57,86.15,23.99,86.39,82.45,118.47,183.57,119.99
2018-10-04,124.95,124.95,78.28,85.58,23.72,85.27,82.18,117.7,181.18,117.22
2018-10-05,125.33,125.33,78.39,85.34,23.41,84.51,81.4,118.37,183.38,117.11
2018-10-08,124.84,124.84,78.28,86.13,22.88,83.86,81.75,118.14,181.84,116.18
2018-10-09,126.82,126.82,79.4,86.51,22.93,83.76,82.23,117.68,187.92,115.66
2018-10-10,122.6,122.6,75.09,84.52,21.16,80.65,77.92,113.05,179.3,110.84
2018-10-11,118.43,118.43,72.79,81.6,19.96,78.73,76.53,109.46,171.66,106.89
2018-10-12,117.77,117.77,73.83,81.38,20.52,80.08,76.96,109.46,173.54,108.25
2018-10-15,116.94,116.94,73.27,80.82,20.84,77.79,72.24,107.21,173.29,103.79
2018-10-16,117.51,117.51,73.8,81.2,21.18,80.07,73.12,109.86,173.56,105.91
2018-10-17,117.29,117.29,72.48,81.5,20.89,79.15,72.92,108.78,170.18,103.74
2018-10-18,117.47,117.47,72.59,81.85,20.55,78.82,71.9,109.12,167.9,103.39
2018-10-19,118.14,118.14,72.49,81.97,20.67,73.92,72.18,102.77,166.78,92.76
2018-10-22,117.21,117.21,72.05,81.15,20.46,74.13,72.29,103.15,163.02,92.85
2018-10-23,113.4,113.4,69.22,79.84,19.48,72.09,70.64,99.8,158.98,91.66
2018-10-24,110.21,110.21,65.69,77.62,18.35,68.06,68.23,95.3,149.98,86.69
2018-10-25,111.58,111.58,68.02,78.31,18.79,69.96,68.65,98.49,153.61,87.38
2018-10-26,111.53,111.53,68.48,77.53,18.69,68.86,67.91,99.45,149.66,85.79
2018-10-29,108.93,108.93,67.35,77.05,18.15,67.23,66.46,98.52,143.08,87.38
2018-10-30,110.85,110.85,69.52,78.78,18.68,68.8,67.55,102.06,145.78,90.1
2018-10-31,111.65,111.65,69.9,79.68,18.99,70.45,67.07,102.82,147.27,91.09
2018-11-01,111.17,111.17,69.58,80.67,18.61,71.08,68.35,102.5,149.58,92.51
2018-11-02,114.73,114.73,67.84,81.95,18.21,69.49,68.31,99.01,146.9,91.83
2018-11-05,118.94,118.94,69.03,81.64,18.69,69.76,69.95,100.52,148.28,91.15
2018-11-06,118.9,118.9,69.5,81.99,18.33,68.37,73.34,100.88,148.52,91.28
2018-11-07,120.87,120.87,70.03,83.03,18.51,69.82,73.72,103.12,161.71,92.59
2018-11-08,119.36,119.36,66.91,81.71,18.05,67.7,72.63,98.67,156.51,88.7
2018-11-09,119.51,119.51,66.73,80.87,17.84,67.18,73.55,99.74,159.82,87.58
2018-11-12,117.39,117.39,65.14,79.83,17.26,65.9,72.16,97.67,154.32,85.97
2018-11-13,115.35,115.35,63.72,78.0,16.47,64.17,70.78,94.8,150.3,83.57
2018-11-14,115.72,115.72,64.12,77.39,16.68,63.84,70.95,95.6,150.68,82.34
2018-11-15,116.95,116.95,65.21,78.19,17.15,65.36,72.59,96.23,154.86,83.27
2018-11-16,119.06,119.06,66.12,78.96,17.19,65.44,73.38,96.61,156.49,83.95
2018-11-19,119.42,119.42,66.44,79.22,17.12,63.41,73.36,94.9,157.18,80.69
2018-11-20,116.1,116.1,63.99,76.97,15.93,61.89,70.3,92.54,151.14,78.61
2018-11-21,117.57,117.57,65.48,77.56,16.41,63.73,72.08,93.65,153.96,79.2
2018-11-22,,,,,,,,,,
2018-11-23,113.6,113.6,63.8,75.49,15.65,61.73,69.83,89.0,147.17,77.03
2018-11-26,114.98,114.98,64.7,76.98,16.23,64.18,70.64,92.07,150.24,78.78
2018-11-27,115.21,115.21,65.28,77.05,16.1,63.74,69.38,91.26,147.12,77.43
2018-11-28,118.14,118.14,66.35,78.45,16.49,65.28,70.71,92.63,147.9,79.42
2018-11-29,118.85,118.85,66.87,79.06,16.55,64.9,70.91,92.68,149.17,79.47
2018-11-30,118.94,118.94,66.18,79.5,16.69,65.16,70.27,93.52,147.75,79.9
2018-12-03,120.67,120.67,69.11,81.22,17.55,64.66,71.32,92.09,153.38,81.3
2018-12-04,117.24,117.24,66.92,79.43,16.82,63.34,69.67,91.4,145.68,79.51
2018-12-05,,,,,,,,,,
2018-12-06,115.91,115.91,66.61,78.39,16.22,63.55,67.52,92.6,142.62,78.84
2018-12-07,115.49,115.49,65.91,77.64,16.05,61.56,66.54,90.35,143.0,75.99
2018-12-10,114.94,114.94,65.2,76.54,15.3,60.98,64.44,88.84,140.56,73.38
2018-12-11,115.47,115.47,65.44,76.68,15.33,61.34,64.7,88.42,138.67,73.27
2018-12-12,115.62,115.62,65.27,76.02,15.52,62.04,65.41,89.25,140.36,73.64
2018-12-13,115.94,115.94,66.13,76.98,15.62,62.12,66.68,88.83,138.6,73.46
2018-12-14,113.83,113.83,64.55,75.58,15.04,59.87,65.1,86.83,137.14,73.3
2018-12-17,112.45,112.45,63.12,74.04,14.72,58.84,64.11,85.86,133.43,72.58
2018-12-18,109.74,109.74,61.91,72.0,14.24,58.96,63.14,84.73,132.07,71.06
2018-12-19,107.83,107.83,61.28,70.78,13.86,58.63,62.24,85.16,132.57,70.98
2018-12-20,104.98,104.98,60.0,68.63,13.61,57.42,60.63,82.78,128.62,70.61
2018-12-21,104.21,104.21,59.8,68.12,13.45,56.74,59.98,82.38,125.08,71.64
2018-12-24,100.99,100.99,57.01,65.51,12.66,54.32,57.11,78.5,120.51,68.94
2018-12-25,,,,,,,,,,
2018-12-26,107.39,107.39,61.5,68.64,14.17,58.35,60.6,84.2,130.03,73.31
2018-12-27,109.32,109.32,62.23,68.94,14.29,59.1,60.76,85.82,130.08,74.63
2018-12-28,108.65,108.65,61.67,68.17,14.08,58.24,60.47,84.96,130.51,73.48
2018-12-31,108.79,108.79,62.35,68.19,14.34,59.01,61.38,86.15,131.52,74.97
2019-01-01,,,,,,,,,,
2019-01-02,110.69,110.69,63.38,69.69,14.72,59.64,62.0,88.12,134.3,75.56
2019-01-03,108.57,108.57,62.18,68.62,14.62,58.77,61.24,86.9,134.73,74.2
2019-01-04,110.82,110.82,63.75,71.15,15.41,61.65,63.21,90.84,139.29,77.01
2019-01-07,112.26,112.26,63.47,71.52,15.62,62.26,64.48,91.47,142.32,77.09
2019-01-08,111.77,111.77,64.32,72.04,15.48,62.87,64.99,91.39,142.2,77.36
2019-01-09,113.27,113.27,66.45,72.42,16.07,64.22,65.78,91.99,145.81,77.29
2019-01-10,113.45,113.45,67.94,72.05,16.35,63.63,66.19,92.94,145.24,77.42
2019-01-11,112.54,112.54,66.39,71.72,16.11,64.87,66.22,92.69,142.24,78.47
2019-01-14,111.72,111.72,65.61,71.63,15.83,64.88,65.58,92.83,142.89,78.95
2019-01-15,112.12,112.12,66.03,71.67,15.83,64.33,65.52,92.45,143.03,78.77
2019-01-16,111.4,111.4,65.66,71.64,15.54,64.34,65.14,92.99,143.54,79.0
2019-01-17,111.96,111.96,67.06,72.13,15.79,65.79,65.83,93.42,143.27,80.49
2019-01-18,114.37,114.37,67.9,72.99,16.1,66.09,67.03,95.3,144.9,82.59
2019-01-21,,,,,,,,,,
2019-01-22,112.34,112.34,65.75,71.89,15.69,64.82,65.12,93.0,139.98,82.01
2019-01-23,111.39,111.39,65.86,71.3,15.56,64.85,64.57,92.63,137.42,79.78
2019-01-24,113.51,113.51,66.12,71.4,15.8,63.11,64.98,91.33,138.31,78.95
2019-01-25,113.22,113.22,66.99,71.72,15.9,64.08,66.53,93.02,140.23,82.19
2019-01-28,112.17,112.17,65.35,71.24,15.83,63.72,66.08,92.5,139.71,81.03
2019-01-29,111.83,111.83,65.3,71.51,15.91,64.14,66.48,93.35,140.2,81.14
2019-01-30,113.01,113.01,65.69,72.29,16.02,65.33,66.97,94.53,141.51,83.28
2019-01-31,114.65,114.65,67.69,73.28,15.79,66.26,66.78,95.41,142.32,87.82
2019-02-01,118.37,118.37,68.68,75.92,16.0,65.47,68.04,94.21,143.01,85.26
2019-02-04,119.74,119.74,69.93,74.82,16.15,65.91,67.74,94.76,144.57,84.79
2019-02-05,119.48,119.48,69.26,75.59,15.94,67.18,67.3,95.17,143.59,85.96
2019-02-06,118.88,118.88,69.11,75.26,15.91,66.87,66.63,94.42,141.79,85.92
2019-02-07,118.23,118.23,67.48,74.68,15.27,63.7,64.92,91.74,136.79,83.91
2019-02-08,117.58,117.58,66.26,73.98,15.13,62.72,64.96,93.52,135.71,84.14
2019-02-11,116.95,116.95,66.74,74.1,15.27,61.72,64.84,94.23,137.65,83.34
2019-02-12,118.72,118.72,67.45,75.4,15.45,61.87,65.75,94.0,141.39,82.33
2019-02-13,119.57,119.57,67.78,76.25,15.55,63.65,65.85,96.12,145.95,83.46
2019-02-14,118.16,118.16,69.1,76.27,16.91,64.04,66.57,95.65,143.08,83.61
2019-02-15,119.35,119.35,70.18,77.71,17.08,65.15,67.19,95.99,145.35,84.4
2019-02-18,,,,,,,,,,
2019-02-19,119.31,119.31,69.49,78.23,17.03,65.01,67.63,96.75,145.56,84.79
2019-02-20,120.28,120.28,70.65,78.53,17.08,65.11,68.25,97.45,141.28,85.43
2019-02-21,119.14,119.14,70.24,77.82,16.68,64.66,66.6,96.81,136.15,84.48
2019-02-22,119.39,119.39,69.97,78.42,16.89,65.02,65.93,97.36,142.13,85.32
2019-02-25,119.62,119.62,69.25,78.5,16.67,64.75,66.23,97.29,142.93,84.98
2019-02-26,119.94,119.94,68.92,78.66,16.52,64.59,66.04,97.84,142.76,84.41
2019-02-27,120.08,120.08,69.22,79.47,16.79,63.4,66.65,97.64,141.57,83.09
2019-02-28,119.58,119.58,67.85,79.03,16.6,62.01,66.15,96.36,140.95,81.56
2019-03-01,122.03,122.03,68.93,80.0,17.08,62.68,67.55,97.48,144.46,82.89
2019-03-04,122.12,122.12,69.9,80.31,17.28,62.01,67.45,97.28,144.05,82.53
2019-03-05,123.29,123.29,69.01,80.19,17.27,60.81,67.53,97.46,142.36,81.15
2019-03-06,123.53,123.53,68.29,79.28,16.86,59.93,66.19,97.6,138.75,81.35
2019-03-07,121.94,121.94,67.95,80.16,16.86,58.84,65.74,96.45,136.32,80.59
2019-03-08,121.62,121.62,65.43,79.01,16.27,57.5,62.71,94.31,130.36,79.75
2019-03-11,123.62,123.62,65.87,79.78,16.57,59.2,63.88,96.67,132.44,83.48
2019-03-12,123.9,123.9,65.63,80.0,16.9,58.86,64.2,97.39,135.03,83.85
2019-03-13,124.67,124.67,67.35,80.71,17.32,59.57,65.06,98.08,135.68,84.22
2019-03-14,124.6,124.6,67.02,80.44,17.26,59.69,65.21,98.47,136.37,84.94
2019-03-15,125.31,125.31,67.59,80.15,17.27,60.45,65.47,98.52,135.67,85.08
2019-03-18,125.88,125.88,67.61,81.08,17.39,62.08,67.01,98.72,138.58,86.75
2019-03-19,125.28,125.28,67.35,80.87,17.12,62.03,66.17,98.89,138.21,86.43
2019-03-20,124.69,124.69,67.54,81.32,17.6,62.19,67.26,98.18,144.44,86.44
2019-03-21,125.86,125.86,68.14,81.79,17.69,62.79,67.24,98.55,145.59,86.38
2019-03-22,123.09,123.09,66.07,80.48,16.68,61.3,65.24,95.98,140.56,84.63
2019-03-25,122.89,122.89,67.07,79.92,16.71,61.17,65.13,95.86,139.93,85.48
2019-03-26,124.13,124.13,68.56,80.96,17.11,61.96,67.08,98.02,143.07,87.0
2019-03-27,122.79,122.79,67.91,80.34,17.06,62.19,66.35,97.27,147.15,86.02
2019-03-28,123.02,123.02,67.38,80.74,16.82,60.95,66.57,95.67,152.91,84.83
2019-03-29,123.18,123.18,66.74,80.8,16.71,59.85,66.2,95.17,152.28,84.83
2019-04-01,124.94,124.94,67.69,81.73,17.39,61.05,67.18,95.07,150.99,86.43
2019-04-02,124.93,124.93,66.35,81.38,17.13,59.92,66.63,94.52,148.18,84.45
2019-04-03,123.89,123.89,65.51,80.9,16.93,60.38,66.06,95.04,146.06,84.26
2019-04-04,124.8,124.8,65.16,82.05,17.14,61.35,66.44,96.86,147.52,84.35
2019-04-05,126.42,126.42,66.12,82.49,17.7,63.47,68.04,97.79,150.68,86.69
2019-04-08,126.68,126.68,66.55,83.0,17.6,63.36,68.37,98.3,151.73,86.2
2019-04-09,125.54,125.54,65.7,81.93,17.26,62.16,67.28,97.37,148.94,85.11
2019-04-10,125.49,125.49,66.97,81.56,17.45,63.6,67.18,98.61,150.49,88.43
2019-04-11,125.99,125.99,66.37,81.95,17.19,63.11,67.18,98.51,150.92,89.04
2019-04-12,119.76,119.76,67.37,80.92,17.76,61.59,65.33,97.17,168.32,88.41
2019-04-15,120.14,120.14,66.34,80.65,17.38,60.54,63.36,96.24,167.74,87.65
2019-04-16,121.17,121.17,65.84,81.2,17.47,60.02,63.67,95.98,171.24,88.32
2019-04-17,120.27,120.27,65.78,81.43,17.74,60.24,62.65,96.46,173.0,89.42
2019-04-18,119.86,119.86,65.9,81.13,17.62,59.81,61.82,95.42,175.06,88.04
2019-04-19,,,,,,,,,,
2019-04-22,121.9,121.9,66.96,82.9,18.78,61.13,63.05,97.14,175.89,91.15
2019-04-23,122.02,122.02,66.45,83.38,18.68,61.06,62.36,97.4,175.72,90.28
2019-04-24,118.28,118.28,64.7,81.76,18.15,59.5,62.0,94.28,172.37,87.73
2019-04-25,117.9,117.9,63.97,82.22,17.93,60.65,61.84,95.22,168.01,90.83
2019-04-26,117.1,117.1,62.78,80.49,17.38,60.39,61.31,94.92,164.94,90.08
2019-04-29,117.72,117.72,62.65,79.97,17.15,60.99,60.13,95.36,165.75,89.6
2019-04-30,120.06,120.06,63.12,80.28,17.04,60.87,58.88,94.27,166.46,90.66
2019-05-01,117.81,117.81,62.67,78.67,16.53,59.95,57.48,91.84,157.98,89.77
2019-05-02,116.38,116.38,61.29,77.29,15.52,58.69,57.35,89.1,153.47,88.25
2019-05-03,117.27,117.27,62.01,77.47,15.68,59.96,57.95,89.56,156.09,88.44
2019-05-06,118.4,118.4,61.88,77.13,15.77,59.49,58.77,87.03,156.29,86.39
2019-05-07,118.27,118.27,61.0,76.72,15.51,59.43,59.69,86.55,147.97,84.36
2019-05-08,117.5,117.5,61.43,76.84,15.56,55.23,60.21,85.9,153.77,82.4
2019-05-09,121.19,121.19,61.54,76.77,15.27,52.96,56.33,85.75,153.4,81.74
2019-05-10,121.99,121.99,61.92,76.56,15.26,53.15,54.97,86.65,151.65,83.73
2019-05-13,120.44,120.44,61.19,75.71,15.03,50.72,54.17,85.79,147.22,81.41
2019-05-14,121.64,121.64,62.32,75.81,15.46,51.31,54.55,86.92,150.35,82.96
2019-05-15,122.14,122.14,62.04,76.37,15.43,51.19,54.25,87.3,151.49,83.37
2019-05-16,120.8,120.8,62.57,76.36,15.71,52.86,53.75,88.3,155.09,85.47
2019-05-17,120.52,120.52,62.1,75.91,15.47,51.95,52.76,84.81,154.27,83.71
2019-05-20,120.84,120.84,62.45,75.9,15.54,52.12,53.46,84.52,154.21,82.08
2019-05-21,121.34,121.34,63.62,76.25,15.84,53.28,53.51,86.16,157.91,82.47
2019-05-22,120.57,120.57,63.05,75.56,15.43,51.92,52.78,85.6,153.15,80.35
2019-05-23,117.87,117.87,59.5,73.79,14.56,50.14,52.91,82.27,145.58,75.41
2019-05-24,118.71,118.71,59.88,74.1,14.43,50.29,53.47,82.94,147.0,76.22
2019-05-27,,,,,,,,,,
2019-05-28,118.31,118.31,60.05,72.61,14.33,49.0,52.28,82.52,147.9,75.09
2019-05-29,116.77,116.77,60.14,72.16,14.09,48.99,52.0,82.75,146.59,74.86
2019-05-30,115.38,115.38,58.95,71.97,13.62,47.11,51.91,82.06,144.43,72.87
2019-05-31,113.85,113.85,58.96,70.77,13.15,45.99,49.77,80.8,141.96,70.4
2019-06-03,115.99,115.99,59.42,71.88,13.33,47.13,49.32,82.2,142.61,72.0
2019-06-04,117.3,117.3,59.1,73.59,13.45,48.49,49.69,84.12,144.62,73.85
2019-06-05,117.65,117.65,57.08,72.98,13.19,47.69,47.43,84.83,141.5,73.14
2019-06-06,120.68,120.68,58.2,74.31,13.25,48.1,49.04,84.9,144.0,74.47
2019-06-07,121.48,121.48,58.96,74.58,13.31,46.99,47.84,85.52,144.98,74.73
2019-06-10,122.29,122.29,59.26,74.91,13.45,47.68,47.9,85.9,144.73,75.86
2019-06-11,121.17,121.17,58.73,74.84,13.41,47.77,49.05,84.71,146.13,76.36
2019-06-12,120.19,120.19,58.55,74.03,13.02,46.97,48.79,83.25,141.32,76.5
2019-06-13,120.91,120.91,59.06,74.68,13.28,47.9,49.73,85.24,143.25,77.26
2019-06-14,120.81,120.81,58.82,74.35,12.98,47.96,49.31,85.59,141.58,76.76
2019-06-17,121.39,121.39,59.01,75.09,13.33,48.71,49.81,85.91,144.61,76.93
2019-06-18,122.93,122.93,59.83,75.74,13.67,49.64,50.35,86.8,149.79,77.8
2019-06-19,122.89,122.89,59.65,75.32,13.63,49.66,50.3,87.6,148.44,78.16
2019-06-20,124.28,124.28,60.7,76.61,14.11,51.95,51.3,90.83,154.34,79.75
2019-06-21,124.93,124.93,60.33,77.69,14.05,52.66,50.61,90.58,155.21,81.91
2019-06-24,124.91,124.91,60.52,76.95,13.93,51.6,49.89,89.76,151.28,80.76
2019-06-25,123.64,123.64,59.77,76.27,13.9,51.39,49.38,89.83,148.19,81.63
2019-06-26,123.93,123.93,62.75,76.6,14.39,54.21,50.42,92.76,151.24,84.93
2019-06-27,123.11,123.11,61.27,75.82,14.2,54.37,49.75,91.75,150.81,83.93
2019-06-28,124.44,124.44,61.0,76.63,14.21,55.88,50.28,93.54,153.86,85.61
2019-07-01,124.84,124.84,62.25,76.56,14.25,55.12,49.78,94.06,151.28,84.25
2019-07-02,122.93,122.93,60.1,75.72,13.55,54.49,48.78,95.72,144.5,80.7
2019-07-03,123.35,123.35,60.5,76.44,13.66,54.32,49.17,97.02,145.55,81.98
2019-07-04,,,,,,,,,,
2019-07-05,123.54,123.54,59.9,76.13,13.76,54.87,49.28,96.8,146.52,81.84
2019-07-08,123.6,123.6,59.89,76.48,13.52,54.34,49.3,96.96,145.8,81.36
2019-07-09,123.35,123.35,59.89,76.43,13.54,54.64,49.61,97.72,143.36,82.24
2019-07-10,125.44,125.44,61.21,77.51,13.9,54.98,50.24,98.11,146.6,83.4
2019-07-11,125.43,125.43,61.46,77.57,13.65,55.44,50.44,99.59,144.86,84.43
2019-07-12,125.98,125.98,61.76,77.63,13.92,55.48,51.72,100.33,144.29,84.75
2019-07-15,125.72,125.72,60.65,77.08,13.48,54.83,51.63,101.01,140.69,84.32
2019-07-16,124.76,124.76,59.75,75.93,13.32,55.68,51.1,101.38,140.06,84.21
2019-07-17,124.14,124.14,59.78,75.48,13.22,54.31,51.18,100.79,136.34,83.24
2019-07-18,124.68,124.68,60.32,74.84,13.38,55.36,51.01,101.92,136.1,83.35
2019-07-19,125.04,125.04,60.33,74.99,13.66,55.24,52.33,101.96,138.07,83.65
2019-07-22,125.31,125.31,60.44,75.07,13.67,55.22,52.51,102.55,138.23,84.35
2019-07-23,125.82,125.82,60.28,75.37,13.76,55.71,51.8,102.32,139.97,84.77
2019-07-24,126.54,126.54,60.08,75.36,13.97,57.62,52.05,102.42,139.64,86.17
2019-07-25,125.63,125.63,59.04,74.93,13.75,56.5,51.14,101.57,135.91,83.45
2019-07-26,123.72,123.72,58.75,74.81,13.75,56.84,51.59,102.32,135.68,84.31
2019-07-29,124.23,124.23,58.19,75.34,13.5,56.16,50.91,102.81,133.56,84.03
2019-07-30,124.34,124.34,59.51,75.35,14.13,57.05,52.47,103.61,137.89,84.79
2019-07-31,123.11,123.11,59.08,74.36,14.07,56.39,51.36,102.56,138.04,85.25
2019-08-01,120.74,120.74,58.8,72.46,13.53,55.36,53.17,101.99,127.56,84.34
2019-08-02,120.73,120.73,56.47,71.75,13.28,53.62,51.18,99.52,127.27,82.07
2019-08-05,118.74,118.74,54.68,70.28,12.5,50.67,49.42,95.64,121.84,75.78
2019-08-06,119.38,119.38,54.23,70.96,12.16,49.59,47.58,97.41,120.23,76.84
2019-08-07,119.1,119.1,53.32,70.5,12.05,48.13,46.0,97.33,122.13,75.81
2019-08-08,123.23,123.23,55.07,72.38,12.86,49.52,47.13,100.71,126.78,78.76
2019-08-09,122.42,122.42,54.01,70.84,12.87,48.39,47.13,100.44,126.17,78.85
2019-08-12,121.55,121.55,53.12,69.63,12.74,46.35,44.99,98.31,126.75,77.15
2019-08-13,122.39,122.39,53.87,70.49,12.95,47.15,44.76,99.74,128.36,78.74
2019-08-14,117.74,117.74,51.78,67.65,12.3,44.63,43.7,97.53,122.72,76.0
2019-08-15,116.95,116.95,50.91,67.25,12.02,45.4,43.96,97.47,123.01,76.72
2019-08-16,115.81,115.81,51.47,68.3,12.45,46.22,44.57,98.83,124.61,78.12
2019-08-19,117.31,117.31,53.94,69.45,12.88,47.81,45.58,98.76,128.22,79.7
2019-08-20,116.13,116.13,52.71,69.03,12.62,46.72,45.26,98.68,126.6,78.01
2019-08-21,117.88,117.88,52.63,69.72,12.42,47.23,45.06,99.3,126.94,78.4
2019-08-22,117.73,117.73,52.26,69.57,12.26,46.89,44.7,98.46,126.07,77.42
2019-08-23,115.18,115.18,50.42,67.49,11.75,45.76,42.37,95.18,120.65,74.18
2019-08-26,115.74,115.74,51.37,67.85,11.63,46.04,42.13,96.31,120.25,73.71
2019-08-27,115.83,115.83,50.98,67.19,11.53,45.33,42.35,94.52,118.02,71.71
2019-08-28,116.83,116.83,51.95,67.68,11.94,46.33,43.11,96.17,120.79,72.76
2019-08-29,117.52,117.52,52.29,68.43,12.2,48.56,43.37,98.12,123.36,75.24
2019-08-30,117.72,117.72,52.18,68.48,11.84,49.21,43.48,98.63,123.42,75.28
2019-09-02,,,,,,,,,,
2019-09-03,116.27,116.27,52.04,68.56,11.77,49.64,42.68,99.47,122.46,74.57
2019-09-04,117.25,117.25,53.3,69.29,12.11,50.66,43.58,99.69,124.18,74.78
2019-09-05,117.64,117.64,53.44,70.27,12.54,52.48,45.09,99.8,128.54,76.79
2019-09-06,118.26,118.26,53.63,70.93,12.45,52.47,45.46,100.91,128.87,78.13
2019-09-09,119.39,119.39,54.97,71.49,12.9,53.58,44.97,102.17,132.0,79.38
2019-09-10,121.85,121.85,56.32,72.07,12.83,54.48,46.43,102.96,134.75,81.68
2019-09-11,121.28,121.28,57.2,71.93,13.01,54.11,46.29,102.47,133.41,82.67
2019-09-12,121.42,121.42,56.35,71.98,12.58,53.19,45.4,102.19,130.35,83.7
2019-09-13,121.5,121.5,57.34,72.64,12.7,53.29,45.09,102.77,135.43,85.53
2019-09-16,124.12,124.12,62.53,73.73,14.17,52.41,47.8,104.03,144.24,82.39
2019-09-17,123.89,123.89,61.22,73.17,13.07,53.41,45.15,102.2,139.01,84.31
2019-09-18,124.18,124.18,60.01,72.82,13.03,53.76,44.62,102.99,137.77,83.6
2019-09-19,123.66,123.66,59.97,72.33,13.04,53.92,45.79,103.08,135.93,83.55
2019-09-20,124.32,124.32,60.82,72.08,13.18,55.1,45.7,103.27,134.34,82.85
2019-09-23,124.9,124.9,60.18,72.13,13.1,55.78,45.5,104.26,133.75,84.14
2019-09-24,123.74,123.74,59.3,71.14,12.22,55.48,45.47,103.62,130.83,83.1
2019-09-25,123.51,123.51,59.48,71.35,12.32,60.15,45.33,105.06,128.16,83.66
2019-09-26,120.16,120.16,57.68,70.97,11.94,60.84,45.35,104.56,126.35,83.12
2019-09-27,118.6,118.6,57.9,71.48,12.2,62.42,45.14,103.66,126.32,84.44
2019-09-30,118.6,118.6,56.98,70.61,12.27,60.75,44.47,102.4,125.77,85.24
2019-10-01,116.01,116.01,55.15,68.95,11.79,60.38,43.77,101.03,121.73,85.22
2019-10-02,112.29,112.29,53.07,67.15,11.3,59.2,42.94,98.24,120.98,82.8
2019-10-03,113.15,113.15,53.66,67.98,11.66,60.0,43.2,98.87,124.69,83.54
2019-10-04,113.85,113.85,53.5,68.97,11.56,60.74,43.07,100.86,125.45,84.52
2019-10-07,113.26,113.26,54.6,68.02,11.41,60.4,42.18,101.36,124.54,83.42
2019-10-08,111.71,111.71,53.9,66.7,11.09,59.82,40.83,100.82,123.46,83.32
2019-10-09,113.14,113.14,54.94,67.44,11.19,60.56,40.84,102.71,126.51,85.07
2019-10-10,114.59,114.59,55.88,68.25,11.4,61.93,41.03,106.6,129.35,85.8
2019-10-11,116.15,116.15,56.43,68.98,11.74,63.42,41.12,106.53,132.51,88.0
2019-10-14,116.18,116.18,56.13,69.18,11.78,63.14,40.51,106.65,129.89,88.53
2019-10-15,116.31,116.31,55.95,69.42,11.84,64.05,40.8,107.3,130.41,89.45
2019-10-16,115.11,115.11,54.61,68.23,11.62,62.69,40.34,106.26,128.41,89.09
2019-10-17,115.35,115.35,54.53,68.14,11.55,64.1,40.33,107.21,127.7,90.1
2019-10-18,114.74,114.74,53.95,67.61,11.3,65.14,40.45,107.2,123.36,91.06
2019-10-21,116.61,116.61,55.96,68.74,11.53,64.67,40.82,108.2,125.39,93.21
2019-10-22,117.8,117.8,56.54,69.09,11.73,65.18,42.22,108.77,130.42,94.17
2019-10-23,117.98,117.98,56.25,69.75,12.01,65.87,42.92,109.0,130.6,93.85
2019-10-24,117.58,117.58,56.16,69.09,11.94,66.35,42.29,110.63,129.27,96.91
2019-10-25,118.67,118.67,56.35,69.25,11.98,68.01,42.53,114.42,129.83,99.27
2019-10-28,118.48,118.48,55.68,68.64,11.94,67.58,42.28,117.25,125.55,100.07
2019-10-29,118.13,118.13,57.09,68.44,12.01,68.02,42.33,118.96,127.12,100.82
2019-10-30,116.36,116.36,55.04,67.72,11.56,66.19,41.36,116.45,122.55,98.81
2019-10-31,116.14,116.14,55.2,67.57,11.53,63.95,40.5,116.82,123.02,96.98
2019-11-01,116.21,116.21,57.15,69.6,12.05,66.47,42.29,118.4,127.56,99.86
2019-11-04,121.57,121.57,58.0,71.67,12.52,67.94,44.23,118.54,136.06,101.24
2019-11-05,121.94,121.94,58.51,73.09,12.64,66.44,41.91,118.92,135.86,101.09
2019-11-06,119.9,119.9,57.63,71.49,12.18,64.28,39.61,118.42,133.57,100.35
2019-11-07,121.89,121.89,59.54,73.01,12.56,66.25,39.03,119.57,136.57,101.4
2019-11-08,120.93,120.93,59.16,70.77,12.53,66.23,40.1,119.7,134.99,100.86
2019-11-11,120.81,120.81,58.91,70.34,12.16,65.71,38.88,118.41,133.64,100.68
2019-11-12,120.96,120.96,58.23,69.37,12.01,64.9,38.44,118.1,136.13,100.48
2019-11-13,122.28,122.28,57.56,68.8,11.87,64.25,38.12,118.43,133.5,100.25
2019-11-14,121.96,121.96,57.25,68.5,11.89,64.45,37.76,119.44,132.37,100.82
2019-11-15,120.64,120.64,58.25,69.19,12.1,64.69,38.95,118.36,134.28,100.61
2019-11-18,118.55,118.55,56.7,68.52,11.78,64.54,39.3,118.65,133.2,101.06
2019-11-19,116.45,116.45,57.17,67.82,11.46,61.85,38.14,117.42,129.62,97.62
2019-11-20,117.34,117.34,59.36,68.03,11.69,61.8,38.48,116.06,130.47,97.19
2019-11-21,118.77,118.77,60.21,69.67,11.89,63.24,39.12,118.37,130.74,98.41
2019-11-22,118.63,118.63,59.9,69.37,12.2,62.36,39.58,116.63,129.56,97.51
2019-11-25,118.38,118.38,61.05,68.91,12.11,62.43,39.93,115.42,131.08,97.35
2019-11-26,117.79,117.79,60.11,68.74,11.83,61.67,38.57,114.33,127.68,97.44
2019-11-27,118.07,118.07,60.34,68.7,11.88,61.47,38.75,114.69,130.18,97.1
2019-11-28,,,,,,,,,,
2019-11-29,117.13,117.13,59.94,68.13,11.65,60.64,38.57,114.72,127.84,95.49
2019-12-02,116.8,116.8,60.37,68.42,11.96,60.87,38.68,114.33,126.78,95.6
2019-12-03,115.89,115.89,58.89,67.88,11.76,60.03,38.02,112.75,123.49,93.89
2019-12-04,116.94,116.94,60.63,68.65,12.17,60.03,38.45,112.57,130.51,93.21
2019-12-05,116.33,116.33,59.84,68.41,12.04,59.85,37.98,112.54,128.31,92.99
2019-12-06,118.01,118.01,61.97,69.51,12.45,60.2,39.01,113.56,133.9,93.61
2019-12-09,117.3,117.3,61.83,69.66,12.59,58.43,37.34,111.96,133.19,92.52
2019-12-10,117.89,117.89,61.76,69.06,12.59,58.67,37.57,111.93,134.55,94.57
2019-12-11,116.23,116.23,61.68,68.96,12.61,57.11,37.54,112.21,136.19,92.89
2019-12-12,118.81,118.81,62.59,70.34,13.03,59.0,38.25,113.73,139.55,94.53
2019-12-13,117.96,117.96,62.7,69.23,12.72,58.61,37.71,112.99,139.99,93.81
2019-12-16,119.36,119.36,62.82,70.0,13.13,60.75,38.32,114.14,143.37,95.14
2019-12-17,118.6,118.6,63.52,69.68,13.37,61.21,38.32,113.03,144.03,95.68
2019-12-18,118.55,118.55,63.2,69.87,13.42,60.91,38.67,113.04,145.87,94.51
2019-12-19,118.13,118.13,63.19,69.39,13.18,61.13,38.7,112.81,147.21,94.59
2019-12-20,119.68,119.68,63.72,69.94,13.21,61.61,39.01,113.35,147.6,95.27
2019-12-23,120.33,120.33,64.6,70.29,13.56,60.66,39.71,112.67,150.93,95.24
2019-12-24,120.34,120.34,64.67,70.02,13.62,60.97,39.89,113.2,151.8,95.1
2019-12-25,,,,,,,,,,
2019-12-26,120.6,120.6,65.0,70.13,13.69,60.47,40.15,112.06,152.08,94.42
2019-12-27,120.3,120.3,64.98,69.89,13.48,60.38,40.16,110.6,151.78,93.2
2019-12-30,119.85,119.85,64.61,69.48,13.42,59.67,40.7,110.37,150.87,92.88
2019-12-31,120.51,120.51,65.03,69.78,13.58,60.25,41.21,111.41,151.37,93.65
2020-01-01,,,,,,,,,,
2020-01-02,121.43,121.43,65.46,70.9,13.68,61.91,42.58,112.2,152.34,95.13
2020-01-03,121.01,121.01,65.7,70.33,13.75,58.23,43.61,108.49,153.35,91.52
2020-01-06,120.6,120.6,66.48,70.87,13.96,58.22,45.05,107.81,158.11,91.53
2020-01-07,119.06,119.06,66.48,70.29,13.79,59.14,45.27,108.14,156.95,92.73
2020-01-08,117.7,117.7,64.94,69.23,13.28,58.52,44.98,104.1,152.08,93.09
2020-01-09,117.51,117.51,66.07,69.76,13.45,59.39,45.37,105.62,152.23,95.18
2020-01-10,116.44,116.44,65.42,69.14,13.18,60.22,45.9,104.87,149.4,96.89
2020-01-13,116.66,116.66,65.13,69.8,13.19,59.62,46.57,105.3,146.78,96.25
2020-01-14,116.3,116.3,65.14,69.2,13.28,59.84,47.24,106.38,146.78,95.4
2020-01-15,116.13,116.13,65.0,69.09,13.24,58.13,47.26,104.89,145.4,92.26
2020-01-16,116.89,116.89,65.07,68.82,13.34,57.53,46.67,103.79,146.99,91.98
2020-01-17,115.58,115.58,65.07,68.56,13.21,56.89,45.83,103.31,148.79,91.22
2020-01-20,,,,,,,,,,
2020-01-21,113.31,113.31,64.03,67.58,12.85,56.18,44.32,102.34,147.35,90.25
2020-01-22,112.9,112.9,63.01,67.19,12.45,55.97,43.29,101.86,144.63,89.62
2020-01-23,113.1,113.1,63.14,66.77,12.22,55.33,42.52,102.08,140.43,89.51
2020-01-24,111.85,111.85,62.62,66.32,11.93,54.49,42.22,100.32,142.03,89.26
2020-01-27,110.39,110.39,61.04,64.74,11.69,52.7,41.24,96.92,135.39,85.05
2020-01-28,111.12,111.12,61.18,64.65,11.77,52.93,41.2,96.69,140.97,85.95
2020-01-29,110.37,110.37,60.49,64.11,11.75,53.59,40.47,95.8,138.92,86.46
2020-01-30,111.4,111.4,60.89,64.79,11.86,54.35,40.59,96.41,137.53,88.19
2020-01-31,107.14,107.14,59.43,62.12,11.37,54.5,39.72,91.37,135.0,84.31
2020-02-03,106.28,106.28,59.18,60.73,11.47,52.06,40.08,88.97,132.57,80.25
2020-02-04,106.85,106.85,56.49,59.97,11.77,53.39,40.5,88.72,135.9,81.24
2020-02-05,110.28,110.28,58.78,62.73,12.16,55.54,42.12,92.64,142.19,83.78
2020-02-06,109.49,109.49,58.41,61.88,11.92,55.46,42.12,90.22,140.44,83.27
2020-02-07,108.94,108.94,57.99,61.47,11.68,54.69,41.89,90.33,137.82,84.04
2020-02-10,109.79,109.79,57.87,59.96,11.38,55.07,40.5,90.26,136.75,84.37
2020-02-11,111.21,111.21,58.71,60.53,11.57,56.76,41.17,90.27,136.13,84.24
2020-02-12,112.04,112.04,59.76,61.27,11.61,58.93,42.49,91.14,137.61,85.04
2020-02-13,111.66,111.66,58.82,60.93,11.11,59.5,42.04,90.34,140.04,83.7
2020-02-14,110.08,110.08,58.62,60.65,10.64,58.33,41.6,89.47,139.23,82.64
2020-02-17,,,,,,,,,,
2020-02-18,110.24,110.24,58.3,59.88,10.3,56.47,41.56,88.0,135.56,82.52
2020-02-19,110.74,110.74,59.26,60.34,10.47,57.69,42.51,88.36,141.17,83.23
2020-02-20,109.81,109.81,58.88,59.86,10.25,60.26,42.97,90.19,142.53,84.17
2020-02-21,109.01,109.01,58.44,59.13,10.11,59.13,42.12,89.25,142.25,82.9
2020-02-24,104.71,104.71,56.38,56.36,9.46,55.87,39.48,86.56,135.97,78.1
2020-02-25,100.71,100.71,53.83,54.2,8.92,53.12,36.19,82.81,130.09,74.44
2020-02-26,98.04,98.04,51.17,53.01,8.41,52.27,34.22,80.33,125.49,71.72
2020-02-27,94.13,94.13,47.13,49.82,7.93,47.93,31.81,74.26,122.67,66.19
2020-02-28,93.34,93.34,48.42,51.44,8.28,47.42,32.74,74.86,122.78,66.25
2020-03-02,93.34,93.34,48.42,51.44,8.28,47.42,32.74,74.86,122.78,66.25
2020-03-03,96.59,96.59,49.23,53.88,8.34,47.73,32.95,75.11,124.32,67.87
2020-03-04,94.39,94.39,48.12,51.3,8.08,45.17,32.99,72.86,120.03,64.44
2020-03-05,98.53,98.53,49.43,52.42,8.11,45.88,32.93,74.63,123.5,64.15
2020-03-06,97.19,97.19,47.7,50.11,7.8,41.21,31.48,71.98,118.61,61.7
2020-03-09,81.53,81.53,33.3,40.88,4.08,32.0,15.5,61.99,70.4,60.57
2020-03-10,26.79,84.98,34.88,43.41,4.4,34.52,14.34,63.36,79.86,60.45
2020-03-11,84.98,84.98,34.88,43.41,4.4,34.52,14.34,63.36,79.86,60.45
2020-03-12,21.57,76.26,28.2,37.18,3.98,22.89,11.89,46.4,60.68,43.96
2020-03-13,22.17,83.42,31.38,38.12,4.53,24.92,14.26,54.36,70.68,49.9
2020-03-16,83.42,83.42,31.38,38.12,4.53,24.92,14.26,54.36,70.68,49.9
2020-03-17,69.7,69.7,26.08,34.49,4.0,20.29,12.02,48.27,59.72,41.63
2020-03-18,16.11,55.05,22.67,33.12,3.45,16.75,10.53,42.97,56.77,35.02
2020-03-19,56.62,56.62,25.45,33.37,3.82,16.61,10.48,45.39,59.15,36.95
2020-03-20,59.89,59.89,27.95,32.83,3.5,18.68,10.1,48.77,62.27,38.83
2020-03-23,53.63,53.63,24.39,31.47,3.38,16.65,9.63,42.32,61.84,32.97
2020-03-24,22.12,66.55,30.74,35.44,3.61,17.5,10.72,45.58,72.62,34.65
2020-03-25,24.29,69.27,30.94,37.29,3.58,21.11,12.0,50.5,72.31,39.63
2020-03-26,24.42,76.38,32.09,38.82,3.88,23.14,12.83,54.39,74.34,45.6
2020-03-27,22.35,68.78,29.25,36.95,3.52,23.15,11.61,52.32,68.65,45.04
2020-03-30,68.78,68.78,29.25,36.95,3.52,23.15,11.61,52.32,68.65,45.04
2020-03-31,71.95,71.95,29.29,38.3,3.35,25.31,11.71,55.08,69.35,48.03
2020-04-01,72.46,72.46,30.8,36.49,3.18,21.4,10.85,51.1,67.01,42.03
2020-04-02,68.56,68.56,29.62,38.63,3.21,21.86,11.46,51.11,71.58,43.02
2020-04-03,76.12,76.12,32.91,42.07,3.63,21.9,13.7,52.57,78.9,41.88
2020-04-06,25.05,80.39,32.8,40.47,3.62,23.09,13.44,57.42,57.42,46.1
2020-04-07,24.8,80.92,33.27,41.24,3.68,22.51,13.84,58.63,58.63,48.01
2020-04-08,25.39,85.98,35.68,43.85,3.95,24.31,15.56,63.7,63.7,51.6
2020-04-09,24.9,84.31,34.73,43.13,4.12,25.63,15.36,61.52,61.52,50.1
2020-04-10,,,,,,,,,,
2020-04-13,24.91,84.91,34.3,42.76,4.39,25.33,15.33,61.56,61.56,49.7
2020-04-14,84.61,84.61,34.08,42.43,4.25,26.3,14.9,61.07,61.07,50.95
2020-04-15,82.49,82.49,32.2,40.48,4.23,23.98,13.61,56.47,74.92,46.7
2020-04-16,79.99,79.99,31.07,39.15,3.89,21.95,12.2,53.53,71.11,45.0
2020-04-17,87.17,87.17,35.26,43.22,4.35,25.45,13.63,59.53,76.63,51.76
2020-04-20,83.57,83.57,34.57,41.18,4.21,24.85,12.59,58.12,71.28,50.31
2020-04-21,81.64,81.64,33.19,40.96,4.24,23.72,12.34,56.8,73.47,49.45
2020-04-22,84.44,84.44,34.98,42.13,4.53,24.69,13.02,58.18,80.66,50.57
2020-04-23,86.8,86.8,36.18,43.45,4.84,25.94,13.87,59.97,79.31,52.07
2020-04-24,87.01,87.01,36.09,43.73,4.93,25.76,13.81,60.53,77.45,52.5
2020-04-27,89.71,89.71,37.15,43.94,4.85,26.45,14.15,63.49,81.86,55.57
2020-04-28,89.91,89.91,38.48,44.97,4.99,28.43,15.17,67.34,82.76,57.87
2020-04-29,94.62,94.62,42.21,47.46,5.85,33.04,16.78,73.5,89.8,66.28
2020-04-30,92.0,92.0,42.1,46.47,6.12,32.08,16.6,73.17,89.31,63.35
2020-05-01,89.44,89.44,39.14,43.14,5.5,29.24,15.24,66.36,82.92,58.76
2020-05-04,91.44,91.44,40.36,44.88,5.81,31.53,15.52,73.48,83.06,63.66
2020-05-05,92.89,92.89,40.92,44.83,5.53,31.14,15.32,75.2,82.48,63.02
2020-05-06,90.05,90.05,40.49,43.99,5.6,29.53,13.4,71.91,81.83,60.91
2020-05-07,92.64,92.64,42.42,44.24,5.51,30.78,13.88,73.31,87.02,61.26
2020-05-08,95.47,95.47,43.08,46.18,5.78,33.03,15.02,77.06,89.99,65.92
2020-05-11,93.37,93.37,42.27,45.74,5.75,32.7,15.03,76.67,84.44,65.57
2020-05-12,91.1,91.1,41.58,44.12,5.96,32.21,14.58,73.53,84.03,63.34
2020-05-13,88.7,88.7,39.89,41.93,5.56,31.05,13.44,71.03,79.38,59.05
2020-05-14,90.05,90.05,39.93,42.3,5.64,30.89,13.76,71.75,82.21,59.41
2020-05-15,89.16,89.16,40.87,42.0,5.61,30.3,13.82,70.93,82.86,58.78
2020-05-18,92.55,92.55,43.6,45.34,6.08,34.95,15.07,76.28,93.38,64.35
2020-05-19,89.62,89.62,42.67,43.94,5.82,34.5,14.37,75.22,89.65,64.05
2020-05-20,93.0,93.0,44.15,45.37,5.95,36.82,14.99,78.25,92.43,67.34
2020-05-21,92.04,92.04,43.72,44.56,5.94,35.69,14.25,77.09,92.93,65.73
2020-05-22,90.28,90.28,43.28,44.6,5.89,35.57,14.13,76.46,92.42,65.68
2020-05-25,,,,,,,,,,
2020-05-26,93.3,93.3,43.67,45.91,6.03,36.83,14.4,78.97,93.72,68.7
2020-05-27,93.9,93.9,44.67,46.24,6.15,36.58,14.42,81.73,94.19,70.18
2020-05-28,90.87,90.87,43.01,45.04,5.7,35.18,13.64,78.56,92.54,67.13
2020-05-29,91.7,91.7,42.18,45.47,5.34,35.14,12.95,78.26,91.6,66.64
2020-06-01,92.79,92.79,43.39,46.28,5.69,36.5,13.81,78.83,92.91,66.58
2020-06-02,94.69,94.69,44.2,47.31,5.86,37.72,14.75,81.57,96.16,68.19
2020-06-03,97.18,97.18,45.12,49.24,5.95,38.59,15.45,83.73,100.77,70.54
2020-06-04,96.28,96.28,44.71,49.1,6.23,38.04,15.55,83.13,103.55,70.05
2020-06-05,100.81,100.81,48.59,53.08,7.32,41.56,20.79,87.4,110.89,74.64
2020-06-08,103.24,103.24,50.31,54.74,8.43,42.21,24.4,89.73,116.78,75.62
2020-06-09,101.53,101.53,48.63,53.52,7.66,40.41,23.18,85.67,108.53,71.27
2020-06-10,97.58,97.58,45.91,50.65,7.11,39.19,20.76,84.33,102.73,69.05
2020-06-11,89.37,89.37,42.12,46.18,6.26,35.33,17.41,75.0,96.64,60.68
2020-06-12,92.39,92.39,43.73,47.17,6.58,36.62,18.5,77.26,98.23,63.79
2020-06-15,91.23,91.23,43.35,47.14,6.6,37.84,19.05,75.6,95.55,63.59
2020-06-16,94.03,94.03,45.11,48.2,6.74,38.64,20.29,77.04,97.06,66.16
2020-06-17,91.54,91.54,44.02,46.63,6.37,37.13,19.04,72.88,94.24,62.32
2020-06-18,91.94,91.94,44.45,46.92,6.49,38.47,19.67,76.24,94.54,64.63
2020-06-19,90.63,90.63,43.7,45.98,6.36,38.19,19.71,74.7,93.58,63.16
2020-06-22,91.59,91.59,43.56,46.42,6.27,38.61,19.91,74.4,95.1,62.66
2020-06-23,91.44,91.44,43.81,46.7,6.33,38.8,19.79,74.7,96.76,62.65
2020-06-24,87.64,87.64,40.99,44.5,5.79,36.23,18.0,69.99,92.16,58.02
2020-06-25,89.21,89.21,42.06,45.17,5.98,36.69,18.54,70.07,97.7,57.28
2020-06-26,86.46,86.46,40.35,43.62,5.74,35.37,17.69,68.07,94.11,56.32
2020-06-29,87.67,87.67,41.3,44.32,5.96,35.4,17.86,68.66,94.44,56.95
2020-06-30,89.23,89.23,42.02,44.72,6.12,37.38,18.3,71.9,97.7,58.82
2020-07-01,87.62,87.62,40.74,43.71,5.95,35.68,17.41,69.11,95.5,56.44
2020-07-02,88.31,88.31,41.78,44.08,6.12,36.07,17.78,68.42,96.8,56.34
2020-07-03,,,,,,,,,,
2020-07-06,88.57,88.57,41.63,44.39,5.86,36.36,18.18,68.09,98.72,56.47
2020-07-07,86.31,86.31,40.64,43.24,5.57,34.69,17.15,64.61,96.07,53.12
2020-07-08,86.35,86.35,41.04,43.14,5.67,34.15,17.28,63.98,96.59,52.98
2020-07-09,82.74,82.74,38.35,41.36,5.27,33.35,16.28,58.98,91.48,50.22
2020-07-10,85.23,85.23,39.69,42.65,5.35,36.2,16.71,61.06,92.44,53.65
2020-07-13,85.4,85.4,39.66,42.66,5.13,35.31,16.16,60.27,91.0,53.23
2020-07-14,88.35,88.35,41.31,44.07,5.37,36.2,16.68,61.96,95.66,54.4
2020-07-15,88.89,88.89,41.62,44.63,5.69,37.57,17.18,65.46,96.59,57.23
2020-07-16,88.36,88.36,41.59,44.28,5.72,37.39,17.01,64.87,96.82,56.58
2020-07-17,87.19,87.19,39.96,43.52,5.51,37.93,16.28,63.84,96.52,55.47
2020-07-20,85.27,85.27,39.33,42.5,5.49,36.75,15.69,62.33,96.91,54.33
2020-07-21,91.39,91.39,41.66,44.65,5.86,38.54,17.41,66.42,102.72,57.58
2020-07-22,91.04,91.04,40.89,43.61,5.79,38.73,16.95,65.25,102.51,57.07
2020-07-23,91.01,91.01,40.46,43.7,5.76,38.88,16.82,65.18,100.66,57.67
2020-07-24,90.13,90.13,40.28,43.43,5.72,38.7,16.74,65.06,99.68,57.98
2020-07-27,91.04,91.04,39.77,44.07,5.63,38.52,16.7,64.59,98.52,58.03
2020-07-28,89.11,89.11,38.96,43.55,5.53,38.12,16.35,63.58,96.55,56.89
2020-07-29,90.07,90.07,39.94,44.03,5.74,39.91,17.03,65.58,98.54,59.69
2020-07-30,86.27,86.27,37.64,41.87,5.51,38.08,15.77,63.09,95.85,56.33
2020-07-31,83.94,83.94,37.39,42.08,5.49,38.2,15.74,62.02,96.92,56.23
2020-08-03,84.81,84.81,36.71,42.25,5.52,38.57,15.25,61.12,97.84,53.91
2020-08-04,86.49,86.49,37.64,43.47,5.78,37.69,15.74,61.85,99.52,53.02
2020-08-05,87.2,87.2,38.02,43.85,5.98,36.43,15.94,61.96,102.65,51.62
2020-08-06,87.47,87.47,38.05,43.64,5.68,35.73,15.45,60.97,102.36,51.48
2020-08-07,86.8,86.8,38.3,43.44,5.74,36.67,15.45,62.87,104.28,52.66
2020-08-10,89.73,89.73,39.64,44.51,6.04,37.13,16.48,64.87,108.99,53.55
2020-08-11,89.62,89.62,39.71,44.97,5.94,36.95,15.16,64.11,106.56,53.65
2020-08-12,90.72,90.72,41.66,44.09,5.98,38.13,14.92,64.41,110.5,55.12
2020-08-13,89.82,89.82,40.63,43.01,5.89,37.26,14.6,62.63,109.94,53.19
2020-08-14,90.35,90.35,40.82,43.2,6.05,38.35,14.64,63.66,110.73,54.46
2020-08-17,90.77,90.77,40.7,42.64,5.92,38.65,13.91,62.36,108.61,55.6
2020-08-18,87.63,87.63,40.33,42.43,5.95,37.24,13.95,61.31,107.7,54.74
2020-08-19,86.39,86.39,39.65,41.96,5.73,37.18,13.82,61.42,104.77,54.26
2020-08-20,84.81,84.81,38.77,41.32,5.51,35.62,13.4,60.97,102.67,52.7
2020-08-21,85.08,85.08,38.16,41.01,5.27,35.4,13.16,60.97,102.11,52.62
2020-08-24,87.2,87.2,38.87,42.22,5.45,36.81,13.62,63.65,104.75,54.99
2020-08-25,86.13,86.13,38.85,40.88,5.49,36.45,13.51,61.63,106.92,54.25
2020-08-26,84.78,84.78,37.56,40.01,5.3,35.33,12.96,60.03,104.41,53.7
2020-08-27,84.91,84.91,38.15,39.74,5.36,34.98,13.04,60.26,105.38,53.44
2020-08-28,85.63,85.63,38.38,40.69,5.39,37.09,13.13,61.79,105.6,54.89
2020-08-31,83.93,83.93,37.89,39.94,5.28,35.46,12.74,58.47,103.93,52.59
2020-09-01,83.08,83.08,37.16,39.43,5.32,34.97,12.48,58.79,102.98,52.47
2020-09-02,83.19,83.19,36.38,39.19,5.12,35.01,12.4,60.05,100.92,52.91
2020-09-03,82.28,82.28,35.99,39.11,4.99,34.26,12.59,59.69,98.38,52.33
2020-09-04,81.93,81.93,35.86,39.08,4.93,33.64,12.25,58.98,99.1,51.22
2020-09-07,,,,,,,,,,
2020-09-08,78.97,78.97,34.06,38.18,4.5,32.33,11.06,57.96,94.36,48.73
2020-09-09,80.03,80.03,34.46,37.95,4.54,31.77,11.07,57.87,96.6,47.75
2020-09-10,78.15,78.15,32.92,37.0,4.36,30.27,10.19,55.36,91.45,45.63
2020-09-11,77.69,77.69,33.11,36.9,4.47,31.25,10.22,57.07,92.07,46.39
2020-09-14,77.29,77.29,33.52,36.66,4.4,32.02,10.17,58.37,93.35,47.51
2020-09-15,76.35,76.35,33.8,36.27,4.34,31.09,10.71,58.05,94.63,46.56
2020-09-16,78.56,78.56,35.08,37.81,4.56,32.36,11.64,60.51,97.55,49.1
2020-09-17,78.79,78.79,36.09,37.8,4.68,32.12,11.86,60.35,97.08,49.0
2020-09-18,78.21,78.21,35.87,37.19,4.82,32.28,11.65,59.82,95.78,48.71
2020-09-21,76.3,76.3,34.36,36.43,4.56,31.25,11.29,55.92,91.92,47.36
2020-09-22,75.53,75.53,34.3,35.53,4.47,31.04,11.08,55.36,92.52,47.42
2020-09-23,71.95,71.95,32.92,34.39,4.21,28.73,10.41,52.63,86.9,44.51
2020-09-24,71.8,71.8,33.6,34.32,4.31,28.62,10.64,52.85,86.56,44.58
2020-09-25,71.83,71.83,33.7,34.64,4.14,28.63,10.22,52.88,85.9,43.92
2020-09-28,73.93,73.93,33.71,35.31,4.29,29.95,10.34,53.98,88.31,44.82
2020-09-29,71.9,71.9,32.46,34.28,4.16,29.43,9.99,52.19,86.4,43.41
2020-09-30,72.0,72.0,32.84,34.33,4.09,29.34,10.01,51.84,85.99,43.32
2020-10-01,70.42,70.42,32.43,33.13,3.95,27.71,9.68,50.28,84.57,40.28
2020-10-02,71.19,71.19,33.07,32.98,4.12,28.27,9.87,51.06,86.54,40.73
2020-10-05,72.7,72.7,34.28,33.74,4.23,29.24,10.51,52.55,89.32,43.07
2020-10-06,72.3,72.3,33.3,33.39,4.04,28.83,10.13,51.06,88.03,42.33
2020-10-07,73.78,73.78,34.33,33.5,4.13,29.21,10.28,51.93,88.94,42.35
2020-10-08,75.22,75.22,35.53,35.26,4.38,31.12,11.18,53.64,89.48,44.36
2020-10-09,74.0,74.0,35.13,34.74,4.26,30.12,10.82,53.04,88.07,43.64
2020-10-12,74.51,74.51,35.59,34.63,4.29,30.49,10.81,53.46,88.68,43.09
2020-10-13,73.4,73.4,34.88,34.22,4.23,29.38,10.52,51.27,88.15,41.43
2020-10-14,72.95,72.95,34.53,34.15,4.2,29.91,10.45,52.08,90.09,41.71
2020-10-15,73.51,73.51,35.4,34.45,4.27,30.54,10.61,52.51,92.22,41.56
2020-10-16,72.89,72.89,33.77,34.1,4.07,29.37,10.09,50.58,90.26,40.22
2020-10-19,71.28,71.28,32.7,33.42,3.98,28.25,9.82,48.95,87.05,39.29
2020-10-20,71.68,71.68,32.58,33.7,4.15,29.24,10.07,49.59,83.53,40.7
2020-10-21,70.87,70.87,30.64,33.16,4.1,28.82,9.66,48.72,78.44,40.54
2020-10-22,73.4,73.4,31.91,34.86,4.37,29.51,10.17,50.01,83.0,41.28
2020-10-23,72.57,72.57,32.54,34.16,4.44,29.89,10.02,50.48,85.54,41.97
2020-10-26,70.94,70.94,30.32,33.35,4.13,28.6,9.46,48.14,82.8,39.54
2020-10-27,69.51,69.51,30.26,32.82,4.13,28.19,9.27,47.07,83.78,38.26
2020-10-28,66.88,66.88,28.79,31.57,3.85,27.5,8.88,44.22,80.33,36.19
2020-10-29,68.8,68.8,29.16,32.97,3.99,28.83,9.13,45.98,81.42,37.53
2020-10-30,69.5,69.5,28.62,32.62,3.96,29.5,9.13,46.66,79.56,38.61
2020-11-02,72.15,72.15,30.23,33.99,4.15,31.3,9.65,47.96,82.8,39.9
2020-11-03,71.74,71.74,29.31,33.41,4.14,31.91,9.69,47.52,82.2,39.48
2020-11-04,71.77,71.77,30.38,33.23,4.27,31.7,9.81,47.92,83.5,38.97
2020-11-05,72.14,72.14,30.12,33.17,4.29,31.83,10.47,48.19,79.58,39.53
2020-11-06,71.15,71.15,29.19,32.78,4.13,31.58,10.01,46.68,77.34,38.17
2020-11-09,79.4,79.4,33.38,36.93,5.09,36.47,12.23,57.03,88.37,50.08
2020-11-10,83.07,83.07,35.53,36.86,5.07,37.64,12.38,58.14,91.75,49.96
2020-11-11,82.46,82.46,35.28,36.48,5.07,37.19,11.9,58.98,90.64,49.79
2020-11-12,80.67,80.67,34.01,35.23,4.82,34.7,11.31,54.85,86.27,47.28
2020-11-13,83.03,83.03,35.36,36.08,5.06,37.56,11.8,58.76,90.67,50.92
2020-11-16,88.96,88.96,38.08,38.16,5.48,40.73,12.7,62.62,94.71,55.67
2020-11-17,87.04,87.04,38.85,38.67,5.5,40.61,12.99,64.34,95.91,54.15
2020-11-18,84.28,84.28,39.18,37.21,5.49,38.54,12.87,60.75,94.61,51.25
2020-11-19,85.73,85.73,39.47,37.4,5.69,39.08,13.36,61.45,96.63,51.21
2020-11-20,85.79,85.79,39.65,36.94,5.6,38.26,13.49,61.59,95.81,50.82
2020-11-23,91.03,91.03,42.71,39.36,6.17,41.22,15.76,65.84,104.5,56.09
2020-11-24,95.62,95.62,44.41,41.98,6.45,42.45,16.78,67.72,111.35,58.49
2020-11-25,92.14,92.14,43.63,40.81,6.43,41.48,16.72,66.26,109.96,56.43
2020-11-26,,,,,,,,,,
2020-11-27,91.31,91.31,42.78,40.19,6.35,41.42,16.56,65.23,110.07,56.62
2020-11-30,87.18,87.18,39.56,38.13,5.92,38.88,15.76,60.58,100.58,53.77
2020-12-01,87.45,87.45,39.27,38.5,5.86,39.45,15.13,61.88,99.8,54.4
2020-12-02,89.87,89.87,39.97,39.94,6.06,40.58,15.89,64.43,101.53,58.07
2020-12-03,89.8,89.8,41.2,40.21,6.19,40.99,16.39,65.02,105.35,57.91
2020-12-04,93.28,93.28,44.27,41.68,6.85,42.91,18.59,69.32,114.06,61.27
2020-12-07,90.76,90.76,42.82,40.9,6.69,42.21,18.19,67.05,110.28,59.46
2020-12-08,91.54,91.54,42.68,42.24,7.07,42.45,19.13,67.39,114.27,58.98
2020-12-09,90.44,90.44,42.7,42.8,7.15,42.64,19.39,68.77,114.43,58.8
2020-12-10,93.35,93.35,44.0,44.01,7.3,43.83,21.31,70.86,118.79,59.87
2020-12-11,92.45,92.45,43.48,43.8,7.06,42.91,20.89,69.51,115.57,59.03
2020-12-14,89.44,89.44,42.32,42.22,6.72,40.76,19.17,67.19,113.11,56.39
2020-12-15,89.37,89.37,42.8,43.04,6.91,42.25,19.84,68.25,117.44,57.48
2020-12-16,88.69,88.69,42.32,43.7,6.97,41.65,19.45,67.29,116.89,56.92
2020-12-17,88.41,88.41,41.97,43.48,6.91,40.58,19.18,67.17,114.38,56.34
2020-12-18,87.19,87.19,40.98,42.73,6.73,40.35,18.52,66.85,114.36,54.77
2020-12-21,86.09,86.09,40.24,41.95,6.55,39.75,17.47,66.49,110.89,54.05
2020-12-22,84.36,84.36,39.03,41.24,6.31,39.67,16.92,67.51,108.44,53.7
2020-12-23,85.69,85.69,40.08,41.77,6.81,41.31,17.89,69.36,113.12,55.79
2020-12-24,85.33,85.33,39.49,41.6,6.63,41.21,17.67,68.73,112.49,55.68
2020-12-25,,,,,,,,,,
2020-12-28,84.9,84.9,39.3,41.74,6.63,40.78,17.4,69.33,110.65,55.09
2020-12-29,84.61,84.61,39.07,41.27,6.57,40.73,17.24,68.38,110.64,55.45
2020-12-30,85.33,85.33,40.01,41.6,6.8,41.57,17.91,70.6,114.57,56.72
2020-12-31,84.45,84.45,39.99,41.22,6.67,41.36,17.31,69.94,113.89,56.57
2021-01-01,,,,,,,,,,
2021-01-04,84.71,84.71,39.57,41.5,6.83,40.75,17.45,69.88,113.48,55.73
2021-01-05,87.0,87.0,41.84,43.5,7.45,42.09,19.21,71.75,121.35,57.32
2021-01-06,89.8,89.8,43.51,44.61,7.5,42.95,20.0,71.22,126.36,58.6
2021-01-07,90.22,90.22,44.7,44.96,7.69,44.17,20.57,71.86,131.99,59.67
2021-01-08,91.08,91.08,44.7,45.46,7.55,43.18,20.08,70.71,131.24,57.71
2021-01-11,91.6,91.6,45.36,46.84,7.64,43.59,20.08,72.27,131.42,58.64
2021-01-12,93.34,93.34,47.42,47.88,8.39,45.58,22.62,73.74,135.12,59.51
2021-01-13,93.25,93.25,47.03,48.42,8.04,44.32,22.33,71.77,130.93,57.7
2021-01-14,95.49,95.49,47.87,50.31,8.67,45.52,24.24,74.14,132.38,60.27
2021-01-15,92.09,92.09,45.12,47.89,8.25,43.98,22.39,71.74,127.38,58.3
2021-01-18,,,,,,,,,,
2021-01-19,94.51,94.51,46.0,48.84,8.57,46.09,23.07,74.78,132.04,60.54
2021-01-20,95.38,95.38,45.36,49.53,8.62,46.17,23.02,75.39,132.13,60.57
2021-01-21,92.01,92.01,43.19,48.11,8.25,45.39,21.54,73.16,130.0,58.86
2021-01-22,91.73,91.73,42.69,47.43,8.15,45.75,21.49,72.55,131.16,59.45
2021-01-25,90.9,90.9,42.58,46.9,7.82,46.23,21.51,72.08,129.33,59.41
2021-01-26,89.36,89.36,41.68,45.87,7.47,45.16,20.38,71.31,123.64,58.15
2021-01-27,88.2,88.2,40.65,45.35,7.54,43.94,20.58,71.2,117.63,58.73
2021-01-28,89.02,89.02,41.11,46.06,7.56,44.77,20.95,71.45,122.6,58.33
2021-01-29,85.2,85.2,40.03,44.84,7.24,43.16,20.06,67.8,120.9,56.43
2021-02-01,86.41,86.41,40.71,44.92,7.34,43.45,20.39,67.38,120.26,56.24
2021-02-02,87.06,87.06,40.97,45.63,7.38,45.15,20.73,68.66,119.58,57.77
2021-02-03,88.96,88.96,43.21,47.42,7.8,47.3,22.02,71.29,126.64,60.1
2021-02-04,89.0,89.0,44.01,48.33,7.81,47.33,22.3,71.93,126.6,61.06
2021-02-05,89.26,89.26,44.42,49.95,7.94,47.65,22.56,72.04,128.24,61.72
2021-02-08,91.48,91.48,46.78,52.1,8.98,49.48,25.45,75.79,133.05,64.79
2021-02-09,90.96,90.96,46.88,50.63,8.89,48.87,24.65,74.53,129.04,64.59
2021-02-10,92.52,92.52,47.25,51.12,9.09,49.81,25.6,76.72,132.35,65.11
2021-02-11,92.02,92.02,46.44,49.84,8.75,49.76,24.98,77.24,129.87,64.55
2021-02-12,92.55,92.55,47.16,50.52,8.97,50.46,25.39,77.23,132.29,64.74
2021-02-15,,,,,,,,,,
2021-02-16,93.13,93.13,48.85,52.04,9.55,51.46,26.46,79.39,136.16,66.96
2021-02-17,95.92,95.92,49.36,52.85,9.58,51.89,26.73,80.64,136.2,68.12
2021-02-18,95.0,95.0,47.69,52.02,9.12,51.22,25.28,80.05,133.01,67.83
2021-02-19,95.8,95.8,48.42,52.37,9.45,53.0,25.42,82.31,133.94,71.53
2021-02-22,98.39,98.39,50.88,54.3,10.2,54.85,26.47,83.96,139.47,74.25
2021-02-23,99.63,99.63,52.1,55.05,11.16,55.77,26.06,85.53,145.24,75.81
2021-02-24,103.31,103.31,54.67,56.7,11.84,56.65,28.16,87.25,150.06,78.16
2021-02-25,102.35,102.35,53.03,55.76,11.3,55.07,26.75,84.64,149.05,78.15
2021-02-26,100.0,100.0,52.01,54.37,11.1,54.62,26.61,83.05,148.57,76.98
2021-03-01,102.05,102.05,52.61,56.4,11.2,56.1,27.64,84.7,148.47,77.8
2021-03-02,102.44,102.44,52.28,56.07,11.23,56.03,27.82,82.27,149.75,76.63
2021-03-03,103.59,103.59,53.66,56.52,11.63,56.07,28.66,83.84,154.16,77.53
2021-03-04,104.5,104.5,55.62,58.71,12.36,56.51,29.9,84.41,158.57,76.37
2021-03-05,109.0,109.0,58.34,60.93,12.98,57.32,31.23,87.35,163.59,79.03
2021-03-08,109.75,109.75,58.78,60.87,12.38,57.16,29.77,88.47,162.09,80.56
2021-03-09,109.5,109.5,57.9,59.93,12.0,55.87,28.65,85.4,156.93,76.58
2021-03-10,111.37,111.37,59.42,61.77,12.22,58.18,29.36,88.44,158.5,81.37
2021-03-11,111.19,111.19,59.83,61.31,12.51,58.0,30.98,87.73,164.58,82.48
2021-03-12,111.56,111.56,59.19,61.97,12.2,57.75,30.63,88.66,165.63,82.42
2021-03-15,110.25,110.25,58.16,60.39,12.05,57.86,29.3,87.84,165.76,81.83
2021-03-16,107.64,107.64,56.58,59.11,11.46,56.21,28.17,84.93,163.03,79.32
2021-03-17,108.03,108.03,56.83,59.37,11.66,56.21,29.04,85.46,169.27,79.14
