date,phillips_66,bp_plc,valero_energy_corporation,chevron_corporation,occidental_petroleum_corporation,marathon_oil_corporation,pioneer_natural_resources_company,conocophillips,exxon_mobil_corporation,marathon_petroleum_corporation,dow_jones_transportation_average,dow_jones_composite_average,s&p_500,dow_jones_industrial_average,dow_jones_utility_average,workplaces,retail_and_recreation,grocery_and_pharmacy,residential,transit_stations,parks,int_news_sentiment,na_news_sentiment
2020-02-18,88.0,36.09,82.52,110.24,41.56,10.3,135.56,58.3,59.88,56.47,10865.58,9661.41,3370.29,29232.19,960.89,-0.006305170239596469,-0.2116591928251121,-1.3771532184950137,1.3457446808510638,2.4400417101147034,5.4660766961651905,0.0,0.0
2020-02-19,88.36,36.25,83.23,110.74,42.51,10.47,141.17,59.26,60.34,57.69,10943.24,9680.12,3386.15,29348.03,950.01,1.001656314699793,2.2228994340444057,0.6395563770794824,0.34545454545454546,2.6346153846153846,8.153166421207656,0.0,0.0
2020-02-20,90.19,35.98,84.17,109.81,42.97,10.25,142.53,58.88,59.86,60.26,11032.96,9679.08,3373.23,29219.98,952.4,-0.38744769874476986,0.19247404844290655,-0.16757000903342367,1.9222577209797655,2.0982599795291708,-1.3008474576271187,-0.2,0.0
2020-02-21,89.25,35.36,82.9,109.01,42.12,10.11,142.25,58.44,59.13,59.13,10908.94,9602.49,3337.75,28992.41,948.74,0.5471621069824418,2.786382978723404,-1.6326618088298328,1.082046332046332,3.656007751937985,6.725381414701803,0.0,0.0
2020-02-24,86.56,34.06,78.1,104.71,39.48,9.46,135.97,56.38,56.36,55.87,10509.92,9296.87,3225.89,27960.8,935.91,3.010224144710971,1.766222222222222,0.1295029639762882,0.6412133891213391,0.9610655737704918,7.3362445414847155,0.1,0.0
2020-02-25,82.81,32.93,74.44,100.71,36.19,8.92,130.09,53.83,54.2,53.12,10061.46,8996.46,3128.21,27081.36,915.77,1.3121434392828035,4.7372013651877145,0.8459780621572212,0.33213429256594723,2.4335736354273942,8.347692307692308,0.0,0.0
2020-02-26,80.33,32.68,71.72,98.04,34.22,8.41,125.49,51.17,53.01,52.27,9840.89,8909.77,3116.39,26957.59,906.97,1.7344953384677746,11.062866722548199,4.140044742729306,-0.6142625607779578,4.942655935613682,5.116314199395769,0.0,0.0
2020-02-27,74.26,31.53,66.19,94.13,31.81,7.93,122.67,47.13,49.82,47.93,9484.44,8530.18,2978.76,25766.64,865.47,0.660056657223796,10.388680815647108,3.7782204515272246,-0.14394580863674852,6.108891108891108,10.587278106508878,0.0,0.0
2020-02-28,74.86,31.29,66.25,93.34,32.74,8.28,122.78,48.42,51.44,47.42,9388.19,8394.63,2954.22,25409.36,839.96,2.4504283965728275,10.96107544141252,5.6231884057971016,-1.3491666666666666,7.732758620689656,12.349794238683126,0.0,0.0
2020-03-02,74.86,31.29,66.25,93.34,32.74,8.28,122.78,48.42,51.44,47.42,9475.68,8746.05,3090.23,26703.32,886.52,3.7667706708268334,10.73330515638208,6.039947322212467,-0.7693023255813953,3.424742268041237,12.423831070889895,0.0,0.0
2020-03-03,75.11,32.23,67.87,96.59,32.95,8.34,124.32,49.23,53.88,47.73,9200.67,8520.3,3003.37,25917.41,877.25,1.895582329317269,16.152083333333334,11.353759235115168,-1.0908326324642557,4.8516260162601625,22.03791469194313,0.0,0.0
2020-03-04,72.86,31.92,64.44,94.39,32.99,8.08,120.03,48.12,51.3,45.17,9512.05,8900.54,3130.12,27090.86,926.14,2.2326993120194247,11.731554814506044,7.11495246326707,-0.7820919175911252,5.300507614213198,20.026113671274963,0.0,0.0
2020-03-05,74.63,33.14,64.15,98.53,32.93,8.11,123.5,49.43,52.42,45.88,9010.92,8575.61,3023.94,26121.28,908.14,2.0539235412474848,11.120987654320988,7.853986135181977,-0.7898089171974523,6.563618290258449,20.54872563718141,0.2,-0.07
2020-03-06,71.98,32.6,61.7,97.19,31.48,7.8,118.61,47.7,50.11,41.21,8956.06,8503.09,2972.37,25864.78,901.7,2.3208709942481507,8.331701346389227,4.402927249246664,-0.7155635062611807,7.804034582132566,16.74225352112676,0.0,0.0
2020-03-09,61.99,24.77,60.57,81.53,15.5,4.08,70.4,33.3,40.88,32.0,8083.49,7842.88,2746.56,23851.02,852.8,0.9963384865744508,8.982256020278834,7.376589215256466,-0.018570102135561744,5.3861788617886175,39.13225806451614,0.0,0.0
2020-03-11,63.36,26.79,60.45,84.98,14.34,4.4,79.86,34.88,43.41,34.52,8126.09,7720.97,2741.38,23553.22,812.44,-0.3991561181434599,11.509166666666667,11.662926197669401,-0.5311244979919679,5.941414141414143,34.67353407290016,0.3,0.0
2020-03-16,54.36,22.17,49.9,83.42,14.26,4.53,70.68,31.38,38.12,24.92,7023.44,6596.71,2386.13,20188.52,678.03,-12.523756495916851,-0.7056034482758621,25.65580182529335,5.726294552790854,-5.084158415841584,8.332335329341317,0.0,0.0
2020-03-17,48.27,18.84,41.63,69.7,12.02,4.0,59.72,26.08,34.49,20.29,7468.23,7059.9,2529.19,21237.38,769.69,-18.38236357065414,-12.222129783693845,17.94601654331737,8.552702702702703,-7.493545183714002,18.312302839116718,-0.7,0.0
2020-03-19,45.39,17.07,36.95,56.62,10.48,3.82,59.15,25.45,33.37,16.61,7078.73,6621.89,2409.39,20087.19,695.92,-24.38593974175036,-22.801449859041487,12.03866203301477,12.105189340813466,-14.71264367816092,9.946646341463415,0.0,0.0
2020-03-20,48.77,17.28,38.83,59.89,10.1,3.5,62.27,27.95,32.83,18.68,6837.72,6304.73,2304.92,19173.98,646.13,-25.990538573508005,-27.663304887509693,9.802510460251046,14.082840236686389,-18.119416590701913,10.3050139275766,0.0,0.0
2020-03-23,42.32,18.13,32.97,53.63,9.63,3.38,61.84,24.39,31.47,16.65,6703.63,6100.31,2237.4,18591.93,610.89,-29.924046076313896,-31.24443545123432,-3.0608315098468277,14.65659543109801,-25.32959850606909,-16.151898734177216,0.0,0.1
2020-03-30,52.32,23.92,45.04,68.78,11.61,3.52,68.65,29.25,36.95,23.15,7790.91,7365.27,2626.65,22327.48,785.14,-36.22549371633753,-33.768699186991874,-12.124260355029586,16.374335611237658,-30.70702402957486,-4.778761061946904,0.0,0.0
2020-03-31,55.08,24.39,48.03,71.95,11.71,3.35,69.35,29.29,38.3,25.31,7732.32,7221.21,2584.59,21917.16,756.16,-38.767971530249106,-34.82624398073836,-11.334188034188035,17.896577946768062,-28.351526364477333,-6.509544787077828,-0.5,0.0
2020-04-01,51.1,24.37,42.03,72.46,10.85,3.18,67.01,30.8,36.49,21.4,7352.58,6866.08,2470.5,20943.51,708.04,-39.043462771642325,-30.132632430246662,-3.2220779220779217,17.25056433408578,-26.947706422018353,5.4498480243161085,0.0,0.0
2020-04-02,51.11,26.03,43.02,68.56,11.46,3.21,71.58,29.62,38.63,21.86,7445.71,7014.83,2526.9,21413.44,729.36,-39.653873489694384,-34.308706070287535,-5.031786941580756,18.34739263803681,-30.145569620253173,2.3273273273273274,0.0,0.0
2020-04-03,52.57,24.72,41.88,76.12,13.7,3.63,78.9,32.91,42.07,21.9,7305.31,6873.01,2488.65,21052.53,706.01,-39.38211968276857,-36.501359223300966,-4.411129568106311,20.061996779388085,-34.172413793103445,-9.215425531914894,0.0,0.0
2020-04-16,53.53,21.85,45.0,79.99,12.2,3.89,71.11,31.07,39.15,21.95,7981.93,7659.7,2799.55,23537.68,797.54,-38.91168091168091,-30.309337134711328,-7.974097331240188,18.0638783269962,-30.51177536231884,-0.7312775330396476,-0.1,0.0
2020-04-17,59.53,23.43,51.76,87.17,13.63,4.35,76.63,35.26,43.22,25.45,8233.81,7896.55,2874.56,24242.49,823.98,-38.22410682064237,-35.00706486833654,-12.837625178826896,19.60431654676259,-33.19754170324846,-6.095872170439415,-0.3,0.0
2020-04-20,58.12,22.35,50.31,83.57,12.59,4.21,71.28,34.57,41.18,24.85,7969.73,7673.59,2823.16,23650.44,794.85,-36.73548387096774,-29.452631578947372,-11.58809710258418,16.106382978723403,-30.109563602599806,8.419306184012067,-0.1,0.0
2020-04-21,56.8,21.64,49.45,81.64,12.34,4.24,73.47,33.19,40.96,23.72,7844.37,7500.98,2736.56,23018.88,780.99,-38.06098430813124,-29.435878428465532,-9.361022364217252,16.861654135338345,-27.295220243673853,6.587869362363919,0.0,0.0
2020-04-22,58.18,23.33,50.57,84.44,13.02,4.53,80.66,34.98,42.13,24.69,7840.59,7630.38,2799.31,23475.82,804.41,-38.4338078291815,-29.943340691685066,-8.917786561264823,17.022522522522518,-26.921803127874885,3.5640243902439024,0.2,0.1
2020-04-23,59.97,23.38,52.07,86.8,13.87,4.84,79.31,36.18,43.45,25.94,7951.66,7636.44,2797.8,23515.26,790.75,-38.722934472934476,-32.65860597439545,-10.118380062305297,18.23672230652504,-29.332415059687786,-4.5507042253521135,0.0,0.0
2020-04-24,60.53,23.39,52.5,87.01,13.81,4.93,77.45,36.09,43.73,25.76,8092.4,7724.05,2836.74,23775.27,795.09,-37.47455792132804,-32.30135222150676,-10.358435916002897,18.543512658227847,-30.18656056587091,1.8109243697478992,-0.1,0.0
2020-04-27,63.49,24.31,55.57,89.71,14.15,4.85,81.86,37.15,43.94,26.45,8317.42,7860.19,2878.48,24133.78,805.8,-34.83033788641265,-24.97338403041825,-7.585542168674697,15.345864661654133,-26.587958607714015,8.574961360123648,-0.1,0.0
2020-04-28,67.34,24.16,57.87,89.91,15.17,4.99,82.76,38.48,44.97,28.43,8407.32,7871.68,2863.39,24101.55,804.93,-36.750534568781184,-24.392830470500368,-5.060113728675874,9.79102281089036,-23.38783269961977,21.72697368421053,0.0,0.0
2020-04-29,73.5,25.43,66.28,94.62,16.78,5.85,89.8,42.21,47.46,33.04,8628.62,8008.44,2939.51,24633.86,798.48,-36.974724101103604,-24.098360655737704,-4.470252648736756,16.093144560357675,-23.871028037383176,8.354887218045112,0.1,0.0
2020-04-30,73.17,23.8,63.35,92.0,16.6,6.12,89.31,42.1,46.47,32.08,8377.08,7862.52,2912.43,24345.72,778.29,-36.75098109168747,-24.188993482983346,-3.0310509554140133,16.4407796101949,-24.18820224719101,3.2980910425844345,0.0,0.0
2020-05-01,66.36,22.83,58.76,89.44,15.24,5.5,82.92,39.14,43.14,29.24,8144.86,7658.99,2830.71,23723.69,759.08,-35.19168173598553,-22.086899275839368,0.1358574610244989,15.696594427244582,-22.063636363636366,24.15315315315315,-0.08,-0.15
2020-05-04,73.48,23.25,63.66,91.44,15.52,5.81,83.06,40.36,44.88,31.53,7980.96,7644.19,2842.74,23749.76,767.37,-32.465107913669065,-18.25115562403698,-1.1995153473344102,13.28951255539143,-22.350435624394965,20.3876582278481,-0.1,0.0
2020-05-05,75.2,23.87,63.02,92.89,15.32,5.53,82.48,40.92,44.83,31.14,8047.3,7694.53,2868.44,23883.09,773.21,-33.89392857142857,-17.96363636363636,2.8181818181818183,14.343864805290227,-20.30635838150289,19.833065810593897,0.0,0.0
2020-05-06,71.91,23.58,60.91,90.05,13.4,5.6,81.83,40.49,43.99,29.53,7931.83,7578.68,2848.42,23664.64,746.35,-33.856274579907044,-19.139954853273142,1.1298274445357437,14.24835646457268,-19.64022662889518,23.111831442463533,0.0,0.0
2020-05-07,73.31,24.06,61.26,92.64,13.88,5.51,87.02,42.42,44.24,30.78,8050.59,7654.66,2881.19,23875.89,751.97,-33.761001788908764,-19.35272727272727,2.848509266720386,14.161667885881494,-19.16603415559773,40.00511073253833,0.0,0.0
2020-05-08,77.06,24.03,65.92,95.47,15.02,5.78,89.99,43.08,46.18,33.03,8332.5,7824.07,2929.8,24331.32,764.11,-33.36939218523879,-23.511490479317136,0.1367713004484305,15.907421576128538,-22.01466544454629,12.235127478753538,-0.5,0.0
2020-05-11,76.67,23.5,65.57,93.37,15.03,5.75,84.44,42.27,45.74,32.7,8234.18,7778.02,2930.32,24221.99,761.83,-30.84390771449171,-21.206923076923076,-4.688051323175621,13.312362838332115,-21.09353905496625,10.001557632398754,0.0,0.0
2020-05-12,73.53,23.06,63.34,91.1,14.58,5.96,84.03,41.58,44.12,32.21,8000.55,7625.26,2870.12,23764.78,753.3,-31.692032868881746,-18.72630780894617,-0.3661971830985916,13.529199711607784,-18.7487922705314,25.518644067796608,-0.1,0.0
2020-05-13,71.03,22.23,59.05,88.7,13.44,5.56,79.38,39.89,41.93,31.05,7823.8,7478.46,2820.0,23247.97,747.54,-31.716893342877594,-16.717987804878053,0.9178981937602628,13.261494252873565,-17.641706161137442,36.378559463986605,-0.6,0.0
2020-05-14,71.75,22.14,59.41,90.05,13.76,5.64,82.21,39.93,42.3,30.89,7861.34,7571.68,2852.5,23625.34,754.78,-31.989251164457183,-17.12043795620438,1.6778846153846154,13.03735632183908,-18.80552907530982,32.60299003322259,0.0,0.0
2020-05-15,70.93,21.82,58.78,89.16,13.82,5.61,82.86,40.87,42.0,30.3,7761.0,7542.66,2863.7,23685.42,744.49,-31.465892597968068,-18.793122886133034,-0.2280025690430315,13.802264150943394,-19.532033426183844,39.35416666666666,0.0,0.0
2020-05-18,76.28,23.51,64.35,92.55,15.07,6.08,93.38,43.6,45.34,34.95,8322.86,7889.39,2953.91,24597.37,773.18,-28.65341525117456,-13.999357739242132,-0.9129540781357094,12.157205240174672,-19.61560975609756,14.827315541601255,-0.2,0.0
2020-05-19,75.22,22.91,64.05,89.62,14.37,5.82,89.65,42.67,43.94,34.5,8228.93,7773.22,2922.94,24206.86,761.4,-29.858216970998924,-12.505389980976537,2.611225188227241,12.484587813620072,-17.00881488736533,29.267886855241265,0.0,0.0
2020-05-20,78.25,23.62,67.34,93.0,14.99,5.95,92.43,44.15,45.37,36.82,8488.98,7899.45,2971.61,24575.9,761.59,-30.2783542039356,-10.854961832061068,4.426420260095825,12.067567567567568,-14.14437984496124,36.36198347107438,0.0,0.0
2020-05-21,77.09,23.38,65.73,92.04,14.25,5.94,92.93,43.72,44.56,35.69,8452.85,7858.37,2948.51,24474.12,754.02,-30.643394199785174,-10.346413243408954,6.683535762483131,11.90759312320917,-12.144508670520231,45.422750424448225,-0.2,0.0
2020-05-22,76.46,22.98,65.68,90.28,14.13,5.89,92.42,43.28,44.6,35.57,8470.09,7878.64,2955.45,24465.16,763.93,-31.30359085963003,-12.705040091638026,6.205541237113402,12.209302325581396,-10.509073543457498,47.68360655737704,0.0,0.0
2020-05-26,78.97,23.26,68.7,93.3,14.4,6.03,93.72,43.67,45.91,36.83,8895.61,8079.96,2991.77,24995.11,769.03,-28.712956335003575,-9.937139191789608,4.4267386900742745,10.948936170212765,-15.529698149951315,43.84154929577465,0.0,0.0
2020-05-27,81.73,23.93,70.18,93.9,14.42,6.15,94.19,44.67,46.24,36.58,9151.39,8255.95,3036.13,25548.27,777.69,-28.266117478510033,-8.89470365699874,4.258904109589041,11.10056258790436,-13.040394088669949,49.84055459272096,-0.4,-0.7
2020-05-28,78.56,23.26,67.13,90.87,13.64,5.7,92.54,43.01,45.04,35.18,9005.43,8239.27,3029.73,25400.64,800.8,-27.90060997488339,-9.189975247524751,5.3517382413087935,11.409893992932863,-12.490272373540854,40.29081632653061,-0.1,0.0
2020-05-29,78.26,23.14,66.64,91.7,12.95,5.34,91.6,42.18,45.47,35.14,8969.79,8239.6,3044.31,25383.11,806.92,-26.711321441572622,-12.342075256556445,2.3895424836601307,11.453216374269006,-11.635148042024833,47.76229508196721,0.1,0.0
2020-06-01,78.83,23.84,66.58,92.79,13.81,5.69,92.91,43.39,46.28,36.5,8965.91,8271.8,3055.73,25475.02,815.33,-25.235698769007964,-3.154397394136808,7.04394861392833,8.890934844192632,-10.252736318407962,48.81949458483754,0.0,0.0
2020-06-02,81.57,24.95,68.19,94.69,14.75,5.86,96.16,44.2,47.31,37.72,9134.88,8368.23,3080.82,25742.65,820.4,-26.594052310999647,-4.014640356460853,7.883831521739131,9.566736547868622,-10.264471057884233,57.54212454212454,0.0,0.0
2020-06-03,83.73,25.9,70.54,97.18,15.45,5.95,100.77,45.12,49.24,38.59,9440.77,8554.09,3122.87,26269.89,831.27,-26.82789530297598,-1.8146496815286624,10.297515110812624,9.375348189415043,-9.340842311459351,54.60837887067395,0.0,0.0
2020-06-04,83.13,25.69,70.05,96.28,15.55,6.23,103.55,44.71,49.1,38.04,9575.25,8553.37,3112.35,26281.82,814.06,-26.93608617594255,-4.531481481481481,9.295347269049225,9.593837535014003,-9.107003891050585,58.75134168157424,0.0,0.0
2020-06-05,87.4,27.71,74.64,100.81,20.79,7.32,110.89,48.59,53.08,41.56,9872.96,8797.87,3193.93,27110.98,826.52,-26.90495265841223,-8.554723502304148,6.063624678663238,9.711988304093568,-9.724708171206226,54.0,0.0,0.0
2020-06-08,89.73,28.38,75.62,103.24,24.4,8.43,116.78,50.31,54.74,42.21,10052.85,8962.47,3232.39,27572.44,847.26,-25.355130057803468,-4.533116883116883,4.735694822888283,8.606360424028269,-10.429287863590773,51.640429338103765,0.0,0.1
2020-06-09,85.67,27.34,71.27,101.53,23.18,7.66,108.53,48.63,53.52,40.41,9825.57,8825.49,3207.18,27272.3,830.34,-26.394699140401148,-4.89980732177264,5.651907356948229,9.503511235955058,-10.268582755203171,50.41261261261261,0.0,-0.3
2020-06-10,84.33,26.38,69.05,97.58,20.76,7.11,102.73,45.91,50.65,39.19,9579.07,8708.66,3190.14,26989.99,824.72,-26.256456241033,-2.417358008934269,6.968707482993198,9.055594162612923,-8.162451361867706,58.42105263157895,-0.2,0.0
2020-06-11,75.0,24.07,60.68,89.37,17.41,6.26,96.64,42.12,46.18,35.33,8839.36,8137.92,3002.1,25128.17,793.23,-26.397702799712853,-2.442379182156134,8.348617666891437,8.742657342657344,-6.729227761485825,63.526802218114604,0.0,-0.24
2020-06-12,77.26,24.75,63.79,92.39,18.5,6.58,98.23,43.73,47.17,36.62,9081.9,8280.24,3041.31,25605.54,793.0,-26.508727272727274,-5.832760595647192,6.530144167758848,8.300582241630277,-4.733461169702782,72.92660550458716,0.0,0.0
2020-06-15,75.6,24.36,63.59,91.23,19.05,6.6,95.55,43.35,47.14,37.84,9160.08,8339.43,3066.59,25763.16,799.76,-25.119202898550725,-1.5854450942170242,5.7430129516019095,7.961864406779661,-6.496489468405216,60.72264150943396,0.0,0.0
2020-06-16,77.04,24.55,66.16,94.03,20.29,6.74,97.06,45.11,48.2,38.64,9259.63,8465.82,3124.74,26289.98,802.37,-26.0010756543564,-0.9067092651757188,7.945159106296548,8.50070126227209,-7.162487462387161,70.80343511450381,0.0,0.0
2020-06-17,72.88,23.7,62.32,91.54,19.04,6.37,94.24,44.02,46.63,37.13,9239.09,8425.29,3113.49,26119.61,800.36,-26.379928315412194,0.03974763406940063,8.482058226134058,8.075156576200419,-5.450292397660818,75.59375,0.0,0.0
2020-06-18,76.24,23.69,64.63,91.94,19.67,6.49,94.54,44.45,46.92,38.47,9207.63,8408.05,3115.34,26080.1,798.74,-26.811625403659853,-0.6053283767038414,8.753846153846155,7.999300699300699,-4.291176470588234,76.36520076481834,0.0,0.0
2020-06-19,74.7,23.67,63.16,90.63,19.71,6.36,93.58,43.7,45.98,38.19,9077.75,8288.65,3097.74,25871.46,770.61,-27.429298436932026,-4.252873563218391,7.817532467532468,7.614317019722424,-3.215339233038348,77.43382352941177,0.0,0.0
2020-06-22,74.4,23.87,62.66,91.59,19.91,6.27,95.1,43.56,46.42,38.61,9061.98,8332.6,3117.86,26024.96,780.42,-27.446608946608947,-3.612231620039037,2.7503410641200547,8.308791994281629,-5.447105788423153,57.680373831775704,0.0,0.0
2020-06-23,74.7,24.17,62.65,91.44,19.79,6.33,96.76,43.81,46.7,38.8,9181.57,8370.31,3131.29,26156.1,773.47,-27.89234620886981,-1.262684649967887,6.418243243243243,8.592383638928068,-5.654,70.34042553191489,0.0,0.0
2020-06-24,69.99,23.14,58.02,87.64,18.0,5.79,92.16,40.99,44.5,36.23,8899.24,8163.9,3050.33,25445.94,767.6,-26.72515249372084,0.05357142857142857,7.119128658951667,7.949860724233982,-4.343503937007874,74.54724409448819,-0.8,0.0
2020-06-25,70.07,23.5,57.28,89.21,18.54,5.98,97.7,42.06,45.17,36.69,9000.3,8223.63,3083.76,25745.6,757.34,-27.016864011481882,-0.5699322242760321,8.269335142469469,7.944755244755245,-2.5631733594515183,78.82625482625483,-0.1,0.0
2020-06-26,68.07,22.76,56.32,86.46,17.69,5.74,94.11,40.35,43.62,35.37,8805.74,8028.39,3009.05,25015.55,749.4,-27.29038112522686,-5.853477765108324,4.687540769732551,8.210526315789473,-1.965953307392996,73.9815157116451,-0.1,0.0
2020-06-29,68.66,23.48,56.95,87.67,17.86,5.96,94.44,41.3,44.32,35.4,9052.64,8219.33,3053.24,25595.8,764.39,-26.84662576687117,-0.3791968400263331,4.942955326460481,8.027817403708987,-4.8121212121212125,61.378731343283576,-0.7,0.0
2020-06-30,71.9,23.32,58.82,89.23,18.3,6.12,97.7,42.02,44.72,37.38,9172.72,8292.07,3100.29,25812.88,767.5,-27.87119856887299,2.6602809706257986,8.189830508474577,8.376669009135629,-4.3340060544904135,64.52115384615385,0.0,0.0
2020-07-01,69.11,23.21,56.44,87.62,17.41,5.95,95.5,40.74,43.71,35.68,9153.01,8305.59,3115.86,25734.97,785.15,-28.568458781362015,7.676154332700822,13.51824324324324,7.548771929824562,-0.4801192842942346,69.84007707129095,0.0,0.0
2020-07-02,68.42,23.41,56.34,88.31,17.78,6.12,96.8,41.78,44.08,36.07,9235.7,8344.08,3130.01,25827.36,786.89,-31.756167322130853,12.751851851851852,21.49633088725817,7.049893086243763,3.87891019172553,87.06653225806451,0.0,0.0
2020-07-06,68.09,23.64,56.47,88.57,18.18,5.86,98.72,41.63,44.39,36.36,9386.94,8449.43,3179.72,26287.03,779.03,-31.321338611011157,1.6345536287732818,6.938858695652174,8.533576642335769,-2.638775510204081,60.1472275334608,0.0,0.0
2020-07-07,64.61,23.02,53.12,86.31,17.15,5.57,96.07,40.64,43.24,34.69,9278.61,8344.36,3145.32,25890.18,775.59,-29.933523945675482,-0.2368919772583702,7.382716049382715,8.770596590909092,-5.19438877755511,64.88372093023256,0.0,0.0
2020-07-08,63.98,23.16,52.98,86.35,17.28,5.67,96.59,41.04,43.14,34.15,9322.43,8401.4,3169.94,26067.28,783.15,-28.622763063707943,0.435031847133758,7.46758620689655,8.364019676739284,-5.163690476190476,67.57925636007828,0.0,0.0
2020-07-09,58.98,22.05,50.22,82.74,16.28,5.27,91.48,38.35,41.36,33.35,9140.43,8277.25,3152.05,25706.09,774.23,-28.85202436402723,-0.8401234567901235,7.876358695652174,8.459802538787024,-4.596491228070176,72.3409090909091,0.0,0.0
2020-07-10,61.06,22.46,53.65,85.23,16.71,5.35,92.44,39.69,42.65,36.2,9312.48,8415.93,3185.04,26075.3,791.35,-28.58635703918723,-6.377840909090909,3.8032573289902283,8.9476401179941,-5.1726829268292684,59.20109689213894,0.0,0.0
2020-07-13,60.27,22.46,53.23,85.4,16.16,5.13,91.0,39.66,42.66,35.31,9305.95,8416.33,3155.22,26085.8,791.24,-27.644893540238186,-1.2018170019467878,5.066252587991719,7.695714285714287,-6.48991935483871,66.63385826771653,0.0,0.0
2020-07-14,61.96,23.28,54.4,88.35,16.68,5.37,95.66,41.31,44.07,36.2,9465.24,8572.4,3197.52,26642.59,799.91,-28.817238912732478,-0.7600258732212161,6.451127819548872,8.288747346072187,-7.024630541871921,76.38522954091816,0.0,0.0
2020-07-15,65.46,23.81,57.23,88.89,17.18,5.69,96.59,41.62,44.63,37.57,9737.44,8667.57,3226.56,26870.1,796.47,-28.04233943308217,0.44565217391304346,7.61533196440794,8.021754385964913,-6.292352371732818,72.12572533849129,0.0,0.0
2020-07-16,64.87,23.72,56.58,88.36,17.01,5.72,96.82,41.59,44.28,37.39,9791.39,8677.43,3215.57,26734.71,809.52,-28.48368590892793,-1.6370370370370366,7.6232179226069245,8.288231148696266,-5.213359920239283,75.41941747572815,0.0,0.0
2020-07-17,63.84,23.25,55.47,87.19,16.28,5.51,96.52,39.96,43.52,37.93,9900.09,8723.95,3224.73,26671.95,828.6,-28.584481508339376,-6.2319909245604075,4.679921773142112,8.563421828908552,-4.538160469667319,68.99815498154982,-0.3,-0.2
2020-07-20,62.33,22.94,54.33,85.27,15.69,5.49,96.91,39.33,42.5,36.75,9745.13,8671.17,3251.84,26680.87,817.04,-28.249009009009015,-2.848191214470284,3.9563437926330147,7.977793696275071,-6.801010101010102,61.78857142857144,0.0,-0.7
2020-07-21,66.42,24.09,57.58,91.39,17.41,5.86,102.72,41.66,44.65,38.54,9810.31,8721.8,3257.3,26840.4,820.47,-29.179120486235252,-2.6796925048046125,4.647906657515444,8.636170212765958,-7.906281156530409,67.5873320537428,0.17,0.0
2020-07-22,65.25,23.45,57.07,91.04,16.95,5.79,102.51,40.89,43.61,38.73,9797.25,8767.16,3276.02,27005.84,829.5,-27.92682926829268,-1.7372122762148337,5.196159122085048,8.388771929824559,-6.615686274509804,61.69886363636363,0.0,0.0
2020-07-23,65.18,23.22,57.67,91.01,16.82,5.76,100.66,40.46,43.7,38.88,9763.69,8694.92,3235.66,26652.33,830.7,-28.11063218390805,-2.711980136561142,5.909972299168974,8.316420014094433,-5.792527040314652,65.39238095238095,0.0,0.0
2020-07-24,65.06,22.93,57.98,90.13,16.74,5.72,99.68,40.28,43.43,38.7,9730.12,8643.85,3215.63,26469.89,825.74,-28.245365321701197,-6.811224489795919,3.370882740447958,8.407488986784141,-5.209347614410905,66.8195211786372,-0.5,0.0
2020-07-27,64.59,23.14,58.03,91.04,16.7,5.63,98.52,39.77,44.07,38.52,9817.42,8660.92,3239.41,26584.77,813.02,-28.322290241267556,-3.0696040868454664,2.8365253077975376,8.035919540229887,-7.530938123752495,58.03415559772296,-0.3,0.0
2020-07-28,63.58,22.82,56.89,89.11,16.35,5.53,96.55,38.96,43.55,38.12,9696.55,8618.93,3218.44,26379.28,825.47,-28.435934144595567,-2.798975672215109,3.967961826857533,8.413597733711049,-8.516898608349901,64.88212180746562,0.1,0.0
2020-07-29,65.58,23.22,59.69,90.07,17.03,5.74,98.54,39.94,44.03,39.91,9906.38,8700.77,3258.44,26539.57,828.96,-28.600500715307582,-1.6605793450881612,4.34716459197787,8.014035087719298,-7.111221449851043,69.0326923076923,0.0,0.0
2020-07-30,63.09,22.44,56.33,86.27,15.77,5.51,95.85,37.64,41.87,38.08,9907.48,8656.46,3246.22,26313.65,828.13,-28.99390462531373,-2.2982241273729334,4.715652768284348,8.184452296819789,-6.166502463054187,65.87947269303201,-0.35,0.0
2020-07-31,62.02,22.04,56.23,83.94,15.74,5.49,96.92,37.39,42.08,38.2,9994.81,8701.84,3271.12,26428.32,830.77,-28.500726216412488,-3.4918604651162792,5.603058510638298,7.670821114369501,-3.941348973607038,68.37453874538745,-0.39,-0.8
2020-08-03,61.12,22.09,53.91,84.81,15.25,5.52,97.84,36.71,42.25,38.57,10011.72,8734.84,3294.61,26664.4,822.34,-27.713150289017342,1.580117724002616,7.401509951956074,7.398141529664046,-6.250251256281407,56.764705882352935,-0.4,0.0
2020-08-04,61.85,23.74,53.02,86.49,15.74,5.78,99.52,37.64,43.47,37.69,10086.66,8800.84,3306.51,26828.47,832.49,-29.300786838340482,-1.204356181934657,4.960490463215259,8.307583274273567,-8.3698224852071,60.31153846153846,0.0,-0.17
2020-08-05,61.96,23.95,51.62,87.2,15.94,5.98,102.65,38.02,43.85,36.43,10215.41,8886.24,3327.77,27201.52,825.37,-28.091723396632034,0.5982199618563255,6.4717630853994494,7.086713286713287,-5.6722939424031775,75.9103869653768,0.0,0.0
2020-08-06,60.97,23.26,51.48,87.47,15.45,5.68,102.36,38.05,43.64,35.73,10331.09,8952.74,3349.16,27386.98,828.87,-28.372309899569586,-1.2475369458128078,5.651401230348599,7.272982456140351,-4.541584158415842,70.41666666666667,0.0,0.0
2020-08-07,62.87,22.98,52.66,86.8,15.45,5.74,104.28,38.3,43.44,36.67,10576.38,9040.58,3351.28,27433.48,843.23,-27.91960712986541,-4.901836969001148,2.631372549019608,7.340627279358133,-4.511285574092248,69.62239089184061,-0.3,0.0
2020-08-10,64.87,23.5,53.55,89.73,16.48,6.04,108.99,39.64,44.51,37.13,10864.94,9166.38,3360.47,27791.44,841.03,-27.721198988804627,-1.9251129761136216,2.0075290896646134,6.954935622317596,-7.0903553299492375,56.137142857142855,0.0,0.0
2020-08-11,64.11,23.81,53.65,89.62,15.16,5.94,106.56,39.71,44.97,36.95,10889.53,9116.6,3333.69,27686.91,821.99,-28.4940839010398,-1.1519230769230768,4.218878248974009,7.220650636492222,-7.4595404595404595,70.404,0.0,0.0
2020-08-12,64.41,24.26,55.12,90.72,14.92,5.98,110.5,41.66,44.09,38.13,10936.1,9208.97,3380.35,27976.84,836.74,-27.94729293653639,-0.7866242038216561,4.1883561643835625,7.214637579169599,-6.580708661417322,62.04563492063492,0.0,0.0
2020-08-13,62.63,23.45,53.19,89.82,14.6,5.89,109.94,40.63,43.01,37.26,10886.48,9178.77,3373.43,27896.72,834.39,-28.091529073941132,-2.225568531038721,4.4200411805078925,7.339197748064742,-5.896551724137932,59.41634980988593,0.0,0.0
2020-08-14,63.66,22.99,54.46,90.35,14.64,6.05,110.73,40.82,43.2,38.35,10959.54,9183.35,3372.85,27931.02,824.87,-27.591124045107307,-5.440136830102623,1.719218241042345,7.330893118594437,-5.449951409135083,66.30434782608695,0.0,0.0
2020-08-17,62.36,22.75,55.6,90.77,13.91,5.92,108.61,40.7,42.64,38.65,10952.94,9163.87,3381.99,27844.91,823.96,-32.55760368663594,-10.35265700483092,-4.896153846153847,6.630977872947893,-29.86585365853659,21.532258064516128,0.0,0.0
2020-08-18,61.31,22.36,54.74,87.63,13.95,5.95,107.7,40.33,42.43,37.24,10865.12,9125.74,3389.78,27778.07,820.37,-31.44786944696283,-10.303514376996805,-3.636,7.025783972125436,-30.8099173553719,27.487179487179485,0.0,0.0
2020-08-19,61.42,22.24,54.26,86.39,13.82,5.73,104.77,39.65,41.96,37.18,10883.12,9107.45,3374.85,27692.88,817.16,-31.68918918918919,-9.770833333333334,-3.7842003853564554,6.783448275862068,-30.26229508196721,21.089430894308947,0.0,0.0
2020-08-20,60.97,21.96,52.7,84.81,13.4,5.51,102.67,38.77,41.32,35.62,10893.93,9106.56,3385.51,27739.73,810.59,-31.83363471971067,-10.090076335877864,-3.1311787072243344,6.6643502432244635,-28.97131147540984,24.144000000000002,0.0,0.0
2020-08-21,60.97,21.46,52.62,85.08,13.16,5.27,102.11,38.16,41.01,35.4,10940.68,9151.03,3397.16,27930.33,809.61,-31.59756097560976,-12.996057818659658,-3.923469387755102,6.972423802612482,-27.71653543307087,21.456521739130434,0.0,-0.4
2020-08-24,63.65,21.91,54.99,87.2,13.62,5.45,104.75,38.87,42.22,36.81,11148.61,9282.43,3431.28,28308.46,817.71,-31.407784986098235,-12.533123028391168,-6.132462686567163,6.90148830616584,-31.443089430894307,14.76984126984127,0.15,-0.3
2020-08-25,61.63,21.62,54.25,86.13,13.51,5.49,106.92,38.85,40.88,36.45,11127.01,9253.63,3443.62,28248.44,810.8,-31.779584462511288,-11.96984126984127,-4.2810077519379846,7.202223766504518,-31.572016460905353,17.444444444444443,-0.15,-0.4
2020-08-26,60.03,21.38,53.7,84.78,12.96,5.3,104.41,37.56,40.01,35.33,11126.55,9247.44,3478.73,28331.92,798.89,-30.794064748201443,-10.985826771653542,-3.930188679245283,6.789035392088827,-30.54732510288066,23.16935483870968,-0.3,-0.2
2020-08-27,60.26,21.14,53.44,84.91,13.04,5.36,105.38,38.15,39.74,34.98,11205.61,9298.2,3484.55,28492.27,800.69,-31.882882882882882,-13.423652694610777,-5.846590909090909,7.187237026647966,-30.65447154471545,19.3671875,-0.1,-0.2
2020-08-28,61.79,21.38,54.89,85.63,13.13,5.39,105.6,38.38,40.69,37.09,11322.0,9353.92,3508.01,28653.87,800.73,-30.552930056710768,-14.397385620915033,-6.446880269814503,7.0858181818181825,-28.72727272727273,15.963503649635037,-0.33,0.0
2020-08-31,58.47,20.93,52.59,83.93,12.74,5.28,103.93,37.89,39.94,35.46,11185.35,9286.56,3500.31,28430.05,803.22,-30.295985060690946,-11.655394524959743,-6.2052730696798495,6.417551309271055,-30.116935483870968,12.782945736434106,0.0,0.0
2020-09-01,58.79,20.77,52.47,83.08,12.48,5.32,102.98,37.16,39.43,34.97,11316.69,9339.25,3526.65,28645.66,794.08,-30.68090909090909,-8.632850241545894,-1.4036144578313252,6.327298050139276,-29.356557377049178,19.55284552845529,0.0,0.0
2020-09-02,60.05,20.57,52.91,83.19,12.4,5.12,100.92,36.38,39.19,35.01,11451.51,9499.77,3580.84,29100.5,818.68,-30.340847610459875,-9.5952,-3.3267716535433065,6.278008298755188,-29.881632653061228,18.078125,0.0,-0.03
2020-09-03,59.69,20.61,52.33,82.28,12.59,4.99,98.38,35.99,39.11,34.26,11168.57,9265.28,3455.06,28292.73,808.12,-30.57246376811594,-7.789719626168225,0.37869822485207105,5.5605953224663365,-26.106557377049178,21.82677165354331,0.0,0.0
2020-09-04,58.98,20.54,51.22,81.93,12.25,4.93,99.1,35.86,39.08,33.64,11225.51,9238.33,3426.96,28133.31,803.7,-32.20056497175141,-9.627210884353742,0.14616755793226385,5.399109792284866,-24.11065573770492,28.962406015037594,0.0,0.0
2020-09-08,57.96,20.15,48.73,78.97,11.06,4.5,94.36,34.06,38.18,32.33,11080.87,9076.56,3331.84,27500.89,798.63,-32.342676311030736,-12.7584,-3.95686274509804,6.321152494729445,-30.253061224489798,8.323076923076924,0.0,0.0
2020-09-09,57.87,20.32,47.75,80.03,11.07,4.54,96.6,34.46,37.95,31.77,11244.98,9215.53,3398.96,27940.47,809.51,-30.26912691269127,-12.7015625,-5.290630975143404,5.9680624556423,-30.7710843373494,6.192592592592592,0.0,0.0
2020-09-10,55.36,19.91,45.63,78.15,10.19,4.36,91.45,32.92,37.0,30.27,11178.97,9099.44,3339.19,27534.58,796.34,-30.500907441016327,-13.402694610778447,-5.334593572778828,5.672362555720653,-30.396,9.2,0.0,0.0
2020-09-11,57.07,20.06,46.39,77.69,10.22,4.47,92.07,33.11,36.9,31.25,11282.64,9152.92,3340.97,27665.64,799.93,-23.50383912248629,-7.495167708925526,-2.6785022595222725,5.002304147465439,-7.938461538461539,55.956239870340355,0.0,0.0
2020-09-14,58.37,19.84,47.51,77.29,10.17,4.4,93.35,33.52,36.66,32.02,11380.84,9256.7,3383.54,27993.33,810.94,-21.09206695778748,-4.4482315112540185,-0.3421949556918882,5.119733924611974,-9.43996062992126,50.39590443686007,-0.7,0.0
2020-09-15,58.05,19.66,46.56,76.35,10.71,4.34,94.63,33.8,36.27,31.09,11476.96,9291.14,3401.2,27995.6,818.68,-22.232683982683984,-2.7375,1.468215994531784,5.761598857958601,-10.061569016881828,55.99094202898551,0.0,0.0
2020-09-16,60.51,19.96,49.1,78.56,11.64,4.56,97.55,35.08,37.81,32.36,11555.14,9307.08,3385.49,28032.38,814.51,-23.301187477509888,-4.416300940438871,-1.9203296703296704,5.610169491525424,-10.208414872798434,54.94570928196147,0.0,0.0
2020-09-17,60.35,19.56,49.0,78.79,11.86,4.68,97.08,36.09,37.8,32.12,11552.36,9274.59,3357.01,27901.98,810.81,-23.19379285456514,-5.2289521502119936,-1.4690444145356665,6.107372942018611,-9.142857142857142,48.003418803418796,0.0,0.0
2020-09-18,59.82,18.88,48.71,78.21,11.65,4.82,95.78,35.87,37.19,32.28,11431.92,9178.93,3319.47,27657.42,797.95,-21.499267935578327,-5.169239565465982,-1.8080155138978669,5.40597667638484,-7.029608404966571,54.46451612903226,0.0,0.0
2020-09-21,55.92,18.32,47.36,76.3,11.29,4.56,91.92,34.36,36.43,31.25,11129.51,9009.48,3281.06,27147.7,793.72,-22.1765988372093,-4.608695652173913,-1.4103612815269255,5.741415557112823,-9.736894164193867,46.48376068376069,0.0,0.0
2020-09-22,55.36,18.48,47.42,75.53,11.08,4.47,92.52,34.3,35.53,31.04,11215.01,9064.7,3315.57,27288.18,799.37,-22.185678301547323,-5.217884130982368,-0.9620951068228808,6.2939958592132506,-11.956175298804778,46.1891418563923,-0.1,0.0
2020-09-23,52.63,17.97,44.51,71.95,10.41,4.21,86.9,32.92,34.39,28.73,11095.09,8912.4,3236.92,26763.13,785.16,-21.138067772170157,-5.4380113278791695,-1.1075120606478293,5.8194522079373945,-11.36531007751938,45.92398648648647,0.0,0.0
2020-09-24,52.85,17.93,44.58,71.8,10.64,4.31,86.56,33.6,34.32,28.62,11117.48,8946.61,3246.59,26815.44,795.93,-21.267702312138727,-6.213855421686747,-1.2617267165193746,6.071188340807175,-9.914645974781763,39.750413223140505,-0.1,0.0
2020-09-25,52.88,17.86,43.92,71.83,10.22,4.14,85.9,33.7,34.64,28.63,11270.0,9069.85,3298.46,27173.96,808.13,-20.428780666422554,-6.952136752136752,-2.236893203883495,5.730251609128145,-8.704588910133841,42.89628482972136,-0.3,0.0
2020-09-28,53.98,18.18,44.82,73.93,10.34,4.29,88.31,33.71,35.31,29.95,11440.95,9188.66,3351.6,27584.06,810.2,-19.939051094890512,-7.163394553514882,-2.2796495956873315,6.155844155844156,-11.284584980237154,29.312803889789304,-0.3,0.0
2020-09-29,52.19,17.67,43.41,71.9,9.99,4.16,86.4,32.46,34.28,29.43,11301.01,9131.83,3335.47,27452.66,808.99,-20.687116564417177,-6.83625,-1.1519507186858315,6.144139091418957,-12.265547877591311,28.63210702341137,0.0,0.0
2020-09-30,51.84,17.46,43.32,72.0,10.01,4.09,85.99,32.84,34.33,29.34,11229.72,9190.95,3363.0,27781.7,814.7,-21.535469931580838,-3.902469917669411,0.7605244996549344,5.1883892999430845,-9.663414634146342,37.616026711185306,-0.2,0.0
2020-10-01,50.28,16.83,40.28,70.42,9.68,3.95,84.57,32.43,33.13,27.71,11211.11,9211.11,3380.8,27816.9,824.27,-20.221500721500718,-1.4874310239117106,4.532926001357773,4.456745311554749,-7.224054316197866,40.44462809917356,0.0,0.0
2020-10-02,51.06,16.85,40.73,71.19,9.87,4.12,86.54,33.07,32.98,28.27,11297.1,9217.9,3348.44,27682.81,832.49,-19.91587068332109,-3.741880341880342,2.196520618556701,4.378658536585366,-5.839423076923077,37.88307692307692,-0.2,0.0
2020-10-05,52.55,17.19,43.07,72.7,10.51,4.23,89.32,34.28,33.74,29.24,11482.09,9368.48,3408.63,28148.64,844.57,-21.293134762077734,-4.862244897959183,0.997945205479452,4.706547619047619,-9.097291875626881,34.39344262295082,0.0,0.0
2020-10-06,51.06,16.93,42.33,72.3,10.13,4.04,88.03,33.3,33.39,28.83,11399.14,9289.77,3360.95,27772.76,850.89,-21.845765765765766,-5.006277463904582,1.5504840940525588,4.726218097447796,-10.052052052052053,46.131715771230496,-0.35,0.0
2020-10-07,51.93,17.03,42.35,73.78,10.28,4.13,88.94,34.33,33.5,29.21,11690.02,9469.63,3419.45,28303.46,859.99,-21.017638588912888,-5.305728518057285,0.7508555783709788,4.995394358088658,-9.403508771929824,44.696917808219176,0.0,0.0
2020-10-08,53.64,17.49,44.36,75.22,11.18,4.38,89.48,35.53,35.26,31.12,11762.56,9535.99,3446.83,28425.51,875.3,-21.037531577048,-5.69043266301036,1.0340136054421771,5.308873720136519,-7.041747572815534,47.74666666666667,0.0,0.0
2020-10-09,53.04,17.36,43.64,74.0,10.82,4.26,88.07,35.13,34.74,30.12,11861.95,9588.9,3477.13,28586.9,875.81,-21.870411160058733,-7.726598173515983,-1.7952910398953563,5.686320754716982,-6.661821705426357,48.79462875197471,0.0,0.0
2020-10-12,53.46,17.24,43.09,74.51,10.81,4.29,88.68,35.59,34.63,30.49,11880.44,9653.91,3534.22,28837.52,882.82,-26.788218286953377,-7.448060075093868,-2.7291242362525456,7.277809147374366,-9.127744510978044,25.352657004830924,0.0,0.0
2020-10-13,51.27,16.68,41.43,73.4,10.52,4.23,88.15,34.88,34.22,29.38,11783.22,9590.89,3511.93,28679.81,876.05,-21.296176046176047,-7.383561643835616,-0.7675528289025222,6.038742279618193,-10.852882703777338,35.49498327759197,-0.1,0.0
2020-10-14,52.08,16.59,41.71,72.95,10.45,4.2,90.09,34.53,34.15,29.91,11887.49,9579.0,3488.67,28514.0,875.19,-20.549711815561963,-5.0650406504065035,0.5570145127850725,5.71875,-8.61078431372549,44.467336683417095,0.0,0.0
2020-10-15,52.51,16.44,41.56,73.51,10.61,4.27,92.22,35.4,34.45,30.54,11988.83,9596.37,3483.34,28494.2,875.22,-21.20851370851371,-5.576219512195122,1.2038303693570451,5.9821328866555,-7.4400386847195366,38.94453507340946,0.0,0.0
2020-10-16,50.58,16.25,40.22,72.89,10.09,4.07,90.26,33.77,34.1,29.37,11836.43,9603.02,3483.81,28606.31,884.52,-21.28157121879589,-7.8482092097782825,-2.093274111675127,6.348650201033887,-7.577712609970675,24.940564635958395,0.0,0.0
2020-10-19,48.95,16.03,39.29,71.28,9.82,3.98,87.05,32.7,33.42,28.25,11708.09,9484.21,3426.92,28195.42,877.6,-20.236,-9.624688279301745,-3.3544902093180284,6.290776152980879,-10.797830374753454,19.00786163522013,0.0,0.0
2020-10-20,49.59,16.15,40.7,71.68,10.07,4.15,83.53,32.58,33.7,29.24,11860.3,9544.31,3443.12,28308.79,881.15,-20.519494584837545,-9.261978842563783,-2.280163599182004,6.602686066032456,-12.05923000987167,26.14583333333333,0.0,0.0
2020-10-21,48.72,15.83,40.54,70.87,9.66,4.1,78.44,30.64,33.16,28.82,11725.02,9489.82,3435.56,28210.82,877.1,-19.75955299206921,-6.834371108343711,-1.0652920962199313,6.04381586245147,-10.434611602753195,30.82333873581848,0.0,0.0
2020-10-22,50.01,16.1,41.28,73.4,10.17,4.37,83.0,31.91,34.86,29.51,11748.55,9549.86,3453.49,28363.66,891.28,-20.17141826055576,-7.582829504232165,-1.4920962199312715,6.072676056338028,-9.511695906432747,34.299342105263165,0.0,0.0
2020-10-23,50.48,16.05,41.97,72.57,10.02,4.44,85.54,32.54,34.16,29.89,11880.13,9576.2,3465.39,28335.57,893.68,-20.134065934065934,-9.001701644923426,-3.6242737249838606,6.417241379310345,-8.989433237271854,25.51636904761905,0.0,0.0
2020-10-26,48.14,15.8,39.54,70.94,9.46,4.13,82.8,30.32,33.35,28.6,11604.82,9389.79,3400.97,27685.38,891.98,-20.215272727272726,-11.370231394621642,-4.350984385607603,6.909346846846848,-13.754437869822485,2.5535444947209647,0.0,0.0
2020-10-27,47.07,15.38,38.26,69.51,9.27,4.13,83.78,30.26,32.82,28.19,11431.61,9307.29,3390.68,27463.19,890.68,-21.465367965367967,-10.250775915580387,-2.6584531143052703,7.091973244147158,-13.26197458455523,14.518053375196233,0.0,0.0
2020-10-28,44.22,14.9,36.19,66.88,8.88,3.85,80.33,28.79,31.57,27.5,10945.62,8976.63,3271.03,26519.95,865.33,-20.740447007930783,-9.011764705882351,-2.5941734417344176,6.9446902654867255,-13.521613832853026,10.44104134762634,0.1,0.0
2020-10-29,45.98,15.26,37.53,68.8,9.13,3.99,81.42,29.16,32.97,28.83,11183.52,9058.22,3310.11,26659.11,867.65,-21.725405405405407,-8.866465256797584,-3.0371621621621623,7.052367688022285,-13.050912584053796,2.7898658718330847,0.0,0.0
2020-10-30,46.66,15.48,38.61,69.5,9.13,3.96,79.56,28.62,32.62,29.5,11106.19,8994.36,3269.96,26501.6,857.77,-20.33149577361264,-6.3657407407407405,-0.0940337224383917,5.7302325581395355,-11.310810810810812,14.520114942528734,0.0,0.0
2020-11-02,47.96,16.1,39.9,72.15,9.65,4.15,82.8,30.23,33.99,31.3,11216.42,9132.36,3310.24,26925.05,876.56,-19.88953488372093,-9.312933753943216,-3.003405994550409,6.343468468468468,-14.757665677546985,5.822458270106223,0.0,0.0
2020-11-03,47.52,16.18,39.48,71.74,9.69,4.14,82.2,29.31,33.41,31.91,11559.96,9336.27,3369.02,27480.03,889.78,-22.89185291997116,-0.17803030303030304,4.031778228532793,6.152551878855862,-13.728164867517176,28.87479406919275,0.0,0.0
2020-11-04,47.92,16.13,38.97,71.77,9.81,4.27,83.5,30.38,33.23,31.7,11391.91,9352.63,3443.44,27847.66,877.69,-20.2858687815429,-10.443478260869565,-4.435286103542233,7.011098779134295,-14.84073359073359,19.276131045241808,-0.37,-0.1
2020-11-05,48.19,15.83,39.53,72.14,10.47,4.29,79.58,30.12,33.17,31.83,11669.58,9530.97,3510.45,28390.18,885.44,-20.011564871702205,-9.862627474505098,-2.690427698574338,6.703168426903836,-14.161413562559694,20.675507020280808,0.0,0.0
2020-11-06,46.68,15.64,38.17,71.15,10.01,4.13,77.34,29.19,32.78,31.58,11614.65,9500.04,3509.44,28323.4,881.76,-19.768779772810554,-10.783098591549296,-5.9030186255619785,6.990846681922196,-14.13632030505243,24.059941520467838,0.0,0.0
2020-11-09,57.03,18.08,50.08,79.4,12.23,5.09,88.37,33.38,36.93,36.47,11900.46,9753.13,3550.5,29157.97,898.85,-20.25901639344262,-10.917877447883763,-4.286005434782608,7.011811023622048,-16.17106549364614,12.574923547400612,-0.22,-0.15
2020-11-10,58.14,19.1,49.96,83.07,12.38,5.07,91.75,35.53,36.86,37.64,12096.55,9875.34,3545.53,29420.92,916.18,-21.49892008639309,-10.231677018633539,-2.7270861833105333,7.445125348189415,-15.75638506876228,10.141524105754275,0.1,-0.58
2020-11-11,58.98,18.88,49.79,82.46,11.9,5.07,90.64,35.28,36.48,37.19,12006.71,9853.43,3572.66,29397.63,917.19,-29.07530335474661,-8.634990560100693,-3.7487989018531223,9.644134078212293,-16.827751196172247,0.37858220211161386,0.1,0.0
2020-11-12,54.85,18.28,47.28,80.67,11.31,4.82,86.27,34.01,35.23,34.7,11838.75,9730.23,3537.01,29080.17,902.1,-21.990990990990987,-13.029744199881025,-4.410533423362593,8.352842809364548,-16.466985645933015,-4.224669603524228,0.0,0.0
2020-11-13,58.76,18.8,50.92,83.03,11.8,5.06,90.67,35.36,36.08,37.56,12085.32,9875.68,3585.15,29479.81,910.91,-20.99010989010989,-12.881696428571427,-4.713472485768501,8.23407917383821,-16.337748344370862,0.15491009681881052,0.0,0.0
2020-11-16,62.62,19.76,55.67,88.96,12.7,5.48,94.71,38.08,38.16,40.73,12394.02,10044.34,3626.91,29950.44,917.38,-21.029774872912128,-12.410658307210033,-4.046195652173913,7.349689791314157,-16.651750972762645,-1.0555555555555556,0.0,0.0
2020-11-17,64.34,20.05,54.15,87.04,12.99,5.5,95.91,38.85,38.67,40.61,12434.97,9989.4,3609.53,29783.35,899.01,-22.230437903804734,-12.60818350898946,-2.7396329027872195,8.069754464285714,-16.96673189823875,-1.7625570776255708,0.0,0.0
2020-11-18,60.75,19.56,51.25,84.28,12.87,5.49,94.61,39.18,37.21,38.54,12348.31,9873.75,3567.79,29438.42,881.37,-22.379359942466742,-11.876856435643564,-1.9609321453050037,8.090909090909092,-15.909796314258006,-2.578635014836795,-0.43,-0.2
2020-11-19,61.45,19.53,51.21,85.73,13.36,5.69,96.63,39.47,37.4,39.08,12350.75,9868.93,3581.87,29483.23,872.94,-22.279136690647483,-12.875,-1.5699658703071673,8.114571746384872,-15.139826422372227,3.104321907600596,0.0,0.1
2020-11-20,61.59,19.49,50.82,85.79,13.49,5.6,95.81,39.65,36.94,38.26,12232.1,9801.24,3557.54,29263.48,873.29,-21.426749271137027,-14.086495535714285,-3.930680359435173,8.35304247990815,-12.93548387096774,9.159663865546216,0.0,0.0
2020-11-23,65.84,20.41,56.09,91.03,15.76,6.17,104.5,42.71,39.36,41.22,12424.11,9905.81,3577.59,29591.27,873.01,-25.6566678713408,-9.104392106938256,2.4708304735758406,8.279661016949152,-15.461614173228345,-3.5296735905044514,0.0,0.0
2020-11-24,67.72,21.86,58.49,95.62,16.78,6.45,111.35,44.41,41.98,42.45,12715.38,10072.95,3635.41,30046.24,882.62,-27.73071428571428,-4.9683944374209865,10.267201068804274,8.436627582356223,-11.996027805362466,-0.4520958083832336,0.0,0.0
2020-11-25,66.26,21.41,56.43,92.14,16.72,6.43,109.96,43.63,40.81,41.48,12621.42,10016.17,3629.65,29872.47,880.98,-34.566713981547196,7.247148288973384,32.80655957161981,8.469604015616286,-9.253644314868804,1.626099706744868,-0.3,-0.2
2020-11-27,65.23,21.1,56.62,91.31,16.56,6.35,110.07,42.78,40.19,41.42,12561.43,9997.83,3638.35,29910.37,873.18,-56.09403832505321,-18.85730149916713,-14.883489096573207,17.242011834319527,-34.20292504570384,15.035612535612536,0.1,-0.2
2020-11-30,60.58,19.56,53.77,87.18,15.76,5.92,100.58,39.56,38.13,38.88,12450.17,9901.74,3621.63,29638.64,861.74,-22.74254545454545,-13.850062735257216,-6.456021650879568,9.088335220838053,-17.242574257425744,-19.98071625344352,0.0,0.0
2020-12-01,61.88,20.24,54.4,87.45,15.13,5.86,99.8,39.27,38.5,39.45,12493.74,9958.26,3662.45,29823.92,868.25,-23.372619475386273,-10.943644333124606,-1.0041039671682626,8.920358945597307,-15.9130859375,-9.943560057887119,-0.3,-0.46
2020-12-02,64.43,21.07,58.07,89.87,15.89,6.06,101.53,39.97,39.94,40.58,12546.54,9991.95,3669.01,29883.79,874.66,-22.265754411235147,-11.812034739454095,-2.821428571428572,8.813927576601673,-16.841498559077813,-5.453608247422682,-0.28,-0.2
2020-12-03,65.02,21.36,57.91,89.8,16.39,6.19,105.35,41.2,40.21,40.99,12586.82,10004.29,3666.72,29969.52,866.89,-21.781418797263235,-10.738656987295826,0.27137042062415195,8.610678531701891,-16.54214559386973,-4.193313953488372,-0.37,0.0
2020-12-04,69.32,22.27,61.27,93.28,18.59,6.85,114.06,44.27,41.68,42.91,12742.08,10067.98,3699.12,30218.26,856.13,-20.4011734506784,-14.395075545607163,-5.787610619469026,9.257323377369328,-19.205103969754255,-5.38903743315508,-0.05,0.0
2020-12-07,67.05,21.68,59.46,90.76,18.19,6.69,110.28,42.82,40.9,42.21,12725.21,10041.5,3691.96,30069.79,859.85,-21.56976320582877,-13.448189762796506,-4.463826910074374,8.137210615471487,-20.236893203883493,-12.374647887323945,0.0,0.0
2020-12-08,67.39,21.79,58.98,91.54,19.13,7.07,114.27,42.68,42.24,42.45,12777.05,10070.41,3702.25,30173.88,858.36,-21.06119510439165,-13.000616142945164,-3.446343130553657,8.37890625,-18.705140640155193,-8.042647058823531,-0.18,-0.03
2020-12-09,68.77,21.9,58.8,90.44,19.39,7.15,114.43,42.7,42.8,42.64,12803.02,10052.59,3672.82,30068.81,856.76,-21.598342939481267,-11.971622455274522,-2.4910591471801924,8.315030504714365,-17.581016299137104,-0.6292466765140325,-0.13,-0.6
2020-12-10,70.86,22.41,59.87,93.35,21.31,7.3,118.79,44.0,44.01,43.83,12689.17,10010.3,3668.1,29999.26,854.06,-21.402020931071814,-12.232711966325915,-1.0157318741450068,8.449720670391061,-17.49904397705545,1.2485119047619049,0.0,-0.1
2020-12-11,69.51,22.03,59.03,92.45,20.89,7.06,115.57,43.48,43.8,42.91,12672.38,10017.75,3663.46,30046.37,855.1,-20.508810572687228,-14.829513694801564,-4.900255754475704,9.43210586881473,-19.281954887218046,-4.831292517006802,0.0,0.1
2020-12-14,67.19,21.36,56.39,89.44,19.17,6.72,113.11,42.32,42.22,40.76,12382.97,9916.33,3647.49,29861.55,852.81,-21.91024709302325,-13.323327079424642,-3.1555252387448833,8.994334277620396,-20.03216374269006,-21.272108843537413,0.0,0.0
2020-12-15,68.25,21.94,57.48,89.37,19.84,6.91,117.44,42.8,43.04,42.25,12486.18,10035.91,3694.62,30199.31,871.54,-22.405969075871987,-9.23666038920276,3.4757347915242653,8.612073784237005,-17.211089494163424,-13.577142857142857,0.1,-0.2
2020-12-16,67.29,21.83,56.92,88.69,19.45,6.97,116.89,42.32,43.7,41.65,12497.95,10009.58,3701.17,30154.54,859.59,-23.80301941049605,-14.217526413921693,-2.0157211209842787,10.475014037057832,-19.29293893129771,-21.98489010989011,-0.33,-0.3
2020-12-17,67.17,21.9,56.34,88.41,19.18,6.91,114.38,41.97,43.48,40.58,12639.18,10080.77,3722.48,30303.37,866.78,-24.74080749819755,-15.124546553808946,-3.741649625085208,10.902754356379988,-19.804410354745926,-18.05777166437414,-0.3,0.0
2020-12-18,66.85,21.74,54.77,87.19,18.52,6.73,114.36,40.98,42.73,40.35,12566.07,10024.91,3709.41,30179.05,857.26,-21.756240822320123,-12.603263927968486,-2.1529947916666665,9.646278130409694,-14.473484848484848,-12.5065445026178,-0.1,0.0
2020-12-21,66.49,20.68,54.05,86.09,17.47,6.55,110.89,40.24,41.95,39.75,12485.53,9994.59,3694.92,30216.45,844.96,-27.216763005780354,0.7425227568270482,9.10976430976431,8.212344280860702,-13.774257425742574,-0.6277695716395865,0.0,-0.5
2020-12-22,67.51,20.48,53.7,84.36,16.92,6.31,108.44,39.03,41.24,39.67,12459.81,9945.09,3687.26,30015.51,842.22,-29.55646890636169,5.36941472624292,16.3804780876494,8.315466219988833,-12.047197640117993,4.4169184290030215,0.3,0.1
2020-12-23,69.36,21.21,55.79,85.69,17.89,6.81,113.12,40.08,41.77,41.31,12516.57,9976.14,3690.01,30129.83,840.18,-34.12322443181818,13.917245735944409,32.7491661107405,8.517797552836486,-11.579766536964982,1.7042459736456808,0.0,0.0
2020-12-24,68.73,21.06,55.68,85.33,17.67,6.63,112.49,39.49,41.6,41.21,12522.92,10000.95,3703.06,30199.87,845.97,-58.48909218859958,-10.266788766788768,32.144570286475684,15.714695752009185,-31.182070240295747,-15.348005502063275,-0.2,0.0
2020-12-28,69.33,20.99,55.09,84.9,17.4,6.63,110.65,39.3,41.74,40.78,12524.02,10047.26,3735.36,30403.97,849.55,-36.10454708199069,-8.44359464627151,-3.299529885829416,12.024599542334096,-17.729227761485827,-0.18020679468242248,0.0,0.0
2020-12-29,68.38,21.07,55.45,84.61,17.24,6.57,110.64,39.07,41.27,40.73,12429.48,10012.73,3727.04,30335.67,848.89,-37.580553584102205,-10.27489041953663,-1.9332425068119887,12.8950056753689,-19.69493177387914,0.4834337349397591,-0.5,0.0
2020-12-30,70.6,21.03,56.72,85.33,17.91,6.8,114.57,40.01,41.6,41.57,12459.23,10036.39,3732.04,30409.56,850.59,-37.02982954545455,-5.089930335655478,4.328551912568306,12.567950169875425,-18.16714422158548,-4.560357675111773,-0.4,-0.1
2020-12-31,69.94,20.52,56.57,84.45,17.31,6.67,113.89,39.99,41.22,41.36,12506.93,10108.71,3756.07,30606.48,864.64,-44.91218130311615,1.9709158415841583,25.482438701126576,12.830402722631874,-26.683768656716413,-6.378531073446328,-0.1,0.0
2021-01-04,69.88,20.83,55.73,84.71,17.45,6.83,113.48,39.57,41.5,40.75,12230.03,9938.66,3700.65,30223.89,843.0,-22.86,-8.436655948553055,-1.5159972770592243,8.947427925381572,-19.00880626223092,-15.182584269662922,-0.2,0.0
2021-01-05,71.75,22.38,57.32,87.0,19.21,7.45,121.35,41.84,43.5,42.09,12359.23,9997.64,3726.86,30391.6,842.21,-22.798991354466857,-10.419937694704052,-0.9972583961617546,9.290106204583566,-18.605882352941176,-11.759071117561685,0.0,0.0
2021-01-06,71.22,23.41,58.6,89.8,20.0,7.5,126.36,43.51,44.61,42.95,12706.32,10182.87,3748.14,30829.4,857.58,-22.217579250720462,-13.794427244582046,-5.2784552845528445,9.849972113775797,-19.895693779904303,-15.9056338028169,-0.45,0.1
2021-01-07,71.86,23.91,59.67,90.22,20.57,7.69,131.99,44.7,44.96,44.17,12811.39,10223.99,3803.79,31041.13,844.03,-22.204767063921995,-16.046483909415972,-5.072655217965654,10.400336889387985,-21.050332383665715,-16.393732970027248,0.0,0.0
2021-01-08,70.71,24.4,57.71,91.08,20.08,7.55,131.24,44.7,45.46,43.18,12875.66,10260.92,3824.68,31097.97,851.28,-21.252936857562407,-19.70431893687708,-10.991940483570986,11.275782155272307,-23.255121042830538,-21.79345088161209,-0.4,-0.2
2021-01-11,72.27,24.38,58.64,91.6,20.08,7.64,131.42,45.36,46.84,43.59,12869.55,10228.73,3799.61,31008.69,843.31,-22.34616781692699,-16.784653465346533,-7.7871352785145875,9.823963657013062,-22.683653846153845,-22.844086021505376,-0.6,0.0
2021-01-12,73.74,25.01,59.51,93.34,22.62,8.39,135.12,47.42,47.88,45.58,13051.78,10272.4,3801.19,31068.69,839.33,-22.221902017291065,-15.640394088669948,-5.94918699186992,9.570386988222095,-20.740058195926284,-14.101428571428572,-0.2,0.1
2021-01-13,71.77,24.78,57.7,93.25,22.33,8.04,130.93,47.03,48.42,44.32,12971.81,10281.37,3809.84,31060.47,855.74,-21.98488120950324,-15.624,-7.014666666666668,8.93652561247216,-20.184971098265894,-8.040287769784173,0.0,-0.1
2021-01-14,74.14,25.47,60.27,95.49,24.24,8.67,132.38,47.87,50.31,45.52,13113.11,10290.21,3795.54,30991.52,851.26,-22.64820143884892,-18.33629893238434,-9.018433179723502,9.372824256035935,-20.544339622641512,-9.560393258426966,-0.2,-0.1
2021-01-15,71.74,24.26,58.3,92.09,22.39,8.25,127.38,45.12,47.89,43.98,12946.28,10236.57,3768.25,30814.26,861.09,-24.247080291970807,-21.88925619834711,-13.052825552825553,10.742142025611177,-22.353874883286647,-17.462986198243414,0.18,-0.3
2021-01-19,74.78,24.65,60.54,94.51,23.07,8.57,132.04,46.0,48.84,46.09,12900.15,10243.54,3798.91,30930.52,857.45,-22.52307137707282,-18.847230675593426,-8.204651162790698,8.949551569506726,-21.447162426614486,-12.32905982905983,0.0,0.0
2021-01-20,75.39,24.81,60.57,95.38,23.02,8.62,132.13,45.36,49.53,46.17,13126.0,10354.18,3851.85,31188.38,864.72,-22.081022686352178,-18.95644283121597,-10.83,9.388268156424582,-21.815206929740132,-13.711048158640224,0.25,-0.1
2021-01-21,73.16,24.02,58.86,92.01,21.54,8.25,130.0,43.19,48.11,45.39,12899.06,10292.29,3853.07,31176.01,857.9,-21.55483405483405,-18.741592920353984,-9.83005249343832,9.343082114735658,-21.34188034188034,-13.115117891816919,0.0,-0.1
2021-01-22,72.55,23.87,59.45,91.73,21.49,8.15,131.16,42.69,47.43,45.75,12856.54,10248.19,3841.47,30996.98,857.94,-20.17931793179318,-19.83527454242929,-11.145872129112352,9.865473441108543,-22.263011152416357,-15.218390804597702,0.1,0.0
2021-01-25,72.08,23.07,59.41,90.9,21.51,7.82,129.33,42.58,46.9,46.23,12849.82,10263.35,3855.36,30960.0,872.17,-22.44496912459136,-22.03063725490196,-13.110602094240837,9.702671972711768,-24.565510597302502,-23.108,0.0,0.0
2021-01-26,71.31,23.03,58.15,89.36,20.38,7.47,123.64,41.68,45.87,45.16,12643.27,10202.13,3849.62,30937.04,864.41,-24.041007194244603,-21.664421310471525,-13.244575936883631,10.177627880831928,-23.85963213939981,-20.430379746835442,-0.2,0.0
2021-01-27,71.2,22.73,58.73,88.2,20.58,7.54,117.63,40.65,45.35,43.94,12277.04,9966.52,3750.77,30303.17,844.37,-22.330694494422456,-18.964827167980594,-10.59036939313984,9.559037493005038,-21.80228136882129,-19.354166666666668,0.0,0.0
2021-01-28,71.45,22.86,58.33,89.02,20.95,7.56,122.6,41.11,46.06,44.77,12404.96,10067.4,3787.38,30603.36,853.22,-22.39121037463977,-19.13435474366529,-11.282794990112064,9.631253513209668,-21.252362948960304,-20.093622795115333,0.02,0.0
2021-01-29,67.8,22.22,56.43,85.2,20.06,7.24,120.9,40.03,44.84,43.16,12087.99,9877.01,3714.24,29982.62,852.4,-19.840733944954128,-17.662409772348695,-10.912989434431324,9.281268011527377,-21.318949343339586,-17.27225806451613,-0.5,-0.05
2021-02-01,67.38,22.21,56.24,86.41,20.39,7.34,120.26,40.71,44.92,43.45,12250.0,9963.34,3773.86,30211.91,856.58,-23.55357142857143,-20.689483509645303,-12.948837209302326,10.294284097340123,-25.52895752895753,-27.367021276595747,0.0,-0.23
2021-02-02,68.66,20.75,57.77,87.06,20.73,7.38,119.58,40.97,45.63,45.15,12522.98,10125.83,3826.31,30687.48,863.32,-23.81441441441441,-18.797780517879158,-11.054376657824934,10.007286995515695,-23.68405797101449,-18.076071922544948,-0.22,-0.3
2021-02-03,71.29,21.27,60.1,88.96,22.02,7.8,126.64,43.21,47.42,47.3,12527.57,10128.83,3830.17,30723.6,860.3,-20.719165767709452,-11.765,-3.5304465493910686,7.887402452619844,-19.50574712643678,-11.248939179632249,-0.15,-0.18
2021-02-04,71.93,20.99,61.06,89.0,22.3,7.81,126.6,44.01,48.33,47.33,12707.72,10244.48,3871.74,31055.86,867.61,-22.123110151187905,-17.076281287246722,-7.057961359093938,8.962837837837839,-20.851886792452827,-16.262723521320492,0.0,0.0
2021-02-05,72.04,20.81,61.72,89.26,22.56,7.94,128.24,44.42,49.95,47.65,12788.51,10287.5,3886.83,31148.24,872.25,-20.453211009174307,-17.975582685904552,-9.716791979949877,9.538818076477405,-21.93626991565136,-17.83312101910828,0.0,0.0
2021-02-08,75.79,22.03,64.79,91.48,25.45,8.98,133.05,46.78,52.1,49.48,12874.92,10340.99,3915.59,31385.76,865.41,-22.321207711895234,-19.49352251696484,-10.993403693931398,8.79683078664403,-21.73904576436222,-20.646657571623464,0.0,0.0
2021-02-09,74.53,21.73,64.59,90.96,24.65,8.89,129.04,46.88,50.63,48.87,12959.9,10358.05,3911.23,31375.83,866.03,-22.75962576466355,-18.14119804400978,-8.380984042553191,9.40625,-21.195736434108532,-18.01123595505618,-0.27,0.0
2021-02-10,76.72,21.58,65.11,92.52,25.6,9.09,132.35,47.25,51.12,49.81,12954.53,10377.77,3909.88,31437.8,871.21,-23.01041666666667,-16.65236051502146,-5.521534320323014,9.2908787541713,-20.160765550239233,-16.73006993006993,0.2,-0.1
2021-02-11,77.24,21.37,64.55,92.02,24.98,8.75,129.87,46.44,49.84,49.76,12953.73,10365.44,3916.38,31430.7,864.79,-25.98058252427185,-20.24735605170388,-8.794786096256685,11.177200902934537,-22.326723323890466,-28.57477243172952,0.0,0.0
2021-02-12,77.23,21.91,64.74,92.55,25.39,8.97,132.29,47.16,50.52,50.46,13175.09,10404.83,3934.83,31458.4,857.1,-24.434719183078045,-18.575471698113212,-7.198352344740178,11.363160952934338,-21.097947761194032,-27.621489621489626,-0.1,0.0
2021-02-16,79.39,23.18,66.96,93.13,26.46,9.55,136.16,48.85,52.04,51.46,13180.74,10408.78,3932.59,31522.75,851.2,-40.641557496360996,-30.67329716696805,-16.833785617367703,15.855747126436784,-32.69990503323837,-26.40835579514825,-0.2,0.0
2021-02-17,80.64,23.58,68.12,95.92,26.73,9.58,136.2,49.36,52.85,51.89,13098.94,10412.33,3931.33,31613.02,853.06,-32.084721216509784,-21.387311178247735,-6.487821380243572,12.13502824858757,-27.661668228678536,-22.5149863760218,-0.1,0.0
2021-02-18,80.05,22.46,67.83,95.0,25.28,9.12,133.01,47.69,52.02,51.22,13049.7,10386.65,3913.97,31493.34,857.98,-34.42309084328628,-28.33450497949619,-16.619615639496356,14.823529411764708,-30.85951940850277,-32.70012706480305,-0.25,0.0
2021-02-19,82.31,22.87,71.53,95.8,25.42,9.45,133.94,48.42,52.37,53.0,13274.21,10415.12,3906.71,31494.32,846.51,-26.703296703296704,-20.935180055401663,-12.503418272218768,12.225712623618385,-25.787372330547814,-26.59975369458128,0.0,0.0
2021-02-22,83.96,23.63,74.25,98.39,26.47,10.2,139.47,50.88,54.3,54.85,13381.42,10416.13,3876.5,31521.69,830.38,-19.6896174863388,-14.583489681050654,-8.355704697986576,8.119503945885006,-18.301960784313728,-17.634278002699055,0.0,0.0
2021-02-23,85.53,24.23,75.81,99.63,26.06,11.16,145.24,52.1,55.05,55.77,13403.11,10432.98,3881.37,31537.35,835.85,-19.32418772563177,-8.923649906890132,-3.151351351351351,6.976640711902113,-14.679207920792079,2.2655538694992408,-0.27,-0.5
2021-02-24,87.25,25.3,78.16,103.31,28.16,11.84,150.06,54.67,56.7,56.65,13630.55,10547.4,3925.43,31961.86,825.65,-18.92349332370985,-6.4427050720100185,-2.6263812154696136,6.734818941504178,-12.945525291828794,7.21969696969697,-0.1,-0.5
2021-02-25,84.64,25.59,78.15,102.35,26.75,11.3,149.05,53.03,55.76,55.07,13372.26,10363.89,3829.34,31402.01,814.39,-19.029220779220783,-8.706634205721242,-3.693143245078072,7.026578073089701,-13.38953488372093,-2.2231884057971016,0.0,0.07
